{
	"format_version": "1.12.0",
	"minecraft:geometry": [
		{
			"description": {
				"identifier": "geometry.NightFuryModel",
				"texture_width": 256,
				"texture_height": 192,
				"visible_bounds_width": 19,
				"visible_bounds_height": 5,
				"visible_bounds_offset": [0, 1.5, 0]
			},
			"bones": [
				{
					"name": "root",
					"pivot": [0, 0, 0]
				},
				{
					"name": "rotation",
					"parent": "root",
					"pivot": [0, 25, 0]
				},
				{
					"name": "Chest",
					"parent": "rotation",
					"pivot": [0, 24.5, 0],
					"rotation": [6, 0, 0],
					"cubes": [
						{"origin": [-7, 10.60207, -6.48827], "size": [14, 14, 15], "uv": [0, 0]},
						{"origin": [-6, 15.60207, 8.51173], "size": [12, 9, 17], "pivot": [0, 24.60207, 8.51173], "rotation": [-15, 0, 0], "uv": [58, 0]},
						{"origin": [-5.5, 12.10207, 4.51173], "size": [11, 9, 4], "pivot": [5.5, 12.10207, 8.51173], "rotation": [-85, 0, 0], "uv": [44, 0]},
						{"origin": [-0.5, 24.30207, -1.38827], "size": [1, 2, 2], "inflate": -0.1, "pivot": [0.5, 24.30207, -1.38827], "rotation": [-60, 0, 0], "uv": [0, 9]},
						{"origin": [-0.5, 24.60207, 1.51173], "size": [1, 2, 2], "inflate": -0.1, "pivot": [0.5, 24.60207, 1.51173], "rotation": [-60, 0, 0], "uv": [0, 9]},
						{"origin": [-0.5, 23.35207, 4.51173], "size": [1, 4, 3], "pivot": [0.5, 24.35207, 4.51173], "rotation": [-60, 0, 0], "uv": [0, 0]}
					]
				},
				{
					"name": "leftWingBase",
					"parent": "Chest",
					"pivot": [7, 24.60481, -1.54054],
					"rotation": [-10, 0, 0]
				},
				{
					"name": "leftWingArmM",
					"parent": "leftWingBase",
					"pivot": [6, 23.60481, -2.29054],
					"cubes": [
						{"origin": [6.1, 23.35906, -4.53197], "size": [16, 0, 34], "uv": [-33, 58], "mirror": true}
					]
				},
				{
					"name": "leftWingArm",
					"parent": "leftWingArmM",
					"pivot": [6, 23.40871, -2.53197],
					"rotation": [0, -15, 0],
					"cubes": [
						{"origin": [5.99549, 22.1581, -4.54882], "size": [17, 3, 4], "inflate": 0.1, "uv": [57, 168], "mirror": true}
					]
				},
				{
					"name": "leftWingFArmM",
					"parent": "leftWingArmM",
					"pivot": [22, 23.40871, -4.53197],
					"cubes": [
						{"origin": [21.9, 23.40931, -4.53197], "size": [22, 0, 47], "uv": [-13, 54], "mirror": true},
						{"origin": [0.75, 22.90871, -4.53197], "size": [43, 1, 1], "pivot": [43.75, 23.40871, -4.03197], "rotation": [0, 67.5, 0], "uv": [0, 175], "mirror": true}
					]
				},
				{
					"name": "leftWFHalf",
					"parent": "leftWingFArmM",
					"pivot": [43.9, 23.40871, -5.38197],
					"rotation": [0, -180, 0],
					"cubes": [
						{"origin": [-6.1, 22.90871, -6.38197], "size": [49, 1, 1], "pivot": [42.9, 22.90871, -5.38197], "rotation": [0, -90, 0], "uv": [0, 177], "mirror": true},
						{"origin": [34.9, 23.40871, -53.38197], "size": [8, 0, 46], "uv": [190, 71], "mirror": true}
					]
				},
				{
					"name": "leftWFa",
					"parent": "leftWFHalf",
					"pivot": [42.9, 23.48371, -5.38197],
					"cubes": [
						{"origin": [-11.1, 22.98371, -6.38197], "size": [54, 1, 1], "pivot": [42.9, 22.98371, -5.38197], "rotation": [0, -67.5, 0], "uv": [0, 187], "mirror": true},
						{"origin": [14.9, 23.48371, -54.38197], "size": [28, 0, 47], "uv": [32, 75], "mirror": true}
					]
				},
				{
					"name": "leftWFb",
					"parent": "leftWFa",
					"pivot": [42.9, 23.55871, -5.38197],
					"cubes": [
						{"origin": [-21.1, 23.05871, -6.38197], "size": [64, 1, 1], "pivot": [42.9, 23.05871, -5.38197], "rotation": [0, -45, 0], "uv": [0, 185], "mirror": true},
						{"origin": [-7.1, 23.55871, -50.38197], "size": [49, 0, 43], "uv": [94, 71], "mirror": true}
					]
				},
				{
					"name": "leftWFc",
					"parent": "leftWFb",
					"pivot": [42.9, 23.65871, -5.38197],
					"cubes": [
						{"origin": [-32.1, 23.15871, -6.38197], "size": [75, 1, 1], "pivot": [42.9, 23.15871, -5.38197], "rotation": [0, -22.5, 0], "uv": [0, 183], "mirror": true},
						{"origin": [-26.1, 23.65871, -41.38197], "size": [67, 0, 36], "uv": [68, 142], "mirror": true}
					]
				},
				{
					"name": "leftWFd",
					"parent": "leftWFc",
					"pivot": [42.9, 23.73371, -5.38197],
					"cubes": [
						{"origin": [-32.6, 22.73371, -7.38197], "size": [76, 2, 2], "uv": [0, 179], "mirror": true},
						{"origin": [-32.1, 23.73371, -23.38197], "size": [69, 0, 18], "uv": [82, 123], "mirror": true}
					]
				},
				{
					"name": "fightWFdTip2",
					"parent": "leftWFd",
					"pivot": [-32.1, 23.73371, -6.38197],
					"cubes": [
						{"origin": [-49.35, 23.23371, -6.88197], "size": [18, 1, 1], "pivot": [-31.85, 23.23371, -6.38197], "rotation": [0, -5, 0], "uv": [157, 179], "mirror": true},
						{"origin": [-48, 23.73371, -18.38197], "size": [16, 0, 13], "uv": [27, 102], "mirror": true}
					]
				},
				{
					"name": "righWingFarm2",
					"parent": "leftWingFArmM",
					"pivot": [44, 23.40871, -4.03197],
					"cubes": [
						{"origin": [20.00459, 22.1581, -5.5488], "size": [25, 3, 3], "pivot": [44, 23.40871, -4.53197], "rotation": [0, 15.25, 0], "uv": [0, 169], "mirror": true}
					]
				},
				{
					"name": "rightWingBase",
					"parent": "Chest",
					"pivot": [-7, 24.60481, -1.54054],
					"rotation": [-10, 0, 0]
				},
				{
					"name": "rightWingArmM",
					"parent": "rightWingBase",
					"pivot": [-6, 23.60481, -2.29054],
					"cubes": [
						{"origin": [-22.1, 23.30906, -4.53197], "size": [16, 0, 34], "uv": [-33, 58]}
					]
				},
				{
					"name": "rightWingArm",
					"parent": "rightWingArmM",
					"pivot": [-6, 23.40871, -2.53197],
					"rotation": [0, 15, 0],
					"cubes": [
						{"origin": [-22.99549, 22.1581, -4.54882], "size": [17, 3, 4], "inflate": 0.1, "uv": [57, 168]}
					]
				},
				{
					"name": "rightWingFArmM",
					"parent": "rightWingArmM",
					"pivot": [-22, 23.40871, -4.53197],
					"cubes": [
						{"origin": [-43.9, 23.40931, -4.53197], "size": [22, 0, 47], "uv": [-13, 54]},
						{"origin": [-43.75, 22.90871, -4.53197], "size": [43, 1, 1], "pivot": [-43.75, 23.40871, -4.03197], "rotation": [0, -67.5, 0], "uv": [0, 175]}
					]
				},
				{
					"name": "rightWFHalf",
					"parent": "rightWingFArmM",
					"pivot": [-43.9, 23.40871, -5.38197],
					"rotation": [0, 180, 0],
					"cubes": [
						{"origin": [-42.9, 22.90871, -6.38197], "size": [49, 1, 1], "pivot": [-42.9, 22.90871, -5.38197], "rotation": [0, 90, 0], "uv": [0, 177]},
						{"origin": [-42.9, 23.40871, -53.38197], "size": [8, 0, 46], "uv": [190, 71]}
					]
				},
				{
					"name": "rightWFa",
					"parent": "rightWFHalf",
					"pivot": [-42.9, 23.48371, -5.38197],
					"cubes": [
						{"origin": [-42.9, 22.98371, -6.38197], "size": [54, 1, 1], "pivot": [-42.9, 22.98371, -5.38197], "rotation": [0, 67.5, 0], "uv": [0, 187]},
						{"origin": [-42.9, 23.48371, -54.38197], "size": [28, 0, 47], "uv": [32, 75]}
					]
				},
				{
					"name": "rightWFb",
					"parent": "rightWFa",
					"pivot": [-42.9, 23.55871, -5.38197],
					"cubes": [
						{"origin": [-42.9, 23.05871, -6.38197], "size": [64, 1, 1], "pivot": [-42.9, 23.05871, -5.38197], "rotation": [0, 45, 0], "uv": [0, 185]},
						{"origin": [-41.9, 23.55871, -50.38197], "size": [49, 0, 43], "uv": [94, 71]}
					]
				},
				{
					"name": "rightWFc",
					"parent": "rightWFb",
					"pivot": [-42.9, 23.65871, -5.38197],
					"cubes": [
						{"origin": [-42.9, 23.15871, -6.38197], "size": [75, 1, 1], "pivot": [-42.9, 23.15871, -5.38197], "rotation": [0, 22.5, 0], "uv": [0, 183]},
						{"origin": [-40.9, 23.65871, -41.38197], "size": [67, 0, 36], "uv": [68, 142]}
					]
				},
				{
					"name": "rightWFd",
					"parent": "rightWFc",
					"pivot": [-42.9, 23.73371, -5.38197],
					"cubes": [
						{"origin": [-43.4, 22.73371, -7.38197], "size": [76, 2, 2], "uv": [0, 179]},
						{"origin": [-36.9, 23.73371, -23.38197], "size": [69, 0, 18], "uv": [82, 123]}
					]
				},
				{
					"name": "fightWFdTip3",
					"parent": "rightWFd",
					"pivot": [32.1, 23.73371, -6.38197],
					"cubes": [
						{"origin": [31.35, 23.23371, -6.88197], "size": [18, 1, 1], "pivot": [31.85, 23.23371, -6.38197], "rotation": [0, 5, 0], "uv": [157, 179]},
						{"origin": [32, 23.73371, -18.38197], "size": [16, 0, 13], "uv": [27, 102]}
					]
				},
				{
					"name": "righWingFarm3",
					"parent": "rightWingFArmM",
					"pivot": [-44, 23.40871, -4.03197],
					"cubes": [
						{"origin": [-45.00459, 22.1581, -5.5488], "size": [25, 3, 3], "pivot": [-44, 23.40871, -4.53197], "rotation": [0, -15.25, 0], "uv": [0, 169]}
					]
				},
				{
					"name": "TailBase",
					"parent": "Chest",
					"pivot": [0, 16.00207, 23.91173],
					"rotation": [-15, 0, 0]
				},
				{
					"name": "Tail1rot",
					"parent": "TailBase",
					"pivot": [0, 16.25207, 21.81173]
				},
				{
					"name": "Tail1",
					"parent": "Tail1rot",
					"pivot": [0, 16.25207, 21.81173],
					"rotation": [-5, 0, 0],
					"cubes": [
						{"origin": [-0.5, 19.50207, 24.51173], "size": [1, 4, 3], "pivot": [0.5, 19.50207, 24.51173], "rotation": [-60, 0, 0], "uv": [0, 0]},
						{"origin": [-0.5, 19.50207, 30.76173], "size": [1, 2, 2], "pivot": [0.5, 19.50207, 30.76173], "rotation": [-60, 0, 0], "uv": [0, 9]},
						{"origin": [-0.5, 18.50207, 35.01173], "size": [1, 2, 2], "pivot": [0.5, 19.50207, 35.01173], "rotation": [-60, 0, 0], "uv": [0, 9]},
						{"origin": [-4, 15.50207, 23.71173], "size": [8, 18, 7], "pivot": [4, 19.50207, 23.71173], "rotation": [-90, 0, 0], "uv": [161, 0]}
					]
				},
				{
					"name": "leftHipWingA",
					"parent": "Tail1",
					"pivot": [3.5, 18.00207, 21.21173],
					"rotation": [-5, 0, 10],
					"cubes": [
						{"origin": [3, 17.50207, 20.71173], "size": [25, 1, 1], "pivot": [3.5, 17.50207, 21.21173], "rotation": [0, -75, 0], "uv": [133, 56]},
						{"origin": [7, 18.00207, 21.21173], "size": [25, 0, 8], "pivot": [3.5, 18.00207, 21.21173], "rotation": [0, -75, 0], "uv": [73, 48]}
					]
				},
				{
					"name": "leftHipWingB",
					"parent": "leftHipWingA",
					"pivot": [3.4827, 17.90899, 21.17954],
					"cubes": [
						{"origin": [2.9827, 17.40899, 20.67954], "size": [26, 1, 1], "pivot": [3.4827, 17.40899, 21.17954], "rotation": [0, -52.5, 0], "uv": [133, 58]},
						{"origin": [5.9827, 17.90899, 21.42954], "size": [23, 0, 9], "pivot": [3.4827, 17.40899, 21.17954], "rotation": [0, -52.5, 0], "uv": [74, 56]}
					]
				},
				{
					"name": "leftHipWingC",
					"parent": "leftHipWingB",
					"pivot": [3.4654, 17.81591, 21.14735],
					"cubes": [
						{"origin": [2.9654, 17.31591, 20.64735], "size": [29, 1, 1], "pivot": [3.4654, 17.31591, 21.14735], "rotation": [0, -30, 0], "uv": [132, 60]},
						{"origin": [4.9654, 17.81591, 21.64735], "size": [27, 0, 9], "pivot": [3.4654, 17.31591, 21.14735], "rotation": [0, -30, 0], "uv": [70, 65]}
					]
				},
				{
					"name": "rightHipWingA",
					"parent": "Tail1",
					"pivot": [-3.5, 18.00207, 21.21173],
					"rotation": [-5, 0, -10],
					"cubes": [
						{"origin": [-28, 17.50207, 20.71173], "size": [25, 1, 1], "pivot": [-3.5, 17.50207, 21.21173], "rotation": [0, 75, 0], "uv": [133, 56], "mirror": true},
						{"origin": [-32, 18.00207, 21.21173], "size": [25, 0, 8], "pivot": [-3.5, 18.00207, 21.21173], "rotation": [0, 75, 0], "uv": [73, 48], "mirror": true}
					]
				},
				{
					"name": "rightHipWingB",
					"parent": "rightHipWingA",
					"pivot": [-3.4827, 17.90899, 21.17954],
					"cubes": [
						{"origin": [-28.9827, 17.40899, 20.67954], "size": [26, 1, 1], "pivot": [-3.4827, 17.40899, 21.17954], "rotation": [0, 52.5, 0], "uv": [133, 58], "mirror": true},
						{"origin": [-28.9827, 17.90899, 21.42954], "size": [23, 0, 9], "pivot": [-3.4827, 17.40899, 21.17954], "rotation": [0, 52.5, 0], "uv": [74, 56], "mirror": true}
					]
				},
				{
					"name": "rightHipWingC",
					"parent": "rightHipWingB",
					"pivot": [-3.4654, 17.81591, 21.14735],
					"cubes": [
						{"origin": [-31.9654, 17.31591, 20.64735], "size": [29, 1, 1], "pivot": [-3.4654, 17.31591, 21.14735], "rotation": [0, 30, 0], "uv": [132, 60], "mirror": true},
						{"origin": [-31.9654, 17.81591, 21.64735], "size": [27, 0, 9], "pivot": [-3.4654, 17.31591, 21.14735], "rotation": [0, 30, 0], "uv": [70, 65], "mirror": true}
					]
				},
				{
					"name": "Tail2",
					"parent": "Tail1",
					"pivot": [0, 16.25207, 36.71173],
					"rotation": [-5, 0, 0],
					"cubes": [
						{"origin": [-3, 17.95207, 37.71173], "size": [6, 15, 6], "pivot": [3, 18.95207, 37.71173], "rotation": [-90, 0, 0], "uv": [191, 0]},
						{"origin": [0, 18.65207, 37.51173], "size": [0, 1, 11], "pivot": [0, 18.65207, 37.51173], "rotation": [-2.5, 0, 0], "uv": [143, 16]}
					]
				},
				{
					"name": "Tail3rot",
					"parent": "Tail2",
					"pivot": [0, 15.90207, 50.21173]
				},
				{
					"name": "Tail3",
					"parent": "Tail3rot",
					"pivot": [0, 15.90207, 50.21173],
					"rotation": [2.5, 0, 0],
					"cubes": [
						{"origin": [-2.5, 15.40207, 51.71173], "size": [5, 18, 5], "pivot": [2.5, 18.40207, 51.71173], "rotation": [-90, 0, 0], "uv": [215, 0]},
						{"origin": [2.5, 15.90207, 48.71173], "size": [2, 0, 18], "pivot": [2.5, 15.90207, 48.71173], "rotation": [0, -1.5, 5], "uv": [154, 29]},
						{"origin": [-4.5, 15.90207, 48.71173], "size": [2, 0, 18], "pivot": [-2.5, 15.90207, 48.71173], "rotation": [0, 1.5, -5], "uv": [154, 29], "mirror": true}
					]
				},
				{
					"name": "Tail4rot",
					"parent": "Tail3",
					"pivot": [0, 15.85207, 65.71173]
				},
				{
					"name": "Tail4",
					"parent": "Tail4rot",
					"pivot": [0, 15.85207, 65.71173],
					"rotation": [5, 0, 0],
					"cubes": [
						{"origin": [-2, 15.90207, 66.71173], "size": [4, 17, 4], "pivot": [2, 17.90207, 66.71173], "rotation": [-90, 0, 0], "uv": [235, 0]},
						{"origin": [1, 15.85207, 63.71173], "size": [2, 0, 16], "pivot": [2, 15.85207, 80.71173], "rotation": [0, -3, 5], "uv": [161, 29]},
						{"origin": [-3, 15.85207, 63.71173], "size": [2, 0, 16], "pivot": [-2, 15.85207, 80.71173], "rotation": [0, 3, -5], "uv": [161, 29], "mirror": true}
					]
				},
				{
					"name": "Tail5rot",
					"parent": "Tail4",
					"pivot": [0, 15.90207, 80.71173]
				},
				{
					"name": "Tail5",
					"parent": "Tail5rot",
					"pivot": [0, 15.90207, 80.71173],
					"rotation": [7.5, 0, 0],
					"cubes": [
						{"origin": [-1.5, 15.40207, 81.71173], "size": [3, 17, 3], "pivot": [1.5, 17.40207, 81.71173], "rotation": [-90, 0, 0], "uv": [244, 21]}
					]
				},
				{
					"name": "Tail6",
					"parent": "Tail5",
					"pivot": [0, 15.90207, 96.71173],
					"rotation": [5, 0, 0],
					"cubes": [
						{"origin": [-1, 15.90207, 96.71173], "size": [2, 16, 2], "pivot": [0, 16.90207, 96.71173], "rotation": [-90, 0, 0], "uv": [236, 21]}
					]
				},
				{
					"name": "leftTailWing",
					"parent": "Tail5",
					"pivot": [1.5, 15.66317, 79.96212],
					"rotation": [2.5, 0, -20],
					"cubes": [
						{"origin": [0, 15.66317, 80.96212], "size": [19, 0, 40], "uv": [2, 127]},
						{"origin": [1, 15.16317, 79.96212], "size": [10, 1, 1], "pivot": [1.5, 15.66317, 80.46212], "rotation": [0, -25, 0], "uv": [157, 190]},
						{"origin": [1, 15.16317, 97.96212], "size": [16, 1, 1], "pivot": [1.5, 15.66317, 97.46212], "rotation": [0, -75, 0], "uv": [157, 182]},
						{"origin": [0, 15.16317, 92.96212], "size": [34, 1, 1], "pivot": [1.5, 15.66317, 93.46212], "rotation": [0, -60, 0], "uv": [157, 184]},
						{"origin": [0.9, 15.16317, 87.96212], "size": [30, 1, 1], "pivot": [1.5, 15.66317, 88.46212], "rotation": [0, -50, 0], "uv": [157, 186]},
						{"origin": [1, 15.16317, 83.96212], "size": [20, 1, 1], "pivot": [1.5, 15.66317, 84.46212], "rotation": [0, -37.5, 0], "uv": [157, 188]}
					]
				},
				{
					"name": "rightTailWing",
					"parent": "Tail5",
					"pivot": [-1.5, 15.66317, 79.96212],
					"rotation": [2.5, 0, 20],
					"cubes": [
						{"origin": [-19, 15.66317, 80.96212], "size": [19, 0, 40], "uv": [157, 30], "mirror": true},
						{"origin": [-11, 15.16317, 79.96212], "size": [10, 1, 1], "pivot": [-1.5, 15.66317, 80.46212], "rotation": [0, 25, 0], "uv": [192, 21], "mirror": true},
						{"origin": [-17, 15.16317, 97.96212], "size": [16, 1, 1], "pivot": [-1.5, 15.66317, 97.46212], "rotation": [0, 75, 0], "uv": [140, 25], "mirror": true},
						{"origin": [-34, 15.16317, 92.96212], "size": [34, 1, 1], "pivot": [-1.5, 15.66317, 93.46212], "rotation": [0, 60, 0], "uv": [166, 27], "mirror": true},
						{"origin": [-30.9, 15.16317, 87.96212], "size": [30, 1, 1], "pivot": [-1.5, 15.66317, 88.46212], "rotation": [0, 50, 0], "uv": [174, 25], "mirror": true},
						{"origin": [-21, 15.16317, 83.96212], "size": [20, 1, 1], "pivot": [-1.5, 15.66317, 84.46212], "rotation": [0, 37.5, 0], "uv": [192, 23], "mirror": true}
					]
				},
				{
					"name": "leftArm",
					"parent": "Chest",
					"pivot": [7.5, 13.85207, -2.48827],
					"rotation": [20, 12.5, -2.5],
					"cubes": [
						{"origin": [4.5, 6.85207, -4.48827], "size": [4, 9, 4], "uv": [156, 29]}
					]
				},
				{
					"name": "leftFArm",
					"parent": "leftArm",
					"pivot": [9, 6.85207, -2.48827],
					"rotation": [-50, 0, 0],
					"cubes": [
						{"origin": [4, -0.14793, -5.38827], "size": [5, 9, 5], "uv": [141, 38]},
						{"origin": [9, 1.35207, -0.48827], "size": [0, 7, 2], "pivot": [9, 8.35207, -0.48827], "rotation": [-10, 30, 0], "uv": [161, 43]}
					]
				},
				{
					"name": "leftFrontFeet",
					"parent": "leftFArm",
					"pivot": [6.5, -0.14793, -3.38827],
					"rotation": [25, 0, 0],
					"cubes": [
						{"origin": [4, -1.65922, -5.59573], "size": [5, 3, 5], "inflate": -0.2, "uv": [121, 39]},
						{"origin": [6, 0.06271, -8.38468], "size": [1, 1, 3], "pivot": [7, 1.06271, -5.38468], "rotation": [30, 0, 0], "uv": [118, 40]},
						{"origin": [7.84915, 0.06696, -7.64697], "size": [1, 1, 3], "pivot": [8.25, 1.06271, -4.63468], "rotation": [30, -20, 0], "uv": [118, 40]},
						{"origin": [4.15, 0.06271, -7.88468], "size": [1, 1, 3], "pivot": [4.65, 1.06271, -4.88468], "rotation": [30, 20, 0], "uv": [118, 40]},
						{"origin": [4, 0.06271, -5.58468], "size": [1, 1, 3], "pivot": [4.5, 1.06271, -2.58468], "rotation": [30, 55, 0], "uv": [104, 39]}
					]
				},
				{
					"name": "rightArm",
					"parent": "Chest",
					"pivot": [-7.5, 13.85207, -2.48827],
					"rotation": [20, -12.5, 2.5],
					"cubes": [
						{"origin": [-8.5, 6.85207, -4.48827], "size": [4, 9, 4], "uv": [156, 29], "mirror": true}
					]
				},
				{
					"name": "rightFArm",
					"parent": "rightArm",
					"pivot": [-9, 6.85207, -2.48827],
					"rotation": [-50, 0, 0],
					"cubes": [
						{"origin": [-9, -0.14793, -5.38827], "size": [5, 9, 5], "uv": [141, 38], "mirror": true},
						{"origin": [-9, 1.35207, -0.48827], "size": [0, 7, 2], "pivot": [-9, 8.35207, -0.48827], "rotation": [-10, -30, 0], "uv": [161, 43], "mirror": true}
					]
				},
				{
					"name": "rightFrontFeet",
					"parent": "rightFArm",
					"pivot": [-6.5, -0.14793, -3.38827],
					"rotation": [25, 0, 0],
					"cubes": [
						{"origin": [-9, -1.65922, -5.59573], "size": [5, 3, 5], "inflate": -0.2, "uv": [121, 39], "mirror": true},
						{"origin": [-7, 0.06271, -8.38468], "size": [1, 1, 3], "pivot": [-7, 1.06271, -5.38468], "rotation": [30, 0, 0], "uv": [118, 40], "mirror": true},
						{"origin": [-8.84915, 0.06696, -7.64697], "size": [1, 1, 3], "pivot": [-8.25, 1.06271, -4.63468], "rotation": [30, 20, 0], "uv": [118, 40], "mirror": true},
						{"origin": [-5.15, 0.06271, -7.88468], "size": [1, 1, 3], "pivot": [-4.65, 1.06271, -4.88468], "rotation": [30, -20, 0], "uv": [118, 40], "mirror": true},
						{"origin": [-5, 0.06271, -5.58468], "size": [1, 1, 3], "pivot": [-4.5, 1.06271, -2.58468], "rotation": [30, -55, 0], "uv": [104, 39], "mirror": true}
					]
				},
				{
					"name": "leftThigh",
					"parent": "Chest",
					"pivot": [6, 15.60207, 19.51173],
					"rotation": [-25, -10, 0],
					"cubes": [
						{"origin": [4, 7.60207, 17.51173], "size": [4, 10, 4], "uv": [0, 43]}
					]
				},
				{
					"name": "leftShin",
					"parent": "leftThigh",
					"pivot": [8, 7.60207, 17.51173],
					"rotation": [61, 0, 0],
					"cubes": [
						{"origin": [4, 0.60207, 17.51173], "size": [4, 7, 4], "inflate": -0.01, "uv": [16, 43]}
					]
				},
				{
					"name": "leftLeg",
					"parent": "leftShin",
					"pivot": [8.5, 0.60207, 21.51173],
					"rotation": [-47.5, 0, 0],
					"cubes": [
						{"origin": [3.5, -6.39793, 16.51173], "size": [5, 7, 5], "uv": [33, 41]}
					]
				},
				{
					"name": "leftBackPaw",
					"parent": "leftLeg",
					"pivot": [8.5, -6.89793, 18.76173],
					"rotation": [5, 0, 0],
					"cubes": [
						{"origin": [3.5, -8.06457, 16.45269], "size": [5, 3, 5], "inflate": -0.2, "uv": [53, 45]},
						{"origin": [5.5, -6.47742, 13.60649], "size": [1, 1, 3], "pivot": [6, -5.47742, 16.60649], "rotation": [30, 0, 0], "uv": [118, 40]},
						{"origin": [3.7, -6.47742, 13.85649], "size": [1, 1, 3], "pivot": [4.2, -5.47742, 16.85649], "rotation": [30, 25, 0], "uv": [118, 40]},
						{"origin": [4.2, -6.47742, 17.10649], "size": [1, 1, 3], "pivot": [4.7, -5.47742, 20.10649], "rotation": [30, 65, 0], "uv": [104, 39]},
						{"origin": [7.25, -6.47742, 14.35649], "size": [1, 1, 3], "pivot": [7.75, -5.47742, 17.35649], "rotation": [30, -25, 0], "uv": [118, 40]}
					]
				},
				{
					"name": "rightThigh",
					"parent": "Chest",
					"pivot": [-6, 15.60207, 19.51173],
					"rotation": [-25, 10, 0],
					"cubes": [
						{"origin": [-8, 7.60207, 17.51173], "size": [4, 10, 4], "uv": [0, 43], "mirror": true}
					]
				},
				{
					"name": "rightShin",
					"parent": "rightThigh",
					"pivot": [-8, 7.60207, 17.51173],
					"rotation": [61, 0, 0],
					"cubes": [
						{"origin": [-8, 0.60207, 17.51173], "size": [4, 7, 4], "inflate": -0.01, "uv": [16, 43], "mirror": true}
					]
				},
				{
					"name": "rightLeg",
					"parent": "rightShin",
					"pivot": [-8.5, 0.60207, 21.51173],
					"rotation": [-47.5, 0, 0],
					"cubes": [
						{"origin": [-8.5, -6.39793, 16.51173], "size": [5, 7, 5], "uv": [33, 41], "mirror": true}
					]
				},
				{
					"name": "rightBackPaw",
					"parent": "rightLeg",
					"pivot": [-8.5, -6.89793, 18.76173],
					"rotation": [5, 0, 0],
					"cubes": [
						{"origin": [-8.5, -8.06457, 16.45269], "size": [5, 3, 5], "inflate": -0.2, "uv": [53, 45], "mirror": true},
						{"origin": [-6.5, -6.47742, 13.60649], "size": [1, 1, 3], "pivot": [-6, -5.47742, 16.60649], "rotation": [30, 0, 0], "uv": [118, 40], "mirror": true},
						{"origin": [-4.7, -6.47742, 13.85649], "size": [1, 1, 3], "pivot": [-4.2, -5.47742, 16.85649], "rotation": [30, -25, 0], "uv": [118, 40], "mirror": true},
						{"origin": [-5.2, -6.47742, 17.10649], "size": [1, 1, 3], "pivot": [-4.7, -5.47742, 20.10649], "rotation": [30, -65, 0], "uv": [104, 39], "mirror": true},
						{"origin": [-8.25, -6.47742, 14.35649], "size": [1, 1, 3], "pivot": [-7.75, -5.47742, 17.35649], "rotation": [30, 25, 0], "uv": [118, 40], "mirror": true}
					]
				},
				{
					"name": "spikesBack",
					"parent": "Chest",
					"pivot": [0.5, 24.60207, 8.51173],
					"rotation": [-15, 0, 0],
					"cubes": [
						{"origin": [-0.5, 23.60207, 9.26173], "size": [1, 4, 3], "pivot": [0.5, 24.60207, 9.26173], "rotation": [-52.5, 0, 0], "uv": [0, 0]},
						{"origin": [-0.5, 24.50207, 14.26173], "size": [1, 4, 3], "pivot": [0.5, 24.50207, 14.26173], "rotation": [-52.5, 0, 0], "uv": [0, 0]},
						{"origin": [-0.5, 24.60207, 20.51173], "size": [1, 4, 3], "pivot": [0.5, 24.60207, 20.51173], "rotation": [-60, 0, 0], "uv": [0, 0]}
					]
				},
				{
					"name": "Saddle",
					"parent": "Chest",
					"pivot": [0, 24.70906, -1.98904],
					"cubes": [
						{"origin": [-4, 21.45906, -7.98904], "size": [8, 4, 16], "pivot": [0, 24.70906, -1.98904], "rotation": [2.5, 0, 0], "uv": [0, 101]},
						{"origin": [-2, 22.43623, -8.45618], "size": [4, 4, 2], "pivot": [0, 24.70906, -1.98904], "rotation": [2.5, 0, 0], "uv": [2, 108]}
					]
				},
				{
					"name": "Bags",
					"parent": "Saddle",
					"pivot": [0, 24.70906, -1.98904],
					"cubes": [
						{"origin": [3, 21.70906, 3.26096], "size": [3, 4, 5], "pivot": [4, 24.70906, 7.01096], "rotation": [0, 0, -70], "uv": [0, 98]},
						{"origin": [-6, 21.70906, 3.26096], "size": [3, 4, 5], "pivot": [-4, 24.70906, 7.01096], "rotation": [0, 0, 70], "uv": [0, 98], "mirror": true}
					]
				},
				{
					"name": "Neck1rot",
					"parent": "Chest",
					"pivot": [0, 19, -4.5]
				},
				{
					"name": "NeckBase",
					"parent": "Neck1rot",
					"pivot": [0, 19.10207, -4.48827],
					"rotation": [-10, 0, 0],
					"cubes": [
						{"origin": [-5, 13.60207, -9.48827], "size": [10, 10, 7], "uv": [99, 0]}
					]
				},
				{
					"name": "Neck2rot",
					"parent": "NeckBase",
					"pivot": [0, 19.10207, -8.48827]
				},
				{
					"name": "Neck",
					"parent": "Neck2rot",
					"pivot": [0, 19.10207, -8.48827],
					"rotation": [7.5, 0, 0],
					"cubes": [
						{"origin": [-4, 25.03542, -14.69839], "size": [8, 11, 6], "pivot": [4, 25.03542, -14.69839], "rotation": [-122.5, 0, 0], "uv": [133, 0]},
						{"origin": [-3.5, 22.03739, -14.70159], "size": [7, 3, 10], "pivot": [3.5, 25.01809, -14.71126], "rotation": [-17.5, 0, 0], "uv": [106, 17]}
					]
				},
				{
					"name": "Headrot",
					"parent": "Neck",
					"pivot": [0, 22.60207, -15.23827]
				},
				{
					"name": "head",
					"parent": "Headrot",
					"pivot": [0, 22.60207, -15.23827],
					"rotation": [10, 0, 0],
					"cubes": [
						{"origin": [-5, 20.10207, -22.98827], "size": [10, 5, 9], "uv": [0, 29]},
						{"origin": [0, 24.45207, -22.98827], "size": [0, 1, 9], "pivot": [0, 25.45207, -22.98827], "rotation": [2.5, 0, 0], "uv": [90, 27]},
						{"origin": [-6.75, 19.05207, -27.48827], "size": [7, 1, 7], "pivot": [0, 19.95207, -27.23827], "rotation": [14.00194, 44.13603, 9.85108], "uv": [83, 39]}
					]
				},
				{
					"name": "leftHorn3",
					"parent": "head",
					"pivot": [5.025, 20.60207, -14.98827],
					"rotation": [-28, 23, 0],
					"cubes": [
						{"origin": [4.04487, 19.55622, -15.07452], "size": [1, 1, 2], "uv": [78, 29]}
					]
				},
				{
					"name": "rightHorn3",
					"parent": "head",
					"pivot": [-5.025, 20.60207, -14.98827],
					"rotation": [-28, -23, 0],
					"cubes": [
						{"origin": [-5.04487, 19.55622, -15.07452], "size": [1, 1, 2], "uv": [78, 29], "mirror": true}
					]
				},
				{
					"name": "leftHorn2",
					"parent": "head",
					"pivot": [5, 22.85207, -14.48827],
					"rotation": [-8, 29, 0],
					"cubes": [
						{"origin": [4, 20.85207, -14.48827], "size": [1, 2, 3], "uv": [82, 37]}
					]
				},
				{
					"name": "rightHorn2",
					"parent": "head",
					"pivot": [-5, 22.85207, -14.48827],
					"rotation": [-8, -29, 0],
					"cubes": [
						{"origin": [-5, 20.85207, -14.48827], "size": [1, 2, 3], "uv": [82, 37], "mirror": true}
					]
				},
				{
					"name": "leftHorn1",
					"parent": "head",
					"pivot": [1, 25.10207, -14.48827],
					"rotation": [11, 5, 0],
					"cubes": [
						{"origin": [0.5, 24.10207, -14.48827], "size": [1, 1, 3], "uv": [81, 33]}
					]
				},
				{
					"name": "rightHorn1",
					"parent": "head",
					"pivot": [-1, 25.10207, -14.48827],
					"rotation": [11, -5, 0],
					"cubes": [
						{"origin": [-1.5, 24.10207, -14.48827], "size": [1, 1, 3], "uv": [81, 33], "mirror": true}
					]
				},
				{
					"name": "HeadMuzzle",
					"parent": "head",
					"pivot": [0, 20.07707, -23.51327],
					"cubes": [
						{"origin": [-1.5, 20.07707, -26.51327], "size": [3, 5, 4], "uv": [58, 36]}
					]
				},
				{
					"name": "Nose1",
					"parent": "HeadMuzzle",
					"pivot": [0.5, 20.07707, -27.51327],
					"cubes": [
						{"origin": [-1.5, 19.65207, -28.56327], "size": [3, 2, 3], "pivot": [0.5, 21.65207, -28.56327], "rotation": [7.5, 0, 0], "uv": [33, 30]}
					]
				},
				{
					"name": "Nose2",
					"parent": "HeadMuzzle",
					"pivot": [0.5, 23.07707, -28.51327],
					"cubes": [
						{"origin": [-1.5, 21.07707, -26.51327], "size": [3, 4, 2], "inflate": -0.01, "pivot": [0.5, 25.07707, -26.51327], "rotation": [-31.25, 0, 0], "uv": [72, 36]}
					]
				},
				{
					"name": "leftEyeC",
					"parent": "head",
					"pivot": [5, 20.07707, -22.98827],
					"rotation": [0, 45, 0],
					"cubes": [
						{"origin": [2, 20.05207, -27.98827], "size": [3, 5, 5], "uv": [41, 31]}
					]
				},
				{
					"name": "leftEye",
					"parent": "leftEyeC",
					"pivot": [4.75, 22.82707, -26.23827],
					"cubes": [
						{"origin": [3.75, 21.37707, -28.23827], "size": [2, 3, 4], "inflate": -0.45, "uv": [84, 26]}
					]
				},
				{
					"name": "rightEyeC",
					"parent": "head",
					"pivot": [-5, 20.07707, -22.98827],
					"rotation": [0, -45, 0],
					"cubes": [
						{"origin": [-5, 20.05207, -27.98827], "size": [3, 5, 5], "uv": [41, 31], "mirror": true}
					]
				},
				{
					"name": "rightEye",
					"parent": "rightEyeC",
					"pivot": [-4.75, 22.82707, -26.23827],
					"cubes": [
						{"origin": [-5.75, 21.37707, -28.23827], "size": [2, 3, 4], "inflate": -0.45, "uv": [84, 26], "mirror": true}
					]
				},
				{
					"name": "Jaw",
					"parent": "head",
					"pivot": [0, 20.10207, -17.98827],
					"cubes": [
						{"origin": [-2.05, 19.10207, -22.98827], "size": [7, 1, 7], "pivot": [4.95, 19.10207, -22.98827], "rotation": [0, -45, 0], "uv": [130, 17]},
						{"origin": [-0.18604, 19.75207, -27.69538], "size": [7, 1, 7], "pivot": [-0.05, 20.80207, -27.48827], "rotation": [-7.05323, -44.78238, 4.98107], "uv": [128, 30]},
						{"origin": [-5, 19.10207, -22.98827], "size": [10, 1, 8], "inflate": -0.01, "uv": [100, 30]},
						{"origin": [-5, 20.10207, -21.98827], "size": [10, 4, 6], "inflate": -0.01, "uv": [52, 26]}
					]
				},
				{
					"name": "leftEar",
					"parent": "head",
					"pivot": [3.55, 25.10207, -14.98827],
					"rotation": [12, 11, 0],
					"cubes": [
						{"origin": [2.05, 23.15207, -14.98827], "size": [3, 2, 6], "uv": [90, 27]}
					]
				},
				{
					"name": "rightEar",
					"parent": "head",
					"pivot": [-3.55, 25.10207, -14.98827],
					"rotation": [12, -11, 0],
					"cubes": [
						{"origin": [-5.05, 23.15207, -14.98827], "size": [3, 2, 6], "uv": [90, 27], "mirror": true}
					]
				}
			]
		}
	]
}