{
	"format_version": "1.8.0",
	"animations": {
		"animation.unknown.new": {
			"loop": true,
			"bones": {
				"TailBase": {
					"rotation": [-7.5, 0, 0]
				},
				"Tail1": {
					"rotation": [-17.45708, 7.4713, 0.6574]
				},
				"Tail2": {
					"rotation": [-19.76758, 2.15393, 12.31594]
				},
				"Tail3": {
					"rotation": [0, 0, 15]
				},
				"Tail4": {
					"rotation": [12.47864, 0.32621, -7.49294]
				},
				"Tail5": {
					"rotation": [24.87739, 1.93597, -7.24721]
				},
				"Tail6": {
					"rotation": [37.01816, 4.75113, -11.57518]
				},
				"Neck1": {
					"rotation": [10, -5, 0],
					"position": [0, 0, 0.5]
				},
				"Neck2": {
					"rotation": [-7.56274, -4.76804, 1.50701]
				},
				"Neck3": {
					"rotation": [-7.54624, -4.88119, 1.08482]
				},
				"head": {
					"rotation": [9.56869, -6.40865, 7.69263],
					"position": [1, 0, 0]
				},
				"Jaw": {
					"rotation": [-1, 0, 0]
				},
				"leftThigh": {
					"rotation": [21.35878, -0.56587, -7.60091],
					"position": [0, 1.3, 0]
				},
				"leftShin": {
					"rotation": [15, 0, 0]
				},
				"leftFeet": {
					"rotation": [10, 0, 0]
				},
				"leftFeet1": {
					"rotation": [-12.5, 0, 0]
				},
				"leftPaw": {
					"rotation": [7.5, 0, 0]
				},
				"Claw": {
					"rotation": [17.5, 0, 0]
				},
				"Claw3": {
					"rotation": [15, 0, 0]
				},
				"Claw2": {
					"rotation": [17.5, 0, 0]
				},
				"rightThigh": {
					"rotation": [15, 0, 0],
					"position": [0, 1.8, 0]
				},
				"rightShin": {
					"rotation": [5, 0, 0]
				},
				"rightFeet": {
					"rotation": [40, 0, 0],
					"position": [0, 0.6, -1.3]
				},
				"rightFeet3": {
					"rotation": [2.5, 0, 0]
				},
				"rightPaw": {
					"rotation": [15.5, 0, 0],
					"position": [0, 0, -0.8]
				},
				"Claw5": {
					"rotation": [32.5, 0, 0]
				},
				"Claw7": {
					"rotation": [25, 0, 0]
				},
				"Claw8": {
					"rotation": [27.5, 0, 0]
				},
				"leftWingArm": {
					"rotation": [-5, 0, -10]
				},
				"left1Finger": {
					"rotation": [-15, 0, 0]
				},
				"left2Finger": {
					"rotation": [0, -5, 0]
				},
				"left4Finger": {
					"rotation": [0, -7.5, 0]
				},
				"rightWingArm": {
					"rotation": [-7.5, 0, 12.5]
				},
				"right1Finger": {
					"rotation": [-15, 0, 0]
				},
				"rightShine": {
					"scale": [1, 1, 1.16]
				},
				"rightPupil": {
					"scale": [1, 0.45, 0.4]
				},
				"leftPupil": {
					"scale": [1, 0.4, 0.4]
				},
				"leftShine": {
					"scale": [1, 1.2, 1]
				},
				"rightBlinkTop": {
					"scale": [1, 0.2, 1]
				},
				"leftBlinkTop": {
					"scale": [1, 0.2, 1]
				},
				"leftBlinkBottom": {
					"scale": [1, 0.2, 1]
				},
				"rightBlinkBottom": {
					"scale": [1, 0.2, 1]
				}
			}
		},
		"nadder.tailrot0": {
			"loop": true,
			"bones": {
				"Tail1Rot": {
					"rotation": [0, 0, 0]
				},
				"Tail2Rot": {
					"rotation": [0, 0, 0]
				},
				"Tail3Rot": {
					"rotation": [0, 0, 0]
				},
				"Tail4Rot": {
					"rotation": [0, 0, 0]
				},
				"Tail5Rot": {
					"rotation": [0, 0, 0]
				},
				"Tail6Rot": {
					"rotation": [0, 0, 0]
				},
				"Neck2Rot": {
					"rotation": [0, 0, 0]
				},
				"Neck1Rot": {
					"rotation": [0, 0, 0]
				},
				"rotation": {
					"rotation": [0, 0, 0]
				}
			}
		},
		"nadder.tailrotleft1": {
			"loop": true,
			"bones": {
				"Tail1Rot": {
					"rotation": [0, 5, 0]
				},
				"Tail2Rot": {
					"rotation": [0, 0, 5]
				},
				"Tail3Rot": {
					"rotation": [0, 0, 10]
				},
				"Tail4Rot": {
					"rotation": [0, 0, 12.5]
				},
				"Tail5Rot": {
					"rotation": [0, 0, 15]
				},
				"Tail6Rot": {
					"rotation": [0, 0, 10]
				},
				"Neck1Rot": {
					"rotation": [0, -5, 0]
				},
				"Neck2Rot": {
					"rotation": [0, -7.5, 0]
				}
			}
		},
		"nadder.tailrotleft1f": {
			"loop": true,
			"bones": {
				"Tail1Rot": {
					"rotation": [0, 5, -5]
				},
				"Tail2Rot": {
					"rotation": [0, 5, 5]
				},
				"Tail3Rot": {
					"rotation": [0, 0, 10]
				},
				"Tail4Rot": {
					"rotation": [0, 0, 12.5]
				},
				"Tail5Rot": {
					"rotation": [0, 0, 15]
				},
				"Tail6Rot": {
					"rotation": [0, 0, 10]
				},
				"Neck1Rot": {
					"rotation": [0, -5, -2.5]
				},
				"Neck2Rot": {
					"rotation": [0, -7.5, -2.5]
				},
				"rotation": {
					"rotation": [0, 0, 7.5]
				}
			}
		},
		"nadder.tailrotleft2": {
			"loop": true,
			"bones": {
				"Tail1Rot": {
					"rotation": [0, 15, 0]
				},
				"Tail2Rot": {
					"rotation": [0, 0, 15]
				},
				"Tail3Rot": {
					"rotation": [0, 0, 15]
				},
				"Tail4Rot": {
					"rotation": [0, 0, 25]
				},
				"Tail5Rot": {
					"rotation": [0, 0, 25]
				},
				"Tail6Rot": {
					"rotation": [0, 0, 12.5]
				},
				"Neck1Rot": {
					"rotation": [0, -10, 0]
				},
				"Neck2Rot": {
					"rotation": [0, -15, 0]
				},
				"rotation": {
					"rotation": [0, 0, 0]
				}
			}
		},
		"nadder.tailrotleft2f": {
			"loop": true,
			"bones": {
				"Tail1Rot": {
					"rotation": [0, 15, -5]
				},
				"Tail2Rot": {
					"rotation": [0, 5, 15]
				},
				"Tail3Rot": {
					"rotation": [0, 5, 15]
				},
				"Tail4Rot": {
					"rotation": [0, 0, 25]
				},
				"Tail5Rot": {
					"rotation": [0, 0, 25]
				},
				"Tail6Rot": {
					"rotation": [0, 0, 12.5]
				},
				"Neck1Rot": {
					"rotation": [0, -10, -7.5]
				},
				"Neck2Rot": {
					"rotation": [0, -15, -10]
				},
				"rotation": {
					"rotation": [0, 0, 15]
				}
			}
		},
		"nadder.tailrotright1": {
			"loop": true,
			"bones": {
				"Tail1Rot": {
					"rotation": [0, -5, 0]
				},
				"Tail2Rot": {
					"rotation": [0, 0, -5]
				},
				"Tail3Rot": {
					"rotation": [0, 0, -10]
				},
				"Tail4Rot": {
					"rotation": [0, 0, -12.5]
				},
				"Tail5Rot": {
					"rotation": [0, 0, -15]
				},
				"Tail6Rot": {
					"rotation": [0, 0, -10]
				},
				"Neck1Rot": {
					"rotation": [0, 5, 0]
				},
				"Neck2Rot": {
					"rotation": [0, 7.5, 0]
				}
			}
		},
		"nadder.tailrotright1f": {
			"loop": true,
			"bones": {
				"Tail1Rot": {
					"rotation": [0, -5, 5]
				},
				"Tail2Rot": {
					"rotation": [0, -5, -5]
				},
				"Tail3Rot": {
					"rotation": [0, 0, -10]
				},
				"Tail4Rot": {
					"rotation": [0, 0, -12.5]
				},
				"Tail5Rot": {
					"rotation": [0, 0, -15]
				},
				"Tail6Rot": {
					"rotation": [0, 0, -10]
				},
				"Neck1Rot": {
					"rotation": [0, 5, 2.5]
				},
				"Neck2Rot": {
					"rotation": [0, 7.5, 2.5]
				},
				"rotation": {
					"rotation": [0, 0, -7.5]
				}
			}
		},
		"nadder.tailrotright2": {
			"loop": true,
			"bones": {
				"Tail1Rot": {
					"rotation": [0, -15, 0]
				},
				"Tail2Rot": {
					"rotation": [0, 0, -15]
				},
				"Tail3Rot": {
					"rotation": [0, 0, -15]
				},
				"Tail4Rot": {
					"rotation": [0, 0, -25]
				},
				"Tail5Rot": {
					"rotation": [0, 0, -25]
				},
				"Tail6Rot": {
					"rotation": [0, 0, -12.5]
				},
				"Neck1Rot": {
					"rotation": [0, 10, 0]
				},
				"Neck2Rot": {
					"rotation": [0, 15, 0]
				}
			}
		},
		"nadder.tailrotright2f": {
			"loop": true,
			"bones": {
				"Tail1Rot": {
					"rotation": [0, -15, 5]
				},
				"Tail2Rot": {
					"rotation": [0, -5, -15]
				},
				"Tail3Rot": {
					"rotation": [0, -5, -15]
				},
				"Tail4Rot": {
					"rotation": [0, 0, -25]
				},
				"Tail5Rot": {
					"rotation": [0, 0, -25]
				},
				"Tail6Rot": {
					"rotation": [0, 0, -12.5]
				},
				"Neck1Rot": {
					"rotation": [0, 10, 7.5]
				},
				"Neck2Rot": {
					"rotation": [0, 15, 10]
				},
				"rotation": {
					"rotation": [0, 0, -15]
				}
			}
		},
		"nadder.glide": {
			"loop": true,
			"animation_length": 3.6,
			"bones": {
				"Tail2": {
					"rotation": [-5, 0, 0]
				},
				"Tail3": {
					"rotation": ["2.5+math.sin(query.anim_time *200 - 80) * -2", 0, "math.sin(query.anim_time *100 - 80) * -3"]
				},
				"Tail4": {
					"rotation": ["5+math.sin(query.anim_time *200 - 120) * -4", 0, 0]
				},
				"Tail5": {
					"rotation": ["5+math.sin(query.anim_time *200 - 160) * -5", 0, "math.sin(query.anim_time *100 - 120) * -6"]
				},
				"Tail6": {
					"rotation": [12.5, 0, "math.sin(query.anim_time *100 - 160) * -6"]
				},
				"leftThigh": {
					"rotation": ["50+math.sin(query.anim_time *200) * 1 ", 10, 5]
				},
				"leftShin": {
					"rotation": ["math.sin(query.anim_time *200+100) * 1 ", 0, 0]
				},
				"Claw": {
					"rotation": [60, 0, 0]
				},
				"Claw4": {
					"rotation": [60, 0, 0]
				},
				"Claw3": {
					"rotation": [60, 0, 0]
				},
				"Claw2": {
					"rotation": [60, 0, 0]
				},
				"rightThigh": {
					"rotation": ["50+math.sin(query.anim_time *200) * 1 ", -10, -5]
				},
				"rightShin": {
					"rotation": ["math.sin(query.anim_time *200+50) * 1 ", 0, 0]
				},
				"Claw5": {
					"rotation": [62.5, 0, 0]
				},
				"Claw6": {
					"rotation": [60, 0, 0]
				},
				"Claw7": {
					"rotation": [60, 0, 0]
				},
				"Claw8": {
					"rotation": [60, 0, 0]
				},
				"Chest": {
					"rotation": ["-math.sin(query.anim_time *200) * 1.5  ", 0, "math.sin(query.anim_time *100) * 2"]
				},
				"Tail1": {
					"rotation": ["-10+math.sin(query.anim_time *200 - 40) * -1", "math.sin(query.anim_time *100 - 40) * -2", 0]
				},
				"leftWingArm": {
					"rotation": ["-15+math.sin(query.anim_time * 400 - 100) * 2", 0, "-6+math.sin(query.anim_time * 200+50)*-1"]
				},
				"rightWingArm": {
					"rotation": ["-15+math.sin(query.anim_time * 400 - 100) * 2", 0, "6+math.sin(query.anim_time * 200+50)*-1"]
				},
				"Jaw": {
					"rotation": ["2.5-math.sin(query.anim_time *100) * 1", 0, 0]
				},
				"leftFeet": {
					"rotation": [12.5, 0, 0]
				},
				"rightFeet": {
					"rotation": [12.5, 0, 0]
				},
				"Neck1": {
					"rotation": ["math.sin(query.anim_time *200 - 50) * 1.5", 0, 0]
				},
				"Neck2": {
					"rotation": [0, 0, "math.sin(query.anim_time *100 + 30) * -2"]
				},
				"left1Finger": {
					"rotation": ["-10+math.sin(query.anim_time * 400) * 2", 0, 0]
				},
				"right1Finger": {
					"rotation": ["-10+math.sin(query.anim_time * 400) * 2", 0, 0]
				},
				"leftPupil": {
					"scale": [1, 0.42, 0.5]
				},
				"leftShine": {
					"scale": [1, 1.3, 1]
				},
				"rightPupil": {
					"scale": [1, 0.46, 0.43]
				},
				"rightShine": {
					"scale": [1, 1.07, 1]
				},
				"rightBlinkTop": {
					"scale": {
						"0.0": [1, 0.1, 1],
						"0.3333": [1, 0.1, 1],
						"0.5": [1, 0.7, 1],
						"0.6667": [1, 0.1, 1]
					}
				},
				"leftBlinkTop": {
					"scale": {
						"0.0": [1, 0.1, 1],
						"0.3333": [1, 0.1, 1],
						"0.5": [1, 0.7, 1],
						"0.6667": [1, 0.1, 1]
					}
				},
				"leftBlinkBottom": {
					"scale": {
						"0.0": [1, 0.2, 1],
						"0.3333": [1, 0.2, 1],
						"0.5": [1, 0.5, 1],
						"0.6667": [1, 0.2, 1]
					}
				},
				"rightBlinkBottom": {
					"scale": {
						"0.0": [1, 0.2, 1],
						"0.3333": [1, 0.2, 1],
						"0.5": [1, 0.5, 1],
						"0.6667": [1, 0.2, 1]
					}
				}
			}
		},
		"nadder.dive": {
			"loop": true,
			"animation_length": 3.6,
			"bones": {
				"Tail2": {
					"rotation": [-10, 0, 0]
				},
				"Tail3": {
					"rotation": ["5+math.sin(query.anim_time *400 - 50) * 4", 0, "math.sin(query.anim_time *800 - 25) * 2"]
				},
				"Tail4": {
					"rotation": [15, 0, 0]
				},
				"Tail5": {
					"rotation": ["12.5+math.sin(query.anim_time *400 - 100) * 6", 0, "math.sin(query.anim_time *800 - 50) * 4"]
				},
				"Tail6": {
					"rotation": [15, 0, 0]
				},
				"leftThigh": {
					"rotation": ["50+math.sin(query.anim_time *400) * 2 ", 10, 5]
				},
				"leftShin": {
					"rotation": ["12.5+math.sin(query.anim_time *200+100) * 1 ", 0, 0]
				},
				"Claw": {
					"rotation": [60, 0, 0]
				},
				"Claw4": {
					"rotation": [60, 0, 0]
				},
				"Claw3": {
					"rotation": [60, 0, 0]
				},
				"Claw2": {
					"rotation": [60, 0, 0]
				},
				"rightThigh": {
					"rotation": ["50+math.sin(query.anim_time *400+100) * 2 ", -10, -5]
				},
				"rightShin": {
					"rotation": ["12.5+math.sin(query.anim_time *200+50) * 1 ", 0, 0]
				},
				"Claw5": {
					"rotation": [62.5, 0, 0]
				},
				"Claw6": {
					"rotation": [60, 0, 0]
				},
				"Claw7": {
					"rotation": [60, 0, 0]
				},
				"Claw8": {
					"rotation": [60, 0, 0]
				},
				"Chest": {
					"rotation": ["-math.sin(query.anim_time *200) * 1   ", 0, "math.sin(query.anim_time *400) * 1"]
				},
				"Tail1": {
					"rotation": ["-10+math.sin(query.anim_time *400 - 25) * 2", 0, 0]
				},
				"leftWingArm": {
					"rotation": ["-5+math.sin(query.anim_time * 400)*-2", -35, "math.sin(query.anim_time * 600 +50)*-1"]
				},
				"leftWingFArm": {
					"rotation": ["math.sin(query.anim_time * 400+100)*1", 30, 0]
				},
				"Neck1": {
					"rotation": [10, 0, 0]
				},
				"left1Finger": {
					"rotation": [-12.5, -17.5, 5]
				},
				"left3Finger": {
					"rotation": [0, -40, 0]
				},
				"Neck2": {
					"rotation": [10, 0, "math.sin(query.anim_time *600)"]
				},
				"head": {
					"rotation": [-22.5, 0, 0]
				},
				"left4Finger": {
					"rotation": [0, -7.5, 0]
				},
				"leftPupil": {
					"scale": [1, 0.42, 0.49]
				},
				"leftShine": {
					"scale": [1, 1, 0.84]
				},
				"rightWingArm": {
					"rotation": ["-5+math.sin(query.anim_time * 400)*-2", 35, "math.sin(query.anim_time * 600+50)*-1"]
				},
				"rightWingFArm": {
					"rotation": ["math.sin(query.anim_time * 400+100)*1", -30, 0]
				},
				"right1Finger": {
					"rotation": [-12.5, 17.5, -5]
				},
				"right3Finger": {
					"rotation": [0, 40, 0]
				},
				"right4Finger": {
					"rotation": [0, 7.5, 0]
				},
				"rightPupil": {
					"scale": [1, 0.46, 0.43]
				},
				"rightShine": {
					"scale": [1, 1.05, 1.02]
				},
				"rightBlinkTop": {
					"scale": {
						"0.0": [1, 0.1, 1],
						"0.2083": [1, 0.1, 1],
						"0.375": [1, 0.7, 1],
						"0.5417": [1, 0.1, 1]
					}
				},
				"leftBlinkTop": {
					"scale": {
						"0.0": [1, 0.1, 1],
						"0.2083": [1, 0.1, 1],
						"0.375": [1, 0.7, 1],
						"0.5417": [1, 0.1, 1]
					}
				},
				"leftBlinkBottom": {
					"scale": {
						"0.0": [1, 0.4, 1],
						"0.2083": [1, 0.4, 1],
						"0.375": [1, 0.5, 1],
						"0.5417": [1, 0.4, 1]
					}
				},
				"rightBlinkBottom": {
					"scale": {
						"0.0": [1, 0.4, 1],
						"0.2083": [1, 0.4, 1],
						"0.375": [1, 0.5, 1],
						"0.5417": [1, 0.4, 1]
					}
				}
			}
		},
		"nadder.flap": {
			"loop": true,
			"animation_length": 2.375,
			"bones": {
				"Tail2": {
					"rotation": ["math.cos(query.anim_time * 300 - 50) * 6", 0, "math.cos(query.anim_time * 150 - 50) * 4"]
				},
				"Tail4": {
					"rotation": ["math.cos(query.anim_time * 300 - 75) * 8", 0, 0]
				},
				"Tail5": {
					"rotation": ["math.cos(query.anim_time * 300 - 100) * 12", 0, "math.cos(query.anim_time * 150 - 100) * 6"]
				},
				"Tail6": {
					"rotation": ["math.cos(query.anim_time * 300 - 150) * 12", 0, "math.cos(query.anim_time * 150 - 100) * 6"]
				},
				"leftThigh": {
					"rotation": ["20.4249-math.sin(query.anim_time *300+100) * 8 ", 6.69296, -9.63908]
				},
				"leftShin": {
					"rotation": ["12.5+math.sin(query.anim_time *300+100) * 8 ", 0, 0]
				},
				"Claw": {
					"rotation": [60, 0, 0]
				},
				"Claw4": {
					"rotation": [60, 0, 0]
				},
				"Claw3": {
					"rotation": [60, 0, 0]
				},
				"Claw2": {
					"rotation": [60, 0, 0]
				},
				"rightThigh": {
					"rotation": ["20.2954-math.sin(query.anim_time *300+100) * 8 ", -7.23492, 7.19509]
				},
				"rightShin": {
					"rotation": ["12.5+math.sin(query.anim_time *300+100) * 8 ", 0, 0]
				},
				"Claw5": {
					"rotation": [62.5, 0, 0]
				},
				"Claw6": {
					"rotation": [60, 0, 0]
				},
				"Claw7": {
					"rotation": [60, 0, 0]
				},
				"Claw8": {
					"rotation": [60, 0, 0]
				},
				"Chest": {
					"rotation": ["2.5+math.cos(query.anim_time * 300) * 5", 0, "math.sin(query.anim_time *300) * 1"],
					"position": [0, "-math.sin(query.anim_time *300 ) * 3  ", 0]
				},
				"Tail1": {
					"rotation": ["-15+math.cos(query.anim_time * 300 - 25) * 2", "math.cos(query.anim_time * 150) * 2", 0]
				},
				"leftWingArm": {
					"rotation": ["-3+math.sin(query.anim_time *300 - 50) * 10", 0, "math.sin(query.anim_time *300 + 20) * -55  "]
				},
				"Neck1": {
					"rotation": ["-math.sin(query.anim_time *300+100) * 8 ", 0, 0]
				},
				"head": {
					"rotation": [0, 0, 0]
				},
				"left1Finger": {
					"rotation": ["-15+math.sin(query.anim_time *300 -50) * 30  ", 0, 0]
				},
				"left2Finger": {
					"rotation": [0, 0, 0]
				},
				"left3Finger": {
					"rotation": [0, "-20+math.sin(query.anim_time *300 -50) * 20  ", 0]
				},
				"leftPupil": {
					"scale": [1, 0.42, 0.52]
				},
				"leftShine": {
					"scale": [1, 1, 0.74]
				},
				"rightWingArm": {
					"rotation": ["-3+math.sin(query.anim_time *300 - 50) * 10", 0, "math.sin(query.anim_time *300 + 20) * 55  "]
				},
				"right1Finger": {
					"rotation": ["-15+math.sin(query.anim_time *300 -50) * 30  ", 0, 0]
				},
				"right3Finger": {
					"rotation": [0, "20+math.sin(query.anim_time *300 -50) * -20  ", 0]
				},
				"rightPupil": {
					"scale": [1, 0.43, 0.43]
				},
				"rightBlinkTop": {
					"scale": {
						"0.0": [1, 0.1, 1],
						"0.25": [1, 0.1, 1],
						"0.4167": [1, 0.7, 1],
						"0.5833": [1, 0.1, 1]
					}
				},
				"leftBlinkTop": {
					"scale": {
						"0.0": [1, 0.1, 1],
						"0.25": [1, 0.1, 1],
						"0.4167": [1, 0.7, 1],
						"0.5833": [1, 0.1, 1]
					}
				},
				"leftBlinkBottom": {
					"scale": {
						"0.0": [1, 0.3, 1],
						"0.25": [1, 0.3, 1],
						"0.4167": [1, 0.5, 1],
						"0.5833": [1, 0.3, 1]
					}
				},
				"rightBlinkBottom": {
					"scale": {
						"0.0": [1, 0.3, 1],
						"0.25": [1, 0.3, 1],
						"0.4167": [1, 0.5, 1],
						"0.5833": [1, 0.3, 1]
					}
				}
			}
		},
		"nadder.hover": {
			"loop": true,
			"animation_length": 4.7917,
			"bones": {
				"Tail2": {
					"rotation": ["-35+math.cos(query.anim_time * 300 - 50) * 6", 0, "math.cos(query.anim_time * 150 - 50) * 4"]
				},
				"Tail4": {
					"rotation": ["math.cos(query.anim_time * 300 - 75) * 8", 0, 0]
				},
				"Tail5": {
					"rotation": ["20+math.cos(query.anim_time * 300 - 100) * 12", 0, "math.cos(query.anim_time * 150 - 100) * 6"]
				},
				"Tail6": {
					"rotation": ["30+math.cos(query.anim_time * 300 - 150) * 12", 0, "math.cos(query.anim_time * 150 - 100) * 6"]
				},
				"leftThigh": {
					"rotation": ["5.2029-math.sin(query.anim_time *300+100) * 8 ", 6.50084, -1.63783]
				},
				"leftShin": {
					"rotation": ["12.5+math.sin(query.anim_time *300+100) * 8 ", 0, 0]
				},
				"Claw": {
					"rotation": [60, 0, 0]
				},
				"Claw4": {
					"rotation": [60, 0, 0]
				},
				"Claw3": {
					"rotation": [60, 0, 0]
				},
				"Claw2": {
					"rotation": [60, 0, 0]
				},
				"rightThigh": {
					"rotation": ["10.3125-math.sin(query.anim_time *300+100) * 8 ", -6.12898, 4.22741]
				},
				"rightShin": {
					"rotation": ["12.5+math.sin(query.anim_time *300+100) * 8 ", 0, 0]
				},
				"Claw5": {
					"rotation": [62.5, 0, 0]
				},
				"Claw6": {
					"rotation": [60, 0, 0]
				},
				"Claw7": {
					"rotation": [60, 0, 0]
				},
				"Claw8": {
					"rotation": [60, 0, 0]
				},
				"Chest": {
					"rotation": ["-10+math.cos(query.anim_time * 300) * 5", 0, "math.sin(query.anim_time *300) * 1"],
					"position": [0, "-math.sin(query.anim_time *300 ) * 3  ", 0]
				},
				"Tail1": {
					"rotation": ["-20+math.cos(query.anim_time * 300 - 25) * 2", "math.cos(query.anim_time * 150) * 2", 0]
				},
				"leftWingArm": {
					"rotation": ["5+math.sin(query.anim_time *300 - 50) * 10", 0, "math.sin(query.anim_time *300 + 20) * -55  "]
				},
				"Neck1": {
					"rotation": ["15-math.sin(query.anim_time *300+100) * 8 ", 0, 0]
				},
				"head": {
					"rotation": ["math.sin(query.anim_time *300+100) * 4 ", 0, 0]
				},
				"left1Finger": {
					"rotation": ["-15+math.sin(query.anim_time *300 -50) * 30  ", 0, 0]
				},
				"left2Finger": {
					"rotation": [0, 0, 0]
				},
				"left3Finger": {
					"rotation": [0, "-20+math.sin(query.anim_time *300 -50) * 20  ", 0]
				},
				"TailBase": {
					"rotation": [-12.5, 0, 0]
				},
				"Tail3": {
					"rotation": [-10, 0, 0]
				},
				"Neck2": {
					"rotation": [7.5, 0, 0]
				},
				"leftPupil": {
					"scale": [1, 0.42, 0.51]
				},
				"leftShine": {
					"scale": [1, 1, 0.86]
				},
				"rightWingArm": {
					"rotation": ["5+math.sin(query.anim_time *300 - 50) * 10", 0, "math.sin(query.anim_time *300 + 20) * 55  "]
				},
				"right1Finger": {
					"rotation": ["-15+math.sin(query.anim_time *300 -50) * 30  ", 0, 0]
				},
				"right3Finger": {
					"rotation": [0, "20+math.sin(query.anim_time *300 -50) * -20  ", 0]
				},
				"rightPupil": {
					"scale": [1, 0.44, 0.55]
				},
				"rightShine": {
					"scale": [1, 1, 0.81]
				},
				"rightBlinkTop": {
					"scale": {
						"0.0": [1, 0.1, 1],
						"0.3333": [1, 0.1, 1],
						"0.5": [1, 0.7, 1],
						"0.6667": [1, 0.1, 1]
					}
				},
				"leftBlinkTop": {
					"scale": {
						"0.0": [1, 0.1, 1],
						"0.3333": [1, 0.1, 1],
						"0.5": [1, 0.7, 1],
						"0.6667": [1, 0.1, 1]
					}
				},
				"leftBlinkBottom": {
					"scale": {
						"0.0": [1, 0.2, 1],
						"0.3333": [1, 0.2, 1],
						"0.5": [1, 0.5, 1],
						"0.6667": [1, 0.2, 1]
					}
				},
				"rightBlinkBottom": {
					"scale": {
						"0.0": [1, 0.2, 1],
						"0.3333": [1, 0.2, 1],
						"0.5": [1, 0.5, 1],
						"0.6667": [1, 0.2, 1]
					}
				}
			}
		},
		"nadder.idle": {
			"loop": true,
			"animation_length": 3.6,
			"bones": {
				"leftWingArm": {
					"rotation": ["math.sin(query.anim_time *200 - 80) * 2", -47.5, 15]
				},
				"leftWingFArm": {
					"rotation": [0, 75, 0]
				},
				"Neck1": {
					"rotation": ["math.sin(query.anim_time *200 + 50) * 1", 0, 0]
				},
				"Tail1": {
					"rotation": ["-15+math.sin(query.anim_time *200 + 50) * 2", "math.sin(query.anim_time * 100) * 2", 0]
				},
				"leftThigh": {
					"rotation": [0, 0, 0],
					"position": [0, "math.sin(query.anim_time *200 ) * 0.5", 0]
				},
				"leftFeet": {
					"position": [0, 0, 0]
				},
				"rightThigh": {
					"rotation": [0, 0, 0],
					"position": [0, "math.sin(query.anim_time *200 ) * 0.5", 0]
				},
				"Chest": {
					"position": [0, "math.sin(query.anim_time *200) * -0.5 ", 0]
				},
				"Tail2": {
					"rotation": [12.5, 0, 0]
				},
				"Tail3": {
					"rotation": ["27.5+math.sin(query.anim_time *200 + 100) * -3", 0, "math.sin(query.anim_time * 100 - 50) * 4"]
				},
				"Tail4": {
					"rotation": [-17.5, 0, 0]
				},
				"Tail5": {
					"rotation": ["-25+math.sin(query.anim_time *200 + 150) * -4", 0, "math.sin(query.anim_time * 100 - 100) * 8"]
				},
				"Neck2": {
					"rotation": [0, "math.sin(query.anim_time *100 ) * 1 ", "math.sin(query.anim_time *200 ) * 1 "]
				},
				"leftFeet1": {
					"rotation": [0, 0, 0]
				},
				"rightFeet3": {
					"position": [0, 0, 0]
				},
				"leftWMem2": {
					"rotation": [-60, 0, 0]
				},
				"left1Finger": {
					"rotation": [-12.5, -27.5, 7.5]
				},
				"left2Finger": {
					"rotation": [0, -5, 0]
				},
				"left3Finger": {
					"rotation": [0, -50, 0]
				},
				"left4Finger": {
					"rotation": [0, -8.5, 0]
				},
				"Tail6": {
					"rotation": [-5, 0, 0]
				},
				"Neck3": {
					"rotation": ["math.sin(query.anim_time *200 + 100) * 2", 0, 0]
				},
				"head": {
					"rotation": ["math.sin(query.anim_time *200 + 50) * -2", 0, 0]
				},
				"leftPupil": {
					"scale": [1, 0.44, 0.59]
				},
				"leftShine": {
					"scale": [1, 1, 0.72]
				},
				"rightWingArm": {
					"rotation": ["math.sin(query.anim_time *200 - 80) * 2", 47.5, -15]
				},
				"rightWingFArm": {
					"rotation": [0, -75, 0]
				},
				"right1Finger": {
					"rotation": [-12.5, 27.5, -7.5]
				},
				"right3Finger": {
					"rotation": [0, 50, 0]
				},
				"right4Finger": {
					"rotation": [0, 8.5, 0]
				},
				"rightPupil": {
					"scale": [1, 0.45, 0.58]
				},
				"rightShine": {
					"scale": [1, 1, 0.75]
				},
				"rightBlinkTop": {
					"scale": {
						"0.0": [1, 0.1, 1],
						"0.3333": [1, 0.1, 1],
						"0.5": [1, 0.7, 1],
						"0.6667": [1, 0.1, 1]
					}
				},
				"leftBlinkTop": {
					"scale": {
						"0.0": [1, 0.1, 1],
						"0.3333": [1, 0.1, 1],
						"0.5": [1, 0.7, 1],
						"0.6667": [1, 0.1, 1]
					}
				},
				"leftBlinkBottom": {
					"scale": {
						"0.0": [1, 0.2, 1],
						"0.3333": [1, 0.2, 1],
						"0.5": [1, 0.5, 1],
						"0.6667": [1, 0.2, 1]
					}
				},
				"rightBlinkBottom": {
					"scale": {
						"0.0": [1, 0.2, 1],
						"0.3333": [1, 0.2, 1],
						"0.5": [1, 0.5, 1],
						"0.6667": [1, 0.2, 1]
					}
				}
			}
		},
		"nadder.walk": {
			"loop": true,
			"animation_length": 3.5833,
			"bones": {
				"leftWingArm": {
					"rotation": ["1.9488+math.cos(query.anim_time * 600-300) * 3", -40.52204, 9.46091]
				},
				"leftWingFArm": {
					"rotation": [0, 67.5, 0]
				},
				"leftF1": {
					"rotation": [0, -20, 0]
				},
				"rightWMemS2": {
					"rotation": [-5, 0, 0]
				},
				"leftThigh": {
					"rotation": ["math.cos(query.anim_time * 300) * 20", 0, 0],
					"position": [0, "math.cos(query.anim_time * 300 - 10) * -2", 0]
				},
				"Chest": {
					"position": [0, "math.cos(query.anim_time * 600-250) * 1", 0]
				},
				"Neck1": {
					"rotation": ["math.cos(query.anim_time * 600 - 100) * 2", "math.cos(query.anim_time * 300) * 2", 0]
				},
				"rightThigh": {
					"rotation": ["-math.cos(query.anim_time * 300) * 20 ", 0, 0],
					"position": [0, "math.cos(query.anim_time * 300 - 10) * 2", 0]
				},
				"leftWMem2": {
					"rotation": [-60, 0, 0]
				},
				"left1Finger": {
					"rotation": [-8.87727, -21.89614, 5.08512]
				},
				"left2Finger": {
					"rotation": [0, -7.5, 0]
				},
				"left3Finger": {
					"rotation": [0, -49, 0]
				},
				"left4Finger": {
					"rotation": [0, -8.5, 0]
				},
				"Tail1": {
					"rotation": ["-10+math.cos(query.anim_time * 600-300) * 1.5", "math.cos(query.anim_time * 300 - 50) * 5", 0]
				},
				"Tail2": {
					"rotation": [10, 0, 0]
				},
				"Tail3": {
					"rotation": ["25+math.cos(query.anim_time * 600-350) * 2", 0, "math.cos(query.anim_time * 300 - 100) * 5"]
				},
				"Tail4": {
					"rotation": [-17.5, 0, 0]
				},
				"Tail5": {
					"rotation": ["-20+math.cos(query.anim_time * 600-400) * 4", "math.cos(query.anim_time * 300 - 150) * 8", 0]
				},
				"Tail6": {
					"rotation": [-12.5, 0, 0]
				},
				"Neck3": {
					"rotation": ["math.cos(query.anim_time * 600 + 50) * 2", 0, 0]
				},
				"head": {
					"rotation": ["math.cos(query.anim_time * 600 + 150) * 2", "math.cos(query.anim_time * 300 - 50) * -2", 0]
				},
				"leftShin": {
					"rotation": ["math.cos(query.anim_time * 300 + 100) * -15", 0, 0]
				},
				"leftPaw": {
					"rotation": ["5+math.cos(query.anim_time * 300 + 340) * -25", 0, 0]
				},
				"rightShin": {
					"rotation": ["math.cos(query.anim_time * 300 + 100) * 15", 0, 0]
				},
				"rightPaw": {
					"rotation": ["5+math.cos(query.anim_time * 300 + 340) * 25", 0, 0]
				},
				"root": {
					"position": [0, 1.6, 0]
				},
				"leftPupil": {
					"scale": [1, 0.42, 0.6]
				},
				"leftShine": {
					"scale": [1, 1, 0.72]
				},
				"rightWingArm": {
					"rotation": ["1.9488+math.cos(query.anim_time * 600-300) * 3", 40.522, -9.4609]
				},
				"rightWingFArm": {
					"rotation": [0, -67.5, 0]
				},
				"right1Finger": {
					"rotation": [-8.87727, 21.8961, -5.0851]
				},
				"right2Finger": {
					"rotation": [0, 7.5, 0]
				},
				"right3Finger": {
					"rotation": [0, 49, 0]
				},
				"right4Finger": {
					"rotation": [0, 8.5, 0]
				},
				"rightPupil": {
					"scale": [1, 0.44, 0.57]
				},
				"rightShine": {
					"scale": [1, 1, 0.77]
				},
				"rightBlinkTop": {
					"scale": {
						"0.0": [1, 0.1, 1],
						"0.1667": [1, 0.1, 1],
						"0.3333": [1, 0.7, 1],
						"0.5": [1, 0.1, 1]
					}
				},
				"leftBlinkTop": {
					"scale": {
						"0.0": [1, 0.1, 1],
						"0.1667": [1, 0.1, 1],
						"0.3333": [1, 0.7, 1],
						"0.5": [1, 0.1, 1]
					}
				},
				"leftBlinkBottom": {
					"scale": {
						"0.0": [1, 0.2, 1],
						"0.1667": [1, 0.2, 1],
						"0.3333": [1, 0.5, 1],
						"0.5": [1, 0.2, 1]
					}
				},
				"rightBlinkBottom": {
					"scale": {
						"0.0": [1, 0.2, 1],
						"0.1667": [1, 0.2, 1],
						"0.3333": [1, 0.5, 1],
						"0.5": [1, 0.2, 1]
					}
				}
			}
		},
		"nadder.run": {
			"loop": true,
			"animation_length": 3.5833,
			"bones": {
				"leftWingArm": {
					"rotation": ["-35.5512+math.cos(query.anim_time * 800-300) * -6", -40.522, 9.4609]
				},
				"leftWingFArm": {
					"rotation": [0, 67.5, 0]
				},
				"leftF1": {
					"rotation": [0, -20, 0]
				},
				"rightWMemS2": {
					"rotation": [-5, 0, 0]
				},
				"leftThigh": {
					"rotation": ["math.cos(query.anim_time * 400) * 40", 0, 0],
					"position": [0, "math.cos(query.anim_time * 400 - 10) * -2", 0]
				},
				"Chest": {
					"position": [0, "math.cos(query.anim_time * 800-250) * 2", 0]
				},
				"Neck1": {
					"rotation": ["10+math.cos(query.anim_time * 800 - 100) * 3", "math.cos(query.anim_time * 400) * 4", 0]
				},
				"rightThigh": {
					"rotation": ["-math.cos(query.anim_time * 400) * 40", 0, 0],
					"position": [0, "math.cos(query.anim_time * 400 - 10) * 2", 0]
				},
				"leftWMem2": {
					"rotation": [-60, 0, 0]
				},
				"left1Finger": {
					"rotation": ["-22.5+math.cos(query.anim_time * 800-200) * -10", 0, 0]
				},
				"left2Finger": {
					"rotation": [0, -7.5, 0]
				},
				"left3Finger": {
					"rotation": [0, -49, 0]
				},
				"left4Finger": {
					"rotation": [0, -8.5, 0]
				},
				"Tail1": {
					"rotation": ["-10+math.cos(query.anim_time * 800-300) * 1.5", "math.cos(query.anim_time * 400 - 50) * 8", 0]
				},
				"Tail2": {
					"rotation": [5, 0, 0]
				},
				"Tail3": {
					"rotation": ["15+math.cos(query.anim_time * 800-350) * 2", 0, "math.cos(query.anim_time * 400 - 100) * 7"]
				},
				"Tail4": {
					"rotation": [-5, 0, 0]
				},
				"Tail5": {
					"rotation": ["-10+math.cos(query.anim_time * 800-400) * 4", 0, "math.cos(query.anim_time * 400 - 150) * 10"]
				},
				"Tail6": {
					"rotation": [-5, 0, 0]
				},
				"Neck3": {
					"rotation": ["math.cos(query.anim_time * 800 + 50) * 4", 0, 0]
				},
				"head": {
					"rotation": ["-10+math.cos(query.anim_time * 800 + 150) * 2", "math.cos(query.anim_time * 400 - 50) * -2", 0]
				},
				"leftShin": {
					"rotation": ["math.cos(query.anim_time * 400 + 100) * -20", 0, 0]
				},
				"leftPaw": {
					"rotation": ["5+math.cos(query.anim_time * 400 + 340) * -50", 0, 0]
				},
				"rightShin": {
					"rotation": ["math.cos(query.anim_time * 400 + 100) * 20", 0, 0]
				},
				"rightPaw": {
					"rotation": ["5+math.cos(query.anim_time * 400 + 340) * 50", 0, 0]
				},
				"leftPupil": {
					"scale": [1, 0.43, 0.4]
				},
				"leftShine": {
					"scale": [1, 0.9, 0.9]
				},
				"rightWingArm": {
					"rotation": ["-35.5512+math.cos(query.anim_time * 800-300) * -6", 40.522, -9.4609]
				},
				"rightWingFArm": {
					"rotation": [0, -67.5, 0]
				},
				"right1Finger": {
					"rotation": ["-22.5+math.cos(query.anim_time * 800-200) * -10", 0, 0]
				},
				"right2Finger": {
					"rotation": [0, 7.5, 0]
				},
				"right3Finger": {
					"rotation": [0, 49, 0]
				},
				"right4Finger": {
					"rotation": [0, 8.5, 0]
				},
				"rightPupil": {
					"scale": [1, 0.41, 0.41]
				},
				"rightBlinkTop": {
					"scale": {
						"0.0": [1, 0.1, 1],
						"0.2917": [1, 0.1, 1],
						"0.4583": [1, 0.7, 1],
						"0.625": [1, 0.1, 1]
					}
				},
				"leftBlinkTop": {
					"scale": {
						"0.0": [1, 0.1, 1],
						"0.2917": [1, 0.1, 1],
						"0.4583": [1, 0.7, 1],
						"0.625": [1, 0.1, 1]
					}
				},
				"leftBlinkBottom": {
					"scale": {
						"0.0": [1, 0.2, 1],
						"0.2917": [1, 0.2, 1],
						"0.4583": [1, 0.5, 1],
						"0.625": [1, 0.2, 1]
					}
				},
				"rightBlinkBottom": {
					"scale": {
						"0.0": [1, 0.2, 1],
						"0.2917": [1, 0.2, 1],
						"0.4583": [1, 0.5, 1],
						"0.625": [1, 0.2, 1]
					}
				}
			}
		},
		"nadder.sleep": {
			"loop": true,
			"animation_length": 3.6,
			"bones": {
				"leftWingArm": {
					"rotation": ["-7.5+math.sin(query.anim_time *200 + 50 ) * 1", -55, 7.5]
				},
				"leftWingFArm": {
					"rotation": [0, 72.5, 0]
				},
				"Neck1": {
					"rotation": [20, -22.5, 0]
				},
				"Tail1": {
					"rotation": [-20, 32.5, 0]
				},
				"leftThigh": {
					"rotation": [-92.5, -12.5, 0],
					"position": [0, "math.sin(query.anim_time * 200) * -0.2", 0]
				},
				"leftFeet": {
					"rotation": [-7.5, 0, 0],
					"position": [0, 0, 0]
				},
				"rightThigh": {
					"rotation": [-77.5, -12.5, 0],
					"position": [0, "math.sin(query.anim_time * 200) * -0.2", 0]
				},
				"Tail2": {
					"rotation": [-5, 0, 52.5]
				},
				"Tail3": {
					"rotation": [-10, 0, 47.5]
				},
				"Tail4": {
					"rotation": [0, 0, 37.5]
				},
				"Tail5": {
					"rotation": [0, 0, "30+math.sin(query.anim_time * 200)"]
				},
				"Neck2": {
					"rotation": ["-7.5+math.sin(query.anim_time * 200 - 30) * 1", -12.5, 0]
				},
				"Jaw": {
					"rotation": ["-2.5+math.sin(query.anim_time *200 + 50) * 1", 0, 0]
				},
				"leftFeet1": {
					"rotation": [0, 0, 5]
				},
				"rightFeet3": {
					"rotation": [0, 0, -5],
					"position": [0, 0, 0]
				},
				"leftWMem2": {
					"rotation": [-60, 0, 0]
				},
				"left1Finger": {
					"rotation": [-22.5, -22.5, 12.5]
				},
				"left2Finger": {
					"rotation": [0, -5, 0]
				},
				"left3Finger": {
					"rotation": [0, -50, 0]
				},
				"left4Finger": {
					"rotation": [0, -7.5, 0]
				},
				"TailBase": {
					"rotation": [-17.5, 0, 0],
					"position": [0, "math.sin(query.anim_time * 200) * -0.2", 0]
				},
				"Neck3": {
					"rotation": [0, -12.5, -10]
				},
				"head": {
					"rotation": [-20, -10, 0]
				},
				"leftShin": {
					"rotation": [22.5, 0, 0]
				},
				"leftPaw": {
					"rotation": [72.5, 0, 0],
					"position": [0, -2.5, 0]
				},
				"rightShin": {
					"rotation": [-35, 0, 0]
				},
				"rightFeet": {
					"rotation": [41.5, 0, 0]
				},
				"rightPaw": {
					"rotation": [64, 0, 0],
					"position": [0, -1.8, 0]
				},
				"Tail6": {
					"rotation": [10, 0, "15+math.sin(query.anim_time * 200 - 50) * 3"]
				},
				"Chest": {
					"rotation": [7.5, 0, 0],
					"position": [0, "-20.75+math.sin(query.anim_time * 200) * 0.2", 0]
				},
				"leftEye": {
					"rotation": [0, 0, 362.5]
				},
				"rightEye": {
					"rotation": [0, 0, -362.5]
				},
				"Claw4": {
					"rotation": [25, 0, 0]
				},
				"Claw6": {
					"rotation": [20, 0, 0]
				},
				"leftPupil": {
					"scale": [1, 0.44, 0.41]
				},
				"leftShine": {
					"scale": [1, 1, 1.02]
				},
				"rightWingArm": {
					"rotation": [17.5, 37.5, "-7.5+math.sin(query.anim_time *200 + 50 ) * -1"]
				},
				"rightWingFArm": {
					"rotation": [0, -35, 0]
				},
				"right1Finger": {
					"rotation": [-27.5, 10, -5]
				},
				"right2Finger": {
					"rotation": [0, 7.5, 0]
				},
				"right3Finger": {
					"rotation": [0, 47.5, 0]
				},
				"right4Finger": {
					"rotation": [0, 7.5, 0]
				},
				"rightPupil": {
					"scale": [1, 0.42, 0.49]
				},
				"rightShine": {
					"scale": [1, 1, 0.79]
				}
			}
		},
		"nadder.sit": {
			"loop": true,
			"animation_length": 3.6,
			"bones": {
				"leftWingArm": {
					"rotation": [6.68244, -11.39353, 44.0117],
					"position": [0, "math.sin(query.anim_time *200) * 0.25 ", 0]
				},
				"Neck1": {
					"rotation": ["math.sin(query.anim_time *200 + 50) * 1", 0, 0]
				},
				"Tail1": {
					"rotation": [32.5, 0, 0]
				},
				"leftThigh": {
					"rotation": [-25, -5, -10],
					"position": [0, "math.sin(query.anim_time *200) * 0.25 ", 0]
				},
				"leftFeet": {
					"rotation": [-20.5, 0, 0]
				},
				"rightThigh": {
					"rotation": [-22.93721, 4.18353, 11.39025],
					"position": [0, "math.sin(query.anim_time *200) * 0.25 ", 0]
				},
				"Tail2": {
					"rotation": ["30+math.sin(query.anim_time *200 + 50) * 2", 0, "math.sin(query.anim_time * 100) * -6"]
				},
				"Tail3": {
					"rotation": [40, 0, 0]
				},
				"Tail4": {
					"rotation": ["-30+math.sin(query.anim_time *200 - 50) * 3", 0, "math.sin(query.anim_time * 100 - 50) * -10"]
				},
				"Tail5": {
					"rotation": [-47.5, 0, 0]
				},
				"Neck2": {
					"rotation": [25, 0, 0],
					"position": [0, 0.6, 1.3]
				},
				"left1Finger": {
					"rotation": [52.5, 0, 0]
				},
				"left2Finger": {
					"rotation": [0, -7.5, 0]
				},
				"left3Finger": {
					"rotation": [0, -49, 0]
				},
				"left4Finger": {
					"rotation": [0, -8, 0]
				},
				"TailBase": {
					"position": [0, "math.sin(query.anim_time *200) * 0.25 ", 0]
				},
				"Neck3": {
					"rotation": ["22.5+math.sin(query.anim_time *200 + 100) * 2", 0, 0]
				},
				"head": {
					"rotation": ["math.sin(query.anim_time *200 + 50) * -2", 0, 0]
				},
				"leftShin": {
					"rotation": [29.26558, 0, 0]
				},
				"leftPaw": {
					"rotation": [57.5, 0, 0],
					"position": [0, -0.9, 0]
				},
				"rightShin": {
					"rotation": [27.5, 0, 0]
				},
				"rightFeet": {
					"rotation": [-25, 0, 0]
				},
				"rightPaw": {
					"rotation": [62.5, 0, 0],
					"position": [0, -1, 0]
				},
				"Chest": {
					"rotation": [-40, 0, 0],
					"position": [0, "-12.4+math.sin(query.anim_time *200) * -0.25 ", "math.sin(query.anim_time *200) * -0.25 "]
				},
				"Tail6": {
					"rotation": ["-37.5+math.sin(query.anim_time *200 - 100) * 4", 0, "math.sin(query.anim_time * 100 - 100) * -20"]
				},
				"leftPupil": {
					"scale": [1, 0.44, 0.55]
				},
				"leftShine": {
					"scale": [1, 1, 0.71]
				},
				"leftWingFArm": {
					"rotation": [5.12213, -19.55333, 13.90295]
				},
				"rightWingArm": {
					"rotation": [5.27408, 11.65396, -46.86921],
					"position": [0, "math.sin(query.anim_time *200) * 0.25 ", 0]
				},
				"rightWingFArm": {
					"rotation": [-4.05377, 17.76581, -11.48008]
				},
				"right1Finger": {
					"rotation": [68.1923, -1.15652, -9.48747]
				},
				"right2Finger": {
					"rotation": [0, 7.5, 0]
				},
				"right3Finger": {
					"rotation": [0, 49.5, 0]
				},
				"right4Finger": {
					"rotation": [0, 9, 0]
				},
				"rightPupil": {
					"scale": [1, 0.43, 0.54]
				},
				"rightShine": {
					"scale": [1, 1, 0.81]
				},
				"rightBlinkTop": {
					"scale": {
						"0.0": [1, 0.1, 1],
						"0.4167": [1, 0.1, 1],
						"0.5833": [1, 0.7, 1],
						"0.75": [1, 0.1, 1]
					}
				},
				"leftBlinkTop": {
					"scale": {
						"0.0": [1, 0.1, 1],
						"0.4167": [1, 0.1, 1],
						"0.5833": [1, 0.7, 1],
						"0.75": [1, 0.1, 1]
					}
				},
				"leftBlinkBottom": {
					"scale": {
						"0.0": [1, 0.2, 1],
						"0.4167": [1, 0.2, 1],
						"0.5833": [1, 0.5, 1],
						"0.75": [1, 0.2, 1]
					}
				},
				"rightBlinkBottom": {
					"scale": {
						"0.0": [1, 0.2, 1],
						"0.4167": [1, 0.2, 1],
						"0.5833": [1, 0.5, 1],
						"0.75": [1, 0.2, 1]
					}
				}
			}
		},
		"nadder.breath": {
			"loop": true,
			"animation_length": 0.7083,
			"bones": {
				"head": {
					"rotation": [-47.5, 0, "math.sin(query.anim_time * 500 + 150) * 4"]
				},
				"Jaw": {
					"rotation": [67.5, 0, 0]
				},
				"Neck1": {
					"rotation": [7.5, 0, "math.sin(query.anim_time * 500) * 2"]
				},
				"Neck2": {
					"rotation": [7.5, 0, 0]
				},
				"Neck3": {
					"rotation": [10, 0, "math.sin(query.anim_time * 500 + 50) * 3"]
				},
				"leftPupil": {
					"scale": [1, 0.42, 0.24]
				},
				"rightPupil": {
					"scale": [1, 0.46, 0.28]
				},
				"rightBlinkTop": {
					"scale": [1, 0.1, 1]
				},
				"leftBlinkTop": {
					"scale": [1, 0.1, 1]
				},
				"leftBlinkBottom": {
					"scale": [1, 0.2, 1]
				},
				"rightBlinkBottom": {
					"scale": [1, 0.2, 1]
				}
			}
		},
		"nadder.bite": {
			"loop": true,
			"animation_length": 0.6667,
			"bones": {
				"head": {
					"rotation": {
						"0.0": [0, 0, 0],
						"0.125": [0, 0, 0],
						"0.25": [0, 0, 0],
						"0.4583": [0, 0, 0],
						"0.6667": [0, 0, 0]
					}
				},
				"Jaw": {
					"rotation": {
						"0.0": [0, 0, 0],
						"0.1667": [0, 0, 0],
						"0.2083": [0, 0, 0],
						"0.5": [0, 0, 0],
						"0.6667": [0, 0, 0]
					}
				},
				"Neck1": {
					"rotation": {
						"0.0": [0, 0, 0],
						"0.125": [0, 0, 0],
						"0.25": [0, 0, 0],
						"0.6667": [0, 0, 0]
					},
					"position": {
						"0.0": [0, 0, 0],
						"0.125": [0, 0, 0],
						"0.25": [0, 0, 0],
						"0.6667": [0, 0, 0]
					}
				},
				"Neck2": {
					"rotation": {
						"0.0": [0, 0, 0],
						"0.125": [0, 0, 0],
						"0.25": [0, 0, 0],
						"0.4583": [0, 0, 0],
						"0.6667": [0, 0, 0]
					},
					"position": {
						"0.0": [0, 0, 0],
						"0.125": [0, 0, 0],
						"0.25": [0, 0, 0],
						"0.6667": [0, 0, 0]
					}
				},
				"Neck3": {
					"rotation": {
						"0.0": [0, 0, 0],
						"0.125": [0, 0, 0],
						"0.25": [0, 0, 0],
						"0.4583": [0, 0, 0],
						"0.6667": [0, 0, 0]
					}
				}
			}
		},
		"nadder.dart": {
			"loop": true,
			"animation_length": 0.6667,
			"bones": {
				"Tail1": {
					"rotation": {
						"0.0": [0, 0, 0],
						"0.2083": [0, 0, 0],
						"0.5": [0, 0, 0]
					}
				},
				"Tail2": {
					"rotation": {
						"0.0417": [0, 0, 0],
						"0.25": [0, 0, 0],
						"0.5417": [0, 0, 0]
					}
				},
				"Tail3": {
					"rotation": {
						"0.0833": [0, 0, 0],
						"0.2917": [0, 0, 0],
						"0.5833": [0, 0, 0]
					}
				},
				"Tail4": {
					"rotation": {
						"0.125": [0, 0, 0],
						"0.3333": [0, 0, 0],
						"0.625": [0, 0, 0]
					}
				},
				"Tail5": {
					"rotation": {
						"0.1667": [0, 0, 0],
						"0.375": [0, 0, 0],
						"0.6667": [0, 0, 0]
					}
				}
			}
		},
		"nadder.dart_ground": {
			"loop": true,
			"animation_length": 0.6667,
			"bones": {
				"Tail1": {
					"rotation": {
						"0.0": [0, 0, 0],
						"0.2083": [0, 0, 0],
						"0.4583": [0, 0, 0]
					}
				},
				"Tail2": {
					"rotation": {
						"0.0417": [0, 0, 0],
						"0.25": [0, 0, 0],
						"0.5": [0, 0, 0]
					}
				},
				"Tail3": {
					"rotation": {
						"0.0833": [0, 0, 0],
						"0.2917": [0, 0, 0],
						"0.5417": [0, 0, 0]
					}
				},
				"Tail4": {
					"rotation": {
						"0.125": [0, 0, 0],
						"0.3333": [0, 0, 0],
						"0.5833": [0, 0, 0]
					}
				},
				"Tail5": {
					"rotation": {
						"0.1667": [0, 0, 0],
						"0.375": [0, 0, 0],
						"0.625": [0, 0, 0]
					}
				},
				"Tail6": {
					"rotation": {
						"0.2083": [0, 0, 0],
						"0.4167": [0, 0, 0],
						"0.6667": [0, 0, 0]
					}
				}
			}
		},
		"nadder": {
			"loop": true
		}
	}
}