{
	"format_version": "1.8.0",
	"animations": {
		"Gronckle.Idle": {
			"loop": true,
			"animation_length": 7.2,
			"bones": {
				"Chest": {
					"position": {
						"vector": [0, "math.cos(query.anim_time * 200) * 0.2", 0]
					}
				},
				"leftThigh": {
					"position": {
						"vector": [0, "math.cos(query.anim_time * 200) * 0.2", 0]
					}
				},
				"leftWingArm": {
					"rotation": {
						"vector": [0, 0, "30+math.cos(query.anim_time * 200 -50) * -2.5"]
					}
				},
				"leftWing1": {
					"rotation": {
						"vector": [0, -12.5, "17.5+math.cos(query.anim_time * 200 + 50) * 3"]
					}
				},
				"leftWing2": {
					"rotation": {
						"vector": [0, -42.5, 0]
					}
				},
				"rightWingArm": {
					"rotation": {
						"vector": [0, 0, "-30+math.cos(query.anim_time * 200 -50) * 2.5"]
					}
				},
				"rightWing1": {
					"rotation": {
						"vector": [0, 12.5, "-17.5+math.cos(query.anim_time * 200 + 50) * -3"]
					}
				},
				"rightWing2": {
					"rotation": {
						"vector": [0, 42.5, 0]
					}
				},
				"rightThigh": {
					"position": {
						"vector": [0, "math.cos(query.anim_time * 200) * 0.2", 0]
					}
				},
				"leftArm3": {
					"position": {
						"vector": [0, "math.cos(query.anim_time * 200) * 0.2", 0]
					}
				},
				"rightArm": {
					"position": {
						"vector": [0, "math.cos(query.anim_time * 200) * 0.2", 0]
					}
				},
				"head": {
					"rotation": {
						"0.0": {
							"vector": ["5+math.cos(query.anim_time * 200 + 75) * -3", 0, 0]
						},
						"0.75": {
							"vector": ["5+math.cos(query.anim_time * 200 + 75) * -3", 0, 0]
						},
						"1.4167": {
							"vector": ["6.3+math.cos(query.anim_time * 200 + 75) * -3", -9, -9],
							"easing": "easeOutQuad"
						},
						"2.3333": {
							"vector": ["6.3+math.cos(query.anim_time * 200 + 75) * -3", -9, -9],
							"easing": "easeOutQuad"
						},
						"3.0": {
							"vector": ["16+math.cos(query.anim_time * 200 + 75) * -3", -4, -7],
							"easing": "easeOutCubic"
						},
						"3.8333": {
							"vector": ["6.5+math.cos(query.anim_time * 200 + 75) * -3", 13, 11],
							"easing": "easeOutQuad"
						},
						"4.75": {
							"vector": ["15+math.cos(query.anim_time * 200 + 75) * -3", -3, -5],
							"easing": "easeInOutQuart"
						},
						"5.5833": {
							"vector": ["15+math.cos(query.anim_time * 200 + 75) * -3", -3, -5],
							"easing": "easeInOutQuart"
						},
						"6.4167": {
							"vector": ["5+math.cos(query.anim_time * 200 + 75) * -3", 0, 0],
							"easing": "easeOutQuad"
						}
					}
				},
				"leftEar": {
					"rotation": {
						"vector": ["math.cos(query.anim_time * 200-50) * -6", 0, 0]
					}
				},
				"Jaw": {
					"rotation": {
						"0.0": {
							"vector": ["-3.5+math.cos(query.anim_time * 200 - 50) * -3", 0, 0]
						},
						"3.25": {
							"vector": ["-3.5+math.cos(query.anim_time * 200 - 50) * -3", 0, 0]
						},
						"3.6667": {
							"vector": ["-3.5+math.cos(query.anim_time * 1200 - 50) * -2.5", 0, 0]
						},
						"4.5833": {
							"vector": ["-3.5+math.cos(query.anim_time * 200 - 50) * -3", 0, 0]
						}
					}
				},
				"Tail1": {
					"rotation": {
						"vector": ["math.cos(query.anim_time * 200 - 50) * -1", "math.cos(query.anim_time * 400) * 2", 0]
					}
				},
				"Tail2": {
					"rotation": {
						"vector": ["math.cos(query.anim_time * 200 - 75) * -1", "math.cos(query.anim_time * 400 - 50) * 4", 0]
					}
				},
				"Tail3": {
					"rotation": {
						"vector": ["math.cos(query.anim_time * 200 - 100) * -1", "math.cos(query.anim_time * 200 - 100) * 2", 0]
					}
				},
				"rightEar": {
					"rotation": {
						"vector": ["math.cos(query.anim_time * 200-50) * -6", 0, 0]
					}
				},
				"Rlidtop": {
					"rotation": {
						"0.0": {
							"vector": [0, 0, 0]
						},
						"0.25": {
							"vector": [0, 0, 0]
						},
						"0.5": {
							"vector": [0, 0, 0]
						}
					},
					"position": {
						"0.0": {
							"vector": [0, 0, 0]
						},
						"0.25": {
							"vector": [0, 0, 0]
						},
						"0.5": {
							"vector": [0, 0, 0]
						}
					},
					"scale": {
						"0.0": {
							"vector": [1, 1, 1]
						},
						"0.25": {
							"vector": [1, 2.3, 1]
						},
						"0.5": {
							"vector": [1, 1, 1]
						}
					}
				},
				"Rlidbottom": {
					"rotation": {
						"0.0": {
							"vector": [0, 0, 0]
						},
						"0.25": {
							"vector": [0, 0, 0]
						},
						"0.5": {
							"vector": [0, 0, 0]
						}
					},
					"position": {
						"0.0": {
							"vector": [0, 0, 0]
						},
						"0.25": {
							"vector": [0, 0, 0]
						},
						"0.5": {
							"vector": [0, 0, 0]
						}
					},
					"scale": {
						"0.0": {
							"vector": [1, 1, 1]
						},
						"0.25": {
							"vector": [1, 1.7, 1]
						},
						"0.5": {
							"vector": [1, 1, 1]
						}
					}
				},
				"rightpupil": {
					"position": {
						"0.0833": {
							"vector": [0.6, 0.15, 0]
						},
						"0.5833": {
							"vector": [0.6, 0.15, 0]
						},
						"1.25": {
							"vector": [0.7, 0.15, 0],
							"easing": "easeOutQuint"
						},
						"1.8333": {
							"vector": [0.7, 0.15, 0],
							"easing": "easeOutQuint"
						},
						"2.8333": {
							"vector": [0.1, -0.45, 0],
							"easing": "easeOutQuart"
						},
						"3.4167": {
							"vector": [0.5, -0.45, 0],
							"easing": "easeOutQuart"
						},
						"3.75": {
							"vector": [-0.1, -0.45, 0],
							"easing": "easeOutQuart"
						},
						"4.25": {
							"vector": [0.1, -0.75, 0],
							"easing": "easeOutSine"
						},
						"4.75": {
							"vector": [0.7, -0.75, 0],
							"easing": "easeOutCubic"
						},
						"5.4167": {
							"vector": [0.7, -0.75, 0],
							"easing": "easeOutCubic"
						},
						"5.9167": {
							"vector": [0.6, 0.15, 0],
							"easing": "easeInOutCubic"
						}
					},
					"scale": {
						"0.0833": {
							"vector": [0.3, 0.4, 1]
						},
						"0.3333": {
							"vector": [0.4, 0.4, 1],
							"easing": "easeInOutQuad"
						},
						"0.5833": {
							"vector": [0.3, 0.4, 1]
						},
						"2.1667": {
							"vector": [0.3, 0.4, 1]
						},
						"2.8333": {
							"vector": [0.47, 0.4, 1],
							"easing": "easeInOutCubic"
						},
						"6.0": {
							"vector": [0.47, 0.4, 1],
							"easing": "easeInOutCubic"
						},
						"6.8333": {
							"vector": [0.3, 0.4, 1],
							"easing": "easeInOutCubic"
						}
					}
				},
				"leftpupil": {
					"position": {
						"0.0833": {
							"vector": [-0.6, 0.15, 0]
						},
						"0.5833": {
							"vector": [-0.6, 0.15, 0]
						},
						"1.25": {
							"vector": [0.1, 0.15, 0],
							"easing": "easeOutQuint"
						},
						"1.8333": {
							"vector": [0.1, 0.15, 0],
							"easing": "easeOutQuint"
						},
						"2.8333": {
							"vector": [-1, -0.45, 0],
							"easing": "easeOutQuart"
						},
						"3.4167": {
							"vector": [-1.2, -0.45, 0]
						},
						"3.75": {
							"vector": [-1.2, -0.45, 0]
						},
						"4.25": {
							"vector": [0.1, -0.75, 0],
							"easing": "easeOutSine"
						},
						"4.75": {
							"vector": [-0.8, -0.75, 0],
							"easing": "easeOutCubic"
						},
						"5.4167": {
							"vector": [-0.8, -0.75, 0],
							"easing": "easeOutCubic"
						},
						"5.9167": {
							"vector": [-0.6, 0.15, 0],
							"easing": "easeInOutCubic"
						}
					},
					"scale": {
						"0.0833": {
							"vector": [0.3, 0.4, 1]
						},
						"0.3333": {
							"vector": [0.4, 0.4, 1],
							"easing": "easeInOutQuad"
						},
						"0.5833": {
							"vector": [0.3, 0.4, 1]
						},
						"2.1667": {
							"vector": [0.3, 0.4, 1]
						},
						"2.8333": {
							"vector": [0.47, 0.4, 1],
							"easing": "easeInOutCubic"
						},
						"6.0": {
							"vector": [0.47, 0.4, 1],
							"easing": "easeInOutCubic"
						},
						"6.8333": {
							"vector": [0.3, 0.4, 1],
							"easing": "easeInOutCubic"
						}
					}
				},
				"Rlidtop2": {
					"rotation": {
						"0.0": {
							"vector": [0, 0, 0]
						},
						"0.25": {
							"vector": [0, 0, 0],
							"easing": "easeOutCubic"
						},
						"0.5": {
							"vector": [0, 0, 0]
						}
					},
					"position": {
						"0.0": {
							"vector": [0, 0, 0]
						},
						"0.25": {
							"vector": [0, 0, 0],
							"easing": "easeOutCubic"
						},
						"0.5": {
							"vector": [0, 0, 0]
						}
					},
					"scale": {
						"0.0": {
							"vector": [1, 1, 1]
						},
						"0.25": {
							"vector": [1, 2.3, 1],
							"easing": "easeOutCubic"
						},
						"0.5": {
							"vector": [1, 1, 1]
						}
					}
				},
				"Rlidbottom2": {
					"rotation": {
						"0.0": {
							"vector": [0, 0, 0]
						},
						"0.25": {
							"vector": [0, 0, 0],
							"easing": "easeOutCubic"
						},
						"0.5": {
							"vector": [0, 0, 0]
						}
					},
					"position": {
						"0.0": {
							"vector": [0, 0, 0]
						},
						"0.25": {
							"vector": [0, 0, 0],
							"easing": "easeOutCubic"
						},
						"0.5": {
							"vector": [0, 0, 0]
						}
					},
					"scale": {
						"0.0": {
							"vector": [1, 1, 1]
						},
						"0.25": {
							"vector": [1, 1.7, 1],
							"easing": "easeOutCubic"
						},
						"0.5": {
							"vector": [1, 1, 1]
						}
					}
				},
				"rightShin": {
					"position": {
						"vector": [0, "math.cos(query.anim_time * 200) * -0.3", "math.cos(query.anim_time * 200) * 0.2"]
					}
				},
				"leftShin": {
					"position": {
						"vector": [0, "math.cos(query.anim_time * 200) * -0.3", "math.cos(query.anim_time * 200) * 0.2"]
					}
				},
				"leftFArm3": {
					"position": {
						"vector": ["math.cos(query.anim_time * 200) * -0.1", "math.cos(query.anim_time * 200) * -0.4", "math.cos(query.anim_time * 200) * 0.1"]
					}
				},
				"rightFArm": {
					"position": {
						"vector": ["math.cos(query.anim_time * 200) * 0.1", "math.cos(query.anim_time * 200) * -0.4", "math.cos(query.anim_time * 200) * 0.1"]
					}
				}
			}
		},
		"Gronckle.Walk": {
			"loop": true,
			"animation_length": 1.2,
			"bones": {
				"Chest": {
					"rotation": {
						"vector": [0, "math.cos(query.anim_time * 300 + 20) * 2", 0]
					},
					"position": {
						"vector": [0, "0.5+math.cos(query.anim_time * 600 + 120) * 0.5", 0]
					}
				},
				"leftWing2": {
					"rotation": {
						"vector": [0, -42.5, 0]
					}
				},
				"rightWing2": {
					"rotation": {
						"vector": [0, 42.5, 0]
					}
				},
				"rightThigh": {
					"rotation": {
						"vector": ["7.5-math.cos(query.anim_time * 300) * -30", 0, 0]
					},
					"position": {
						"vector": [0, "math.cos(query.anim_time * 300) * -1", 0]
					}
				},
				"leftThigh": {
					"rotation": {
						"vector": ["7.5-math.cos(query.anim_time * 300) * 30", 0, 0]
					},
					"position": {
						"vector": [0, "math.cos(query.anim_time * 300) * 1", 0]
					}
				},
				"leftArm3": {
					"rotation": {
						"vector": ["15+math.cos(query.anim_time * 300) * 20", 0, 0]
					},
					"position": {
						"vector": [0, "math.cos(query.anim_time * 300) * 1", 0]
					}
				},
				"leftFArm3": {
					"rotation": {
						"vector": ["-20+math.cos(query.anim_time * 300 + 100) * 20", 0, 0]
					},
					"position": {
						"vector": [0, "math.cos(query.anim_time * 600) * 0.5", 0]
					}
				},
				"leftFPaw3": {
					"rotation": {
						"vector": ["10+math.cos(query.anim_time * 300 - 100) * 25", 0, 0]
					}
				},
				"rightArm": {
					"rotation": {
						"vector": ["15+math.cos(query.anim_time * 300) * -20", 0, 0]
					},
					"position": {
						"vector": [0, "math.cos(query.anim_time * 300) * -1", 0]
					}
				},
				"head": {
					"rotation": {
						"vector": ["5+math.cos(query.anim_time * 600 + 120) * 1", "math.cos(query.anim_time * 300 + 180) * 2", 0]
					}
				},
				"Tail1": {
					"rotation": {
						"vector": ["math.cos(query.anim_time * 600 + 100) * 1", "math.cos(query.anim_time * 300 - 20) * 3", 0]
					}
				},
				"Tail2": {
					"rotation": {
						"vector": ["math.cos(query.anim_time * 600 + 50) * 2", "math.cos(query.anim_time * 300 - 40) * 2", 0]
					}
				},
				"Tail3": {
					"rotation": {
						"vector": [0, "math.cos(query.anim_time * 300 - 60) * 2.5", 0]
					}
				},
				"leftWingArm": {
					"rotation": {
						"vector": [0, 0, "30+math.cos(query.anim_time * 600 + 80) * 2"]
					}
				},
				"leftWing1": {
					"rotation": {
						"vector": [0, -12.5, "17.5+math.cos(query.anim_time * 600) * 3"]
					}
				},
				"rightWingArm": {
					"rotation": {
						"vector": [0, 0, "-30+math.cos(query.anim_time * 600 + 80) * -2"]
					}
				},
				"rightWing1": {
					"rotation": {
						"vector": [0, 12.5, "-17.5+math.cos(query.anim_time * 600) * -3"]
					}
				},
				"rightShin": {
					"rotation": {
						"vector": ["-2.5+math.cos(query.anim_time * 300 + 50) * -10", 0, 0]
					},
					"position": {
						"vector": [0, "math.cos(query.anim_time * 600) * 0.5", 0]
					}
				},
				"rightBPaw": {
					"rotation": {
						"vector": ["-5+math.cos(query.anim_time * 300+20) * -20", 0, 0]
					}
				},
				"leftShin": {
					"rotation": {
						"vector": ["-2.5+math.cos(query.anim_time * 300 + 50) * 10", 0, 0]
					},
					"position": {
						"vector": [0, "math.cos(query.anim_time * 600) * 0.5", 0]
					}
				},
				"leftBPaw": {
					"rotation": {
						"vector": ["-5+math.cos(query.anim_time * 300+20) * 20", 0, 0]
					}
				},
				"rightFArm": {
					"rotation": {
						"vector": ["-20+math.cos(query.anim_time * 300 + 100) * -20", 0, 0]
					},
					"position": {
						"vector": [0, "math.cos(query.anim_time * 600) * 0.5", 0]
					}
				},
				"rightFPaw": {
					"rotation": {
						"vector": ["10+math.cos(query.anim_time * 300 - 100) * -25", 0, 0]
					}
				},
				"leftEar": {
					"rotation": {
						"vector": ["-5+math.cos(query.anim_time * 600 + 60) * 4", 0, 0]
					}
				},
				"Jaw": {
					"rotation": {
						"vector": ["-5+math.cos(query.anim_time * 600 + 120) * 0.5", 0, 0]
					}
				},
				"rightEar": {
					"rotation": {
						"vector": ["-5+math.cos(query.anim_time * 600 + 60) * 4", 0, 0]
					}
				},
				"Rlidtop": {
					"rotation": {
						"0.0": {
							"vector": [0, 0, 0]
						},
						"0.25": {
							"vector": [0, 0, 0]
						},
						"0.5": {
							"vector": [0, 0, 0]
						}
					},
					"position": {
						"0.0": {
							"vector": [0, 0, 0]
						},
						"0.25": {
							"vector": [0, 0, 0]
						},
						"0.5": {
							"vector": [0, 0, 0]
						}
					},
					"scale": {
						"0.0": {
							"vector": [1, 1, 1]
						},
						"0.25": {
							"vector": [1, 2.3, 1]
						},
						"0.5": {
							"vector": [1, 1, 1]
						}
					}
				},
				"Rlidbottom": {
					"rotation": {
						"0.0": {
							"vector": [0, 0, 0]
						},
						"0.25": {
							"vector": [0, 0, 0]
						},
						"0.5": {
							"vector": [0, 0, 0]
						}
					},
					"position": {
						"0.0": {
							"vector": [0, 0, 0]
						},
						"0.25": {
							"vector": [0, 0, 0]
						},
						"0.5": {
							"vector": [0, 0, 0]
						}
					},
					"scale": {
						"0.0": {
							"vector": [1, 1, 1]
						},
						"0.25": {
							"vector": [1, 1.7, 1]
						},
						"0.5": {
							"vector": [1, 1, 1]
						}
					}
				},
				"rightpupil": {
					"position": {
						"0.0833": {
							"vector": [0.6, 0.15, 0]
						},
						"0.5833": {
							"vector": [0.6, 0.15, 0]
						}
					},
					"scale": {
						"0.0833": {
							"vector": [0.3, 0.4, 1]
						},
						"0.3333": {
							"vector": [0.4, 0.4, 1],
							"easing": "easeInOutQuad"
						},
						"0.5833": {
							"vector": [0.3, 0.4, 1]
						}
					}
				},
				"leftpupil": {
					"position": {
						"0.0833": {
							"vector": [-0.6, 0.15, 0]
						},
						"0.5833": {
							"vector": [-0.6, 0.15, 0]
						}
					},
					"scale": {
						"0.0833": {
							"vector": [0.3, 0.4, 1]
						},
						"0.3333": {
							"vector": [0.4, 0.4, 1],
							"easing": "easeInOutQuad"
						},
						"0.5833": {
							"vector": [0.3, 0.4, 1]
						}
					}
				},
				"Rlidtop2": {
					"rotation": {
						"0.0": {
							"vector": [0, 0, 0]
						},
						"0.25": {
							"vector": [0, 0, 0],
							"easing": "easeOutCubic"
						},
						"0.5": {
							"vector": [0, 0, 0]
						}
					},
					"position": {
						"0.0": {
							"vector": [0, 0, 0]
						},
						"0.25": {
							"vector": [0, 0, 0],
							"easing": "easeOutCubic"
						},
						"0.5": {
							"vector": [0, 0, 0]
						}
					},
					"scale": {
						"0.0": {
							"vector": [1, 1, 1]
						},
						"0.25": {
							"vector": [1, 2.3, 1],
							"easing": "easeOutCubic"
						},
						"0.5": {
							"vector": [1, 1, 1]
						}
					}
				},
				"Rlidbottom2": {
					"rotation": {
						"0.0": {
							"vector": [0, 0, 0]
						},
						"0.25": {
							"vector": [0, 0, 0],
							"easing": "easeOutCubic"
						},
						"0.5": {
							"vector": [0, 0, 0]
						}
					},
					"position": {
						"0.0": {
							"vector": [0, 0, 0]
						},
						"0.25": {
							"vector": [0, 0, 0],
							"easing": "easeOutCubic"
						},
						"0.5": {
							"vector": [0, 0, 0]
						}
					},
					"scale": {
						"0.0": {
							"vector": [1, 1, 1]
						},
						"0.25": {
							"vector": [1, 1.7, 1],
							"easing": "easeOutCubic"
						},
						"0.5": {
							"vector": [1, 1, 1]
						}
					}
				}
			}
		},
		"Gronckle.Run": {
			"loop": true,
			"animation_length": 2.1667,
			"bones": {
				"Chest": {
					"rotation": {
						"vector": ["math.sin(query.anim_time * 500 + 100) * 5", 0, 0]
					},
					"position": {
						"vector": [0, "1+math.sin(query.anim_time * 500 + 0) * -3", 0]
					}
				},
				"leftWingArm": {
					"rotation": {
						"vector": [0, -10, "-35+math.sin(query.anim_time * 500 - 50) * 13"]
					}
				},
				"leftWing1": {
					"rotation": {
						"vector": [0, 0, "10+math.sin(query.anim_time * 500 - 100) * 20"]
					}
				},
				"leftWing2": {
					"rotation": {
						"vector": [0, -42.5, 0]
					}
				},
				"rightWingArm": {
					"rotation": {
						"vector": [0, 10, "35+math.sin(query.anim_time * 500 - 50) * -13"]
					}
				},
				"rightWing1": {
					"rotation": {
						"vector": [0, 0, "-10+math.sin(query.anim_time * 500 - 100) * -20"]
					}
				},
				"rightWing2": {
					"rotation": {
						"vector": [0, 42.5, 0]
					}
				},
				"rightThigh": {
					"rotation": {
						"vector": ["math.sin(query.anim_time * 500 - 100) * 30", 0, 0]
					},
					"position": {
						"vector": [0, "0.5+math.sin(query.anim_time * 500 + 30) * 1", 0]
					}
				},
				"rightShin": {
					"rotation": {
						"vector": ["+10+math.sin(query.anim_time * 500 + 50) * -20", 0, 0]
					},
					"position": {
						"vector": [0, "math.sin(query.anim_time * 500) * 0.5", 0]
					}
				},
				"rightBPaw": {
					"rotation": {
						"vector": ["20+math.sin(query.anim_time * 500-60) * -20", 0, 0]
					}
				},
				"leftThigh": {
					"rotation": {
						"vector": ["math.sin(query.anim_time * 500 - 100) * 30", 0, 0]
					},
					"position": {
						"vector": [0, "0.5+math.sin(query.anim_time * 500 + 30) * 1", 0]
					}
				},
				"leftShin": {
					"rotation": {
						"vector": ["+10+math.sin(query.anim_time * 500 + 50) * -20", 0, 0]
					},
					"position": {
						"vector": [0, "math.sin(query.anim_time * 500) * 0.5", 0]
					}
				},
				"leftBPaw": {
					"rotation": {
						"vector": ["20+math.sin(query.anim_time * 500-60) * -20", 0, 0]
					}
				},
				"leftArm3": {
					"rotation": {
						"vector": ["20+math.sin(query.anim_time * 500 + 100) * 30", 0, 0]
					},
					"position": {
						"vector": [0, "math.sin(query.anim_time * 500) * 1.5", 0]
					}
				},
				"leftFArm3": {
					"rotation": {
						"vector": ["-20+math.sin(query.anim_time * 500 + 200) * 20", 0, 0]
					},
					"position": {
						"vector": [0, "math.sin(query.anim_time * 500) * 1", 0]
					}
				},
				"leftFPaw3": {
					"rotation": {
						"vector": ["+math.sin(query.anim_time * 500-200) * -30", 0, 0]
					}
				},
				"rightArm": {
					"rotation": {
						"vector": ["20+math.sin(query.anim_time * 500 + 100) * 30", 0, 0]
					},
					"position": {
						"vector": [0, "math.sin(query.anim_time * 500) * 1.5", 0]
					}
				},
				"rightFArm": {
					"rotation": {
						"vector": ["-20+math.sin(query.anim_time * 500 + 200) * 20", 0, 0]
					},
					"position": {
						"vector": [0, "math.sin(query.anim_time * 500) * 1", 0]
					}
				},
				"rightFPaw": {
					"rotation": {
						"vector": ["+math.sin(query.anim_time * 500-200) * -30", 0, 0]
					}
				},
				"head": {
					"rotation": {
						"vector": ["math.sin(query.anim_time * 500 + 150) *8", 0, 0]
					}
				},
				"leftEar": {
					"rotation": {
						"vector": ["math.sin(query.anim_time * 500 + 30) * 15", 0, 0]
					}
				},
				"Jaw": {
					"rotation": {
						"vector": ["math.sin(query.anim_time * 500 - 30) * 5", 0, 0]
					}
				},
				"Tail1": {
					"rotation": {
						"vector": ["math.sin(query.anim_time * 500 + 50) * 5", 0, 0]
					}
				},
				"Tail2": {
					"rotation": {
						"vector": ["math.sin(query.anim_time * 500) * 6", 0, 0]
					}
				},
				"rightEar": {
					"rotation": {
						"vector": ["math.sin(query.anim_time * 500 + 30) * 15", 0, 0]
					}
				},
				"Rlidtop": {
					"rotation": {
						"0.0": {
							"vector": [0, 0, 0]
						},
						"0.25": {
							"vector": [0, 0, 0]
						},
						"0.5": {
							"vector": [0, 0, 0]
						}
					},
					"position": {
						"0.0": {
							"vector": [0, 0, 0]
						},
						"0.25": {
							"vector": [0, 0, 0]
						},
						"0.5": {
							"vector": [0, 0, 0]
						}
					},
					"scale": {
						"0.0": {
							"vector": [1, 1, 1]
						},
						"0.25": {
							"vector": [1, 2.3, 1]
						},
						"0.5": {
							"vector": [1, 1, 1]
						}
					}
				},
				"Rlidbottom": {
					"rotation": {
						"0.0": {
							"vector": [0, 0, 0]
						},
						"0.25": {
							"vector": [0, 0, 0]
						},
						"0.5": {
							"vector": [0, 0, 0]
						}
					},
					"position": {
						"0.0": {
							"vector": [0, 0, 0]
						},
						"0.25": {
							"vector": [0, 0, 0]
						},
						"0.5": {
							"vector": [0, 0, 0]
						}
					},
					"scale": {
						"0.0": {
							"vector": [1, 1, 1]
						},
						"0.25": {
							"vector": [1, 1.7, 1]
						},
						"0.5": {
							"vector": [1, 1, 1]
						}
					}
				},
				"rightpupil": {
					"position": {
						"0.0833": {
							"vector": [0.6, 0.15, 0]
						},
						"0.5833": {
							"vector": [0.6, 0.15, 0]
						}
					},
					"scale": {
						"0.0833": {
							"vector": [0.3, 0.4, 1]
						},
						"0.3333": {
							"vector": [0.4, 0.4, 1],
							"easing": "easeInOutQuad"
						},
						"0.5833": {
							"vector": [0.3, 0.4, 1]
						}
					}
				},
				"leftpupil": {
					"position": {
						"0.0833": {
							"vector": [-0.6, 0.15, 0]
						},
						"0.5833": {
							"vector": [-0.6, 0.15, 0]
						}
					},
					"scale": {
						"0.0833": {
							"vector": [0.3, 0.4, 1]
						},
						"0.3333": {
							"vector": [0.4, 0.4, 1],
							"easing": "easeInOutQuad"
						},
						"0.5833": {
							"vector": [0.3, 0.4, 1]
						}
					}
				},
				"Rlidtop2": {
					"rotation": {
						"0.0": {
							"vector": [0, 0, 0]
						},
						"0.25": {
							"vector": [0, 0, 0],
							"easing": "easeOutCubic"
						},
						"0.5": {
							"vector": [0, 0, 0]
						}
					},
					"position": {
						"0.0": {
							"vector": [0, 0, 0]
						},
						"0.25": {
							"vector": [0, 0, 0],
							"easing": "easeOutCubic"
						},
						"0.5": {
							"vector": [0, 0, 0]
						}
					},
					"scale": {
						"0.0": {
							"vector": [1, 1, 1]
						},
						"0.25": {
							"vector": [1, 2.3, 1],
							"easing": "easeOutCubic"
						},
						"0.5": {
							"vector": [1, 1, 1]
						}
					}
				},
				"Rlidbottom2": {
					"rotation": {
						"0.0": {
							"vector": [0, 0, 0]
						},
						"0.25": {
							"vector": [0, 0, 0],
							"easing": "easeOutCubic"
						},
						"0.5": {
							"vector": [0, 0, 0]
						}
					},
					"position": {
						"0.0": {
							"vector": [0, 0, 0]
						},
						"0.25": {
							"vector": [0, 0, 0],
							"easing": "easeOutCubic"
						},
						"0.5": {
							"vector": [0, 0, 0]
						}
					},
					"scale": {
						"0.0": {
							"vector": [1, 1, 1]
						},
						"0.25": {
							"vector": [1, 1.7, 1],
							"easing": "easeOutCubic"
						},
						"0.5": {
							"vector": [1, 1, 1]
						}
					}
				}
			}
		},
		"Gronckle.Sit": {
			"loop": true,
			"animation_length": 1.8,
			"bones": {
				"Chest": {
					"rotation": {
						"vector": [-15, 0, 0]
					},
					"position": {
						"vector": [0, "-3.5+math.cos(query.anim_time * 200) * 0.15", 0]
					}
				},
				"leftWingArm": {
					"rotation": {
						"vector": [20, -15, "40+math.cos(query.anim_time * 200 + 50) * 1.5"]
					}
				},
				"leftWing1": {
					"rotation": {
						"vector": [0, -25, "20+math.cos(query.anim_time * 200 - 50) * 2"]
					}
				},
				"leftWing2": {
					"rotation": {
						"vector": [0, -42.5, 0]
					}
				},
				"rightWingArm": {
					"rotation": {
						"vector": [20, 15, "-40+math.cos(query.anim_time * 200 + 50) * -1.5"]
					}
				},
				"rightWing1": {
					"rotation": {
						"vector": [0, 25, "-20+math.cos(query.anim_time * 200 - 50) * -2"]
					}
				},
				"rightWing2": {
					"rotation": {
						"vector": [0, 42.5, 0]
					}
				},
				"rightThigh": {
					"rotation": {
						"vector": [-52.5, 0, 10]
					},
					"position": {
						"vector": [0, "math.cos(query.anim_time * 200) * -0.15", 0]
					}
				},
				"rightShin": {
					"rotation": {
						"vector": [35, 0, 0]
					}
				},
				"rightBPaw": {
					"rotation": {
						"vector": [35, 0, 0]
					}
				},
				"leftThigh": {
					"rotation": {
						"vector": [-52.5, 0, -12.5]
					},
					"position": {
						"vector": [0, "math.cos(query.anim_time * 200) * -0.15", 0]
					}
				},
				"leftShin": {
					"rotation": {
						"vector": [35, 0, 0]
					}
				},
				"leftBPaw": {
					"rotation": {
						"vector": [35, 0, 0]
					}
				},
				"leftArm3": {
					"rotation": {
						"vector": [16.06209, 4.08638, -6.84688]
					},
					"position": {
						"vector": [0, "math.cos(query.anim_time * 200) * -0.15", 0]
					}
				},
				"leftFPaw3": {
					"rotation": {
						"vector": [17.5, 0, 0]
					}
				},
				"rightArm": {
					"rotation": {
						"vector": [21.07006, 1.80075, 5.85658]
					},
					"position": {
						"vector": [0, "math.cos(query.anim_time * 200) * -0.15", 0]
					}
				},
				"rightFPaw": {
					"rotation": {
						"vector": [20, 0, 0]
					}
				},
				"head": {
					"rotation": {
						"vector": ["15+math.cos(query.anim_time * 200 - 80) * 1", 0, 0]
					}
				},
				"leftEar": {
					"rotation": {
						"vector": ["-5+math.cos(query.anim_time * 200 - 140) * 3", 0, 0]
					}
				},
				"Jaw": {
					"rotation": {
						"vector": ["12.5+math.sin(query.anim_time * 1000 - 30) * 0.5", 0, 0]
					}
				},
				"Tail1": {
					"rotation": {
						"vector": [22.5, 10, 7.5]
					},
					"position": {
						"vector": [0, "math.cos(query.anim_time * 200) * -0.15", 0]
					}
				},
				"Tail2": {
					"rotation": {
						"vector": [-10, "15+math.cos(query.anim_time * 200 - 50) * 1", 0]
					}
				},
				"Tail3": {
					"rotation": {
						"vector": [-7.5, 5, 0]
					}
				},
				"rightEar": {
					"rotation": {
						"vector": ["-5+math.cos(query.anim_time * 200 - 140) * 3", 0, 0]
					}
				},
				"leftFArm3": {
					"rotation": {
						"vector": [-20.66584, -9.88744, 7.68615]
					}
				},
				"rightFArm": {
					"rotation": {
						"vector": [-22.74511, 5.05904, -5.54401]
					}
				},
				"Rlidtop": {
					"rotation": {
						"0.0": {
							"vector": [0, 0, 0]
						},
						"0.25": {
							"vector": [0, 0, 0]
						},
						"0.5": {
							"vector": [0, 0, 0]
						}
					},
					"position": {
						"0.0": {
							"vector": [0, 0, 0]
						},
						"0.25": {
							"vector": [0, 0, 0]
						},
						"0.5": {
							"vector": [0, 0, 0]
						}
					},
					"scale": {
						"0.0": {
							"vector": [1, 1, 1]
						},
						"0.25": {
							"vector": [1, 2.3, 1]
						},
						"0.5": {
							"vector": [1, 1, 1]
						}
					}
				},
				"Rlidbottom": {
					"rotation": {
						"0.0": {
							"vector": [0, 0, 0]
						},
						"0.25": {
							"vector": [0, 0, 0]
						},
						"0.5": {
							"vector": [0, 0, 0]
						}
					},
					"position": {
						"0.0": {
							"vector": [0, 0, 0]
						},
						"0.25": {
							"vector": [0, 0, 0]
						},
						"0.5": {
							"vector": [0, 0, 0]
						}
					},
					"scale": {
						"0.0": {
							"vector": [1, 1, 1]
						},
						"0.25": {
							"vector": [1, 1.7, 1]
						},
						"0.5": {
							"vector": [1, 1, 1]
						}
					}
				},
				"rightpupil": {
					"position": {
						"0.0833": {
							"vector": [0.6, 0.15, 0]
						},
						"0.5833": {
							"vector": [0.6, 0.15, 0]
						}
					},
					"scale": {
						"0.0833": {
							"vector": [0.5, 0.4, 1]
						},
						"0.3333": {
							"vector": [0.6, 0.4, 1],
							"easing": "easeInOutCubic"
						},
						"0.5833": {
							"vector": [0.5, 0.4, 1]
						}
					}
				},
				"leftpupil": {
					"position": {
						"0.0833": {
							"vector": [-0.6, 0.15, 0]
						},
						"0.5833": {
							"vector": [-0.6, 0.15, 0]
						}
					},
					"scale": {
						"0.0833": {
							"vector": [0.5, 0.4, 1]
						},
						"0.3333": {
							"vector": [0.6, 0.4, 1],
							"easing": "easeInOutCubic"
						},
						"0.5833": {
							"vector": [0.5, 0.4, 1]
						}
					}
				},
				"Rlidtop2": {
					"rotation": {
						"0.0": {
							"vector": [0, 0, 0]
						},
						"0.25": {
							"vector": [0, 0, 0],
							"easing": "easeOutCubic"
						},
						"0.5": {
							"vector": [0, 0, 0]
						}
					},
					"position": {
						"0.0": {
							"vector": [0, 0, 0]
						},
						"0.25": {
							"vector": [0, 0, 0],
							"easing": "easeOutCubic"
						},
						"0.5": {
							"vector": [0, 0, 0]
						}
					},
					"scale": {
						"0.0": {
							"vector": [1, 1, 1]
						},
						"0.25": {
							"vector": [1, 2.3, 1],
							"easing": "easeOutCubic"
						},
						"0.5": {
							"vector": [1, 1, 1]
						}
					}
				},
				"Rlidbottom2": {
					"rotation": {
						"0.0": {
							"vector": [0, 0, 0]
						},
						"0.25": {
							"vector": [0, 0, 0],
							"easing": "easeOutCubic"
						},
						"0.5": {
							"vector": [0, 0, 0]
						}
					},
					"position": {
						"0.0": {
							"vector": [0, 0, 0]
						},
						"0.25": {
							"vector": [0, 0, 0],
							"easing": "easeOutCubic"
						},
						"0.5": {
							"vector": [0, 0, 0]
						}
					},
					"scale": {
						"0.0": {
							"vector": [1, 1, 1]
						},
						"0.25": {
							"vector": [1, 1.7, 1],
							"easing": "easeOutCubic"
						},
						"0.5": {
							"vector": [1, 1, 1]
						}
					}
				}
			}
		},
		"Gronckle.Sleep": {
			"animation_length": 1.8,
			"bones": {
				"Chest": {
					"rotation": {
						"vector": [5, 0, 0]
					},
					"position": {
						"vector": [0, "-7+math.sin(query.anim_time * 200) * 0.25", 0]
					}
				},
				"leftWingArm": {
					"rotation": {
						"vector": [0, 10, "37.5+math.sin(query.anim_time * 200 - 100) * -2"]
					}
				},
				"leftWing1": {
					"rotation": {
						"vector": [0, -25, "22.5+math.sin(query.anim_time * 200 - 150) * -3"]
					}
				},
				"leftWing2": {
					"rotation": {
						"vector": [0, -42.5, 0]
					}
				},
				"rightWingArm": {
					"rotation": {
						"vector": [5, -12.5, "-55+math.sin(query.anim_time * 200 - 100) * 2"]
					}
				},
				"rightWing1": {
					"rotation": {
						"vector": [0, 25, "-12.5+math.sin(query.anim_time * 200 - 150) * 3"]
					}
				},
				"rightWing2": {
					"rotation": {
						"vector": [0, 42.5, 0]
					}
				},
				"rightThigh": {
					"rotation": {
						"vector": [-67.5, 0, 0]
					},
					"position": {
						"vector": [0, "math.sin(query.anim_time * 200) * -0.25", 0]
					}
				},
				"rightShin": {
					"rotation": {
						"vector": [37.5, 0, 0]
					}
				},
				"rightBPaw": {
					"rotation": {
						"vector": [32.5, 0, 0]
					}
				},
				"leftThigh": {
					"rotation": {
						"vector": [-65, 0, 0]
					},
					"position": {
						"vector": [0, "math.sin(query.anim_time * 200) * -0.25", 0]
					}
				},
				"leftShin": {
					"rotation": {
						"vector": [32.5, 0, 0]
					}
				},
				"leftBPaw": {
					"rotation": {
						"vector": [30, 0, 0]
					}
				},
				"leftArm3": {
					"rotation": {
						"vector": [-47.5, -47.5, 0]
					},
					"position": {
						"vector": [0, "math.sin(query.anim_time * 200) * -0.25", 0]
					}
				},
				"leftFPaw3": {
					"rotation": {
						"vector": [62.5, 0, 0]
					}
				},
				"rightArm": {
					"rotation": {
						"vector": [-52.5, 20, 0]
					},
					"position": {
						"vector": [0, "math.sin(query.anim_time * 200) * -0.25", 0]
					}
				},
				"rightFArm": {
					"rotation": {
						"vector": [-2.5, 5, 0]
					}
				},
				"rightFPaw": {
					"rotation": {
						"vector": [72.5, 0, 0]
					}
				},
				"head": {
					"rotation": {
						"vector": ["math.sin(query.anim_time * 200 - 40) * 0.8", -30, 0]
					}
				},
				"leftEar": {
					"rotation": {
						"vector": ["-47.5+math.sin(query.anim_time * 200 - 100) * 6", 17.5, 0]
					}
				},
				"Jaw": {
					"rotation": {
						"vector": [-15, 0, 0]
					}
				},
				"Tail1": {
					"rotation": {
						"vector": ["-7.4813+math.sin(query.anim_time * 200 - 10) * -0.8", "17.4973+math.sin(query.anim_time * 200 - 25)", 2.58256]
					}
				},
				"Tail2": {
					"rotation": {
						"vector": [0, "27.5+math.sin(query.anim_time * 200 - 100) * 1.5", 0]
					}
				},
				"rightEye": {
					"rotation": {
						"vector": [60, 0, 0]
					}
				},
				"rightEar": {
					"rotation": {
						"vector": ["-47.5+math.sin(query.anim_time * 200 - 100) * 6", 17.5, 0]
					}
				},
				"leftEye": {
					"rotation": {
						"vector": [60, 0, 0]
					}
				},
				"Rlidtop": {
					"rotation": {
						"vector": [0, 0, 0]
					},
					"position": {
						"vector": [0, 0, 0]
					},
					"scale": {
						"vector": [1, 2.3, 1]
					}
				},
				"Rlidbottom": {
					"rotation": {
						"vector": [0, 0, 0]
					},
					"position": {
						"vector": [0, 0, 0]
					},
					"scale": {
						"vector": [1, 1.7, 1]
					}
				},
				"rightpupil": {
					"position": {
						"vector": [0.3, -0.15, 0]
					},
					"scale": {
						"vector": [0.5, 0.5, 1]
					}
				},
				"leftpupil": {
					"position": {
						"vector": [-0.3, -0.15, 0]
					},
					"scale": {
						"vector": [0.5, 0.5, 1]
					}
				}
			}
		},
		"Gronckle.Fly": {
			"loop": true,
			"animation_length": 0.72,
			"bones": {
				"Chest": {
					"rotation": {
						"vector": ["math.cos(query.anim_time * 1000 - 30) * 1.5", 0, 0]
					},
					"position": {
						"vector": [0, "math.cos(query.anim_time * 1000) * 0.7", 0]
					}
				},
				"leftWingArm": {
					"rotation": {
						"vector": ["5+math.cos(query.anim_time * 1000 + 50) * 20", 0, "-10+math.cos(query.anim_time * 1000) * 60"]
					}
				},
				"leftWing1": {
					"rotation": {
						"vector": [0, 0, "20+math.cos(query.anim_time * 1000 - 80) * 40"]
					}
				},
				"rightWingArm": {
					"rotation": {
						"vector": ["5+math.cos(query.anim_time * 1000 + 50) * 20", 0, "10+math.cos(query.anim_time * 1000) * -60"]
					}
				},
				"rightWing1": {
					"rotation": {
						"vector": [0, 0, "-20+math.cos(query.anim_time * 1000 - 80) * -40"]
					}
				},
				"rightThigh": {
					"rotation": {
						"vector": ["32.3858+math.cos(query.anim_time * 1000 - 80) * 3", -9.98073, -0.63164]
					}
				},
				"rightShin": {
					"rotation": {
						"vector": [15, 0, 0]
					}
				},
				"rightBPaw": {
					"rotation": {
						"vector": [47.5, 0, 0]
					}
				},
				"leftThigh": {
					"rotation": {
						"vector": ["37.2917+math.cos(query.anim_time * 1000 - 120) * 3", 9.93609, 1.14926]
					}
				},
				"leftBPaw": {
					"rotation": {
						"vector": [47.5, 0, 0]
					}
				},
				"leftArm3": {
					"rotation": {
						"vector": ["49.0068+math.cos(query.anim_time * 1000 - 80) * 3", 21.41788, 0.54527]
					}
				},
				"leftFArm3": {
					"rotation": {
						"vector": [-12.5, 0, 0]
					}
				},
				"leftFPaw3": {
					"rotation": {
						"vector": [20, 0, 0]
					}
				},
				"rightArm": {
					"rotation": {
						"vector": ["59.4702+math.cos(query.anim_time * 1000 - 120) * 3", -16.28236, -1.33467]
					}
				},
				"rightFArm": {
					"rotation": {
						"vector": [-12.5, 0, 0]
					}
				},
				"rightFPaw": {
					"rotation": {
						"vector": [20, 0, 0]
					}
				},
				"head": {
					"rotation": {
						"vector": ["5+math.cos(query.anim_time * 1000 - 50) * -1", 0, 0]
					}
				},
				"leftEar": {
					"rotation": {
						"vector": ["math.cos(query.anim_time * 1000 - 80) * 5", 0, 0]
					}
				},
				"Jaw": {
					"rotation": {
						"vector": ["-7.5+math.cos(query.anim_time * 1000 + 50) * 1", 0, 0]
					}
				},
				"Tail1": {
					"rotation": {
						"vector": ["-10+math.cos(query.anim_time * 1000 - 50) * 1.5", "math.cos(query.anim_time * 500) * -1.5", 0]
					}
				},
				"Tail2": {
					"rotation": {
						"vector": ["math.cos(query.anim_time * 1000 - 100) * 3", "math.cos(query.anim_time * 500 - 50) * -3", 0]
					}
				},
				"rightEar": {
					"rotation": {
						"vector": ["math.cos(query.anim_time * 1000 - 80) * 5", 0, 0]
					}
				},
				"Rlidtop": {
					"rotation": {
						"0.0": {
							"vector": [0, 0, 0]
						},
						"0.25": {
							"vector": [0, 0, 0]
						},
						"0.5": {
							"vector": [0, 0, 0]
						}
					},
					"position": {
						"0.0": {
							"vector": [0, 0, 0]
						},
						"0.25": {
							"vector": [0, 0, 0]
						},
						"0.5": {
							"vector": [0, 0, 0]
						}
					},
					"scale": {
						"0.0": {
							"vector": [1, 1, 1]
						},
						"0.25": {
							"vector": [1, 2.3, 1]
						},
						"0.5": {
							"vector": [1, 1, 1]
						}
					}
				},
				"Rlidbottom": {
					"rotation": {
						"0.0": {
							"vector": [0, 0, 0]
						},
						"0.25": {
							"vector": [0, 0, 0]
						},
						"0.5": {
							"vector": [0, 0, 0]
						}
					},
					"position": {
						"0.0": {
							"vector": [0, 0, 0]
						},
						"0.25": {
							"vector": [0, 0, 0]
						},
						"0.5": {
							"vector": [0, 0, 0]
						}
					},
					"scale": {
						"0.0": {
							"vector": [1, 1, 1]
						},
						"0.25": {
							"vector": [1, 1.7, 1]
						},
						"0.5": {
							"vector": [1, 1, 1]
						}
					}
				},
				"rightpupil": {
					"position": {
						"0.0833": {
							"vector": [0.6, 0.15, 0]
						},
						"0.5833": {
							"vector": [0.6, 0.15, 0]
						}
					},
					"scale": {
						"0.0833": {
							"vector": [0.3, 0.4, 1]
						},
						"0.3333": {
							"vector": [0.4, 0.4, 1],
							"easing": "easeInOutQuad"
						},
						"0.5833": {
							"vector": [0.3, 0.4, 1]
						}
					}
				},
				"leftpupil": {
					"position": {
						"0.0833": {
							"vector": [-0.6, 0.15, 0]
						},
						"0.5833": {
							"vector": [-0.6, 0.15, 0]
						}
					},
					"scale": {
						"0.0833": {
							"vector": [0.3, 0.4, 1]
						},
						"0.3333": {
							"vector": [0.4, 0.4, 1],
							"easing": "easeInOutQuad"
						},
						"0.5833": {
							"vector": [0.3, 0.4, 1]
						}
					}
				},
				"Rlidtop2": {
					"rotation": {
						"0.0": {
							"vector": [0, 0, 0]
						},
						"0.25": {
							"vector": [0, 0, 0],
							"easing": "easeOutCubic"
						},
						"0.5": {
							"vector": [0, 0, 0]
						}
					},
					"position": {
						"0.0": {
							"vector": [0, 0, 0]
						},
						"0.25": {
							"vector": [0, 0, 0],
							"easing": "easeOutCubic"
						},
						"0.5": {
							"vector": [0, 0, 0]
						}
					},
					"scale": {
						"0.0": {
							"vector": [1, 1, 1]
						},
						"0.25": {
							"vector": [1, 2.3, 1],
							"easing": "easeOutCubic"
						},
						"0.5": {
							"vector": [1, 1, 1]
						}
					}
				},
				"Rlidbottom2": {
					"rotation": {
						"0.0": {
							"vector": [0, 0, 0]
						},
						"0.25": {
							"vector": [0, 0, 0],
							"easing": "easeOutCubic"
						},
						"0.5": {
							"vector": [0, 0, 0]
						}
					},
					"position": {
						"0.0": {
							"vector": [0, 0, 0]
						},
						"0.25": {
							"vector": [0, 0, 0],
							"easing": "easeOutCubic"
						},
						"0.5": {
							"vector": [0, 0, 0]
						}
					},
					"scale": {
						"0.0": {
							"vector": [1, 1, 1]
						},
						"0.25": {
							"vector": [1, 1.7, 1],
							"easing": "easeOutCubic"
						},
						"0.5": {
							"vector": [1, 1, 1]
						}
					}
				}
			}
		},
		"Gronckle.Hover": {
			"animation_length": 0.72,
			"bones": {
				"Chest": {
					"rotation": {
						"vector": ["-22.5+math.cos(query.anim_time * 1000 - 30) * 1.5", 0, 0]
					},
					"position": {
						"vector": [0, "math.cos(query.anim_time * 1000) * 0.7", 0]
					}
				},
				"leftWingArm": {
					"rotation": {
						"vector": ["22.5+math.cos(query.anim_time * 1000 + 50) * 20", 0, "-10+math.cos(query.anim_time * 1000) * 60"]
					}
				},
				"leftWing1": {
					"rotation": {
						"vector": [0, 0, "20+math.cos(query.anim_time * 1000 - 80) * 40"]
					}
				},
				"rightWingArm": {
					"rotation": {
						"vector": ["22.5+math.cos(query.anim_time * 1000 + 50) * 20", 0, "10+math.cos(query.anim_time * 1000) * -60"]
					}
				},
				"rightWing1": {
					"rotation": {
						"vector": [0, 0, "-20+math.cos(query.anim_time * 1000 - 80) * -40"]
					}
				},
				"rightThigh": {
					"rotation": {
						"vector": ["17.0331+math.cos(query.anim_time * 1000 - 80) * 3", 3.67935, 15.23066]
					}
				},
				"rightShin": {
					"rotation": {
						"vector": [15, 0, 0]
					}
				},
				"rightBPaw": {
					"rotation": {
						"vector": [47.5, 0, 0]
					}
				},
				"leftThigh": {
					"rotation": {
						"vector": ["22.8723+math.cos(query.anim_time * 1000 - 120) * 3", -1.64836, -10.27226]
					}
				},
				"leftBPaw": {
					"rotation": {
						"vector": [47.5, 0, 0]
					}
				},
				"leftArm3": {
					"rotation": {
						"vector": ["31.8111+math.cos(query.anim_time * 1000 - 80) * 6", 14.3515, -4.50901]
					}
				},
				"leftFArm3": {
					"rotation": {
						"vector": [-12.5, 0, 0]
					}
				},
				"leftFPaw3": {
					"rotation": {
						"vector": [20, 0, 0]
					}
				},
				"rightArm": {
					"rotation": {
						"vector": ["40.213+math.cos(query.anim_time * 1000 - 120) * 6", -8.05839, 5.82957]
					}
				},
				"rightFArm": {
					"rotation": {
						"vector": [-12.5, 0, 0]
					}
				},
				"rightFPaw": {
					"rotation": {
						"vector": [20, 0, 0]
					}
				},
				"head": {
					"rotation": {
						"vector": ["22.5+math.cos(query.anim_time * 1000 - 50) * -1", 0, 0]
					}
				},
				"leftEar": {
					"rotation": {
						"vector": ["math.cos(query.anim_time * 1000 - 80) * 5", 0, 0]
					}
				},
				"Jaw": {
					"rotation": {
						"vector": ["-7.5+math.cos(query.anim_time * 1000 + 50) * 1", 0, 0]
					}
				},
				"Tail1": {
					"rotation": {
						"vector": ["-27.5+math.cos(query.anim_time * 1000 - 50) * 1.5", "math.cos(query.anim_time * 500) * -1.5", 0]
					}
				},
				"Tail2": {
					"rotation": {
						"vector": ["-15+math.cos(query.anim_time * 1000 - 100) * 3", "math.cos(query.anim_time * 500 - 50) * -3", 0]
					}
				},
				"Tail3": {
					"rotation": {
						"vector": [7.5, 0, 0]
					}
				},
				"rightEar": {
					"rotation": {
						"vector": ["math.cos(query.anim_time * 1000 - 80) * 5", 0, 0]
					}
				},
				"Rlidtop": {
					"rotation": {
						"0.0": {
							"vector": [0, 0, 0]
						},
						"0.25": {
							"vector": [0, 0, 0]
						},
						"0.5": {
							"vector": [0, 0, 0]
						}
					},
					"position": {
						"0.0": {
							"vector": [0, 0, 0]
						},
						"0.25": {
							"vector": [0, 0, 0]
						},
						"0.5": {
							"vector": [0, 0, 0]
						}
					},
					"scale": {
						"0.0": {
							"vector": [1, 1, 1]
						},
						"0.25": {
							"vector": [1, 2.3, 1]
						},
						"0.5": {
							"vector": [1, 1, 1]
						}
					}
				},
				"Rlidbottom": {
					"rotation": {
						"0.0": {
							"vector": [0, 0, 0]
						},
						"0.25": {
							"vector": [0, 0, 0]
						},
						"0.5": {
							"vector": [0, 0, 0]
						}
					},
					"position": {
						"0.0": {
							"vector": [0, 0, 0]
						},
						"0.25": {
							"vector": [0, 0, 0]
						},
						"0.5": {
							"vector": [0, 0, 0]
						}
					},
					"scale": {
						"0.0": {
							"vector": [1, 1, 1]
						},
						"0.25": {
							"vector": [1, 1.7, 1]
						},
						"0.5": {
							"vector": [1, 1, 1]
						}
					}
				},
				"rightpupil": {
					"position": {
						"0.0833": {
							"vector": [0.6, 0.15, 0]
						},
						"0.5833": {
							"vector": [0.6, 0.15, 0]
						}
					},
					"scale": {
						"0.0833": {
							"vector": [0.3, 0.4, 1]
						},
						"0.3333": {
							"vector": [0.4, 0.4, 1],
							"easing": "easeInOutQuad"
						},
						"0.5833": {
							"vector": [0.3, 0.4, 1]
						}
					}
				},
				"leftpupil": {
					"position": {
						"0.0833": {
							"vector": [-0.6, 0.15, 0]
						},
						"0.5833": {
							"vector": [-0.6, 0.15, 0]
						}
					},
					"scale": {
						"0.0833": {
							"vector": [0.3, 0.4, 1]
						},
						"0.3333": {
							"vector": [0.4, 0.4, 1],
							"easing": "easeInOutQuad"
						},
						"0.5833": {
							"vector": [0.3, 0.4, 1]
						}
					}
				},
				"Rlidtop2": {
					"rotation": {
						"0.0": {
							"vector": [0, 0, 0]
						},
						"0.25": {
							"vector": [0, 0, 0],
							"easing": "easeOutCubic"
						},
						"0.5": {
							"vector": [0, 0, 0]
						}
					},
					"position": {
						"0.0": {
							"vector": [0, 0, 0]
						},
						"0.25": {
							"vector": [0, 0, 0],
							"easing": "easeOutCubic"
						},
						"0.5": {
							"vector": [0, 0, 0]
						}
					},
					"scale": {
						"0.0": {
							"vector": [1, 1, 1]
						},
						"0.25": {
							"vector": [1, 2.3, 1],
							"easing": "easeOutCubic"
						},
						"0.5": {
							"vector": [1, 1, 1]
						}
					}
				},
				"Rlidbottom2": {
					"rotation": {
						"0.0": {
							"vector": [0, 0, 0]
						},
						"0.25": {
							"vector": [0, 0, 0],
							"easing": "easeOutCubic"
						},
						"0.5": {
							"vector": [0, 0, 0]
						}
					},
					"position": {
						"0.0": {
							"vector": [0, 0, 0]
						},
						"0.25": {
							"vector": [0, 0, 0],
							"easing": "easeOutCubic"
						},
						"0.5": {
							"vector": [0, 0, 0]
						}
					},
					"scale": {
						"0.0": {
							"vector": [1, 1, 1]
						},
						"0.25": {
							"vector": [1, 1.7, 1],
							"easing": "easeOutCubic"
						},
						"0.5": {
							"vector": [1, 1, 1]
						}
					}
				}
			}
		},
		"Gronckle.Glide": {
			"animation_length": 2.88,
			"bones": {
				"Chest": {
					"rotation": {
						"0.0": {
							"vector": ["math.cos(query.anim_time * 1000 - 30) * 1.5", 0, 0]
						},
						"1.28": {
							"vector": ["math.cos(query.anim_time * 1000 - 30) * 1.5", 0, 0]
						},
						"1.64": {
							"vector": ["math.sin(query.anim_time * 600 - 30) * 1.5", 0, 0]
						},
						"2.16": {
							"vector": ["math.cos(query.anim_time * 1000 - 30) * 1.5", 0, 0]
						}
					},
					"position": {
						"0.0": {
							"vector": [0, "math.cos(query.anim_time * 1000) * 0.7", 0]
						},
						"1.28": {
							"vector": [0, "math.cos(query.anim_time * 1000) * 0.7", 0]
						},
						"1.64": {
							"vector": [0, "math.sin(query.anim_time * 600) * 0.7", 0]
						},
						"2.16": {
							"vector": [0, "math.cos(query.anim_time * 1000) * 0.7", 0]
						}
					}
				},
				"leftWingArm": {
					"rotation": {
						"0.0": {
							"vector": ["5+math.cos(query.anim_time * 1000 + 50) * 20", 0, "-10+math.cos(query.anim_time * 1000) * 60"]
						},
						"1.28": {
							"vector": ["5+math.cos(query.anim_time * 1000 + 50) * 20", 0, "-10+math.cos(query.anim_time * 1000) * 60"]
						},
						"1.64": {
							"vector": [-8.5, 5, "-44.5+math.sin(query.anim_time * 600) * -3"]
						},
						"1.96": {
							"vector": [-10, 0, "-15+math.sin(query.anim_time * 600) * -3"]
						},
						"2.16": {
							"vector": ["5+math.cos(query.anim_time * 1000 + 50) * 20", 0, "-10+math.cos(query.anim_time * 1000) * 60"]
						}
					}
				},
				"leftWing1": {
					"rotation": {
						"0.0": {
							"vector": [0, 0, "20+math.cos(query.anim_time * 1000 - 80) * 40"]
						},
						"1.28": {
							"vector": [0, 0, "20+math.cos(query.anim_time * 1000 - 80) * 40"]
						},
						"1.64": {
							"vector": [0, 0, "17.5+math.sin(query.anim_time * 600 - 50) * -5"]
						},
						"1.96": {
							"vector": [0, 0, "17.5+math.sin(query.anim_time * 600 - 50) * -5"]
						},
						"2.16": {
							"vector": [0, 0, "20+math.cos(query.anim_time * 1000 - 80) * 40"]
						}
					}
				},
				"rightWingArm": {
					"rotation": {
						"0.0": {
							"vector": ["5+math.cos(query.anim_time * 1000 + 50) * 20", 0, "10+math.cos(query.anim_time * 1000) * -60"]
						},
						"1.28": {
							"vector": ["5+math.cos(query.anim_time * 1000 + 50) * 20", 0, "10+math.cos(query.anim_time * 1000) * -60"]
						},
						"1.64": {
							"vector": [-8.5, 5, "44.5+math.sin(query.anim_time * 600) * 3"]
						},
						"1.96": {
							"vector": [-10, 0, "15+math.sin(query.anim_time * 600) * 3"]
						},
						"2.16": {
							"vector": ["5+math.cos(query.anim_time * 1000 + 50) * 20", 0, "10+math.cos(query.anim_time * 1000) * -60"]
						}
					}
				},
				"rightWing1": {
					"rotation": {
						"0.0": {
							"vector": [0, 0, "-20+math.cos(query.anim_time * 1000 - 80) * -40"]
						},
						"1.28": {
							"vector": [0, 0, "-20+math.cos(query.anim_time * 1000 - 80) * -40"]
						},
						"1.4": {
							"vector": [0, 0, "-17.5+math.sin(query.anim_time * 600 - 50) * 5"]
						},
						"1.64": {
							"vector": [0, 0, "-17.5+math.sin(query.anim_time * 600 - 50) * 5"]
						},
						"1.96": {
							"vector": [0, 0, "-17.5+math.sin(query.anim_time * 600 - 50) * 5"]
						},
						"2.16": {
							"vector": [0, 0, "-20+math.cos(query.anim_time * 1000 - 80) * -40"]
						}
					}
				},
				"rightThigh": {
					"rotation": {
						"0.0": {
							"vector": ["32.3703+math.cos(query.anim_time * 1000 - 80) * 3", -14.97141, -0.93733]
						},
						"1.28": {
							"vector": ["32.4426+math.cos(query.anim_time * 1000 - 80) * 3", -14.99441, -0.41476]
						},
						"2.16": {
							"vector": ["32.3703+math.cos(query.anim_time * 1000 - 80) * 3", -14.97141, -0.93733]
						}
					}
				},
				"rightShin": {
					"rotation": {
						"0.0": {
							"vector": [15, 0, 0]
						},
						"1.28": {
							"vector": [15, 0, 0]
						},
						"2.16": {
							"vector": [15, 0, 0]
						}
					}
				},
				"rightBPaw": {
					"rotation": {
						"0.0": {
							"vector": [47.5, 0, 0]
						},
						"1.28": {
							"vector": [47.5, 0, 0]
						},
						"2.16": {
							"vector": [47.5, 0, 0]
						}
					}
				},
				"leftThigh": {
					"rotation": {
						"0.0": {
							"vector": ["37.263+math.cos(query.anim_time * 1000 - 120) * 3", 14.90516, 1.70544]
						},
						"1.28": {
							"vector": ["37.1896+math.cos(query.anim_time * 1000 - 120) * 3", 14.83834, 2.2242]
						},
						"2.16": {
							"vector": ["37.263+math.cos(query.anim_time * 1000 - 120) * 3", 14.90516, 1.70544]
						}
					}
				},
				"leftBPaw": {
					"rotation": {
						"0.0": {
							"vector": [47.5, 0, 0]
						},
						"1.28": {
							"vector": [47.5, 0, 0]
						},
						"2.16": {
							"vector": [47.5, 0, 0]
						}
					}
				},
				"leftArm3": {
					"rotation": {
						"0.0": {
							"vector": ["49.0068+math.cos(query.anim_time * 1000 - 80) * 3", 21.41788, 0.54527]
						},
						"1.28": {
							"vector": ["48.9597+math.cos(query.anim_time * 1000 - 80) * 3", 20.65276, -0.18727]
						},
						"2.16": {
							"vector": ["49.0068+math.cos(query.anim_time * 1000 - 80) * 3", 21.41788, 0.54527]
						}
					}
				},
				"leftFArm3": {
					"rotation": {
						"0.0": {
							"vector": [-12.5, 0, 0]
						},
						"1.28": {
							"vector": [-12.5, 0, 0]
						},
						"2.16": {
							"vector": [-12.5, 0, 0]
						}
					}
				},
				"leftFPaw3": {
					"rotation": {
						"0.0": {
							"vector": [20, 0, 0]
						},
						"1.28": {
							"vector": [20, 0, 0]
						},
						"2.16": {
							"vector": [20, 0, 0]
						}
					}
				},
				"rightArm": {
					"rotation": {
						"0.0": {
							"vector": ["59.4702+math.cos(query.anim_time * 1000 - 120) * 3", -16.28236, -1.33468]
						},
						"1.28": {
							"vector": ["59.5064+math.cos(query.anim_time * 1000 - 120) * 3", -16.9143, -2.18076]
						},
						"2.16": {
							"vector": ["59.4702+math.cos(query.anim_time * 1000 - 120) * 3", -16.28236, -1.33468]
						}
					}
				},
				"rightFArm": {
					"rotation": {
						"0.0": {
							"vector": [-12.5, 0, 0]
						},
						"1.28": {
							"vector": [-12.5, 0, 0]
						},
						"2.16": {
							"vector": [-12.5, 0, 0]
						}
					}
				},
				"rightFPaw": {
					"rotation": {
						"0.0": {
							"vector": [20, 0, 0]
						},
						"1.28": {
							"vector": [20, 0, 0]
						},
						"2.16": {
							"vector": [20, 0, 0]
						}
					}
				},
				"head": {
					"rotation": {
						"0.0": {
							"vector": ["5+math.cos(query.anim_time * 1000 - 50) * -1", 0, 0]
						},
						"1.28": {
							"vector": ["5+math.cos(query.anim_time * 1000 - 50) * -1", 0, 0]
						},
						"2.16": {
							"vector": ["5+math.cos(query.anim_time * 1000 - 50) * -1", 0, 0]
						}
					}
				},
				"leftEar": {
					"rotation": {
						"0.0": {
							"vector": ["math.cos(query.anim_time * 1000 - 80) * 5", 0, 0]
						},
						"1.28": {
							"vector": ["math.cos(query.anim_time * 1000 - 80) * 5", 0, 0]
						},
						"2.16": {
							"vector": ["math.cos(query.anim_time * 1000 - 80) * 5", 0, 0]
						}
					}
				},
				"Jaw": {
					"rotation": {
						"0.0": {
							"vector": ["-7.5+math.cos(query.anim_time * 1000 + 50) * 1", 0, 0]
						},
						"1.28": {
							"vector": ["-7.5+math.cos(query.anim_time * 1000 + 50) * 1", 0, 0]
						},
						"2.16": {
							"vector": ["-7.5+math.cos(query.anim_time * 1000 + 50) * 1", 0, 0]
						}
					}
				},
				"Tail1": {
					"rotation": {
						"0.0": {
							"vector": ["-10+math.cos(query.anim_time * 1000 - 50) * 1.5", "math.cos(query.anim_time * 500) * -1.5", 0]
						},
						"1.28": {
							"vector": ["-10+math.cos(query.anim_time * 1000 - 50) * 1.5", "math.cos(query.anim_time * 500) * -1.5", 0]
						},
						"2.16": {
							"vector": ["-10+math.cos(query.anim_time * 1000 - 50) * 1.5", "math.cos(query.anim_time * 500) * -1.5", 0]
						}
					}
				},
				"Tail2": {
					"rotation": {
						"0.0": {
							"vector": ["math.cos(query.anim_time * 1000 - 100) * 3", "math.cos(query.anim_time * 500 - 50) * -3", 0]
						},
						"1.28": {
							"vector": ["math.cos(query.anim_time * 1000 - 100) * 3", "math.cos(query.anim_time * 500 - 50) * -3", 0]
						},
						"1.64": {
							"vector": ["math.sin(query.anim_time * 600 - 100) * 2", -1.93, 0]
						},
						"2.16": {
							"vector": ["math.cos(query.anim_time * 1000 - 100) * 3", "math.cos(query.anim_time * 500 - 50) * -3", 0]
						}
					}
				},
				"rightEar": {
					"rotation": {
						"0.0": {
							"vector": ["math.cos(query.anim_time * 1000 - 80) * 5", 0, 0]
						},
						"1.28": {
							"vector": ["math.cos(query.anim_time * 1000 - 80) * 5", 0, 0]
						},
						"2.16": {
							"vector": ["math.cos(query.anim_time * 1000 - 80) * 5", 0, 0]
						}
					}
				},
				"Rlidtop": {
					"rotation": {
						"0.0": {
							"vector": [0, 0, 0]
						},
						"0.24": {
							"vector": [0, 0, 0]
						},
						"0.52": {
							"vector": [0, 0, 0]
						}
					},
					"position": {
						"0.0": {
							"vector": [0, 0, 0]
						},
						"0.24": {
							"vector": [0, 0, 0]
						},
						"0.52": {
							"vector": [0, 0, 0]
						}
					},
					"scale": {
						"0.0": {
							"vector": [1, 1, 1]
						},
						"0.24": {
							"vector": [1, 2.3, 1]
						},
						"0.52": {
							"vector": [1, 1, 1]
						}
					}
				},
				"Rlidbottom": {
					"rotation": {
						"0.0": {
							"vector": [0, 0, 0]
						},
						"0.24": {
							"vector": [0, 0, 0]
						},
						"0.52": {
							"vector": [0, 0, 0]
						}
					},
					"position": {
						"0.0": {
							"vector": [0, 0, 0]
						},
						"0.24": {
							"vector": [0, 0, 0]
						},
						"0.52": {
							"vector": [0, 0, 0]
						}
					},
					"scale": {
						"0.0": {
							"vector": [1, 1, 1]
						},
						"0.24": {
							"vector": [1, 1.7, 1]
						},
						"0.52": {
							"vector": [1, 1, 1]
						}
					}
				},
				"rightpupil": {
					"position": {
						"0.08": {
							"vector": [0.6, 0.15, 0]
						},
						"0.6": {
							"vector": [0.6, 0.15, 0]
						}
					},
					"scale": {
						"0.08": {
							"vector": [0.3, 0.4, 1]
						},
						"0.32": {
							"vector": [0.4, 0.4, 1],
							"easing": "easeInOutQuad"
						},
						"0.6": {
							"vector": [0.3, 0.4, 1]
						}
					}
				},
				"leftpupil": {
					"position": {
						"0.08": {
							"vector": [-0.6, 0.15, 0]
						},
						"0.6": {
							"vector": [-0.6, 0.15, 0]
						}
					},
					"scale": {
						"0.08": {
							"vector": [0.3, 0.4, 1]
						},
						"0.32": {
							"vector": [0.4, 0.4, 1],
							"easing": "easeInOutQuad"
						},
						"0.6": {
							"vector": [0.3, 0.4, 1]
						}
					}
				},
				"Rlidtop2": {
					"rotation": {
						"0.0": {
							"vector": [0, 0, 0]
						},
						"0.24": {
							"vector": [0, 0, 0],
							"easing": "easeOutCubic"
						},
						"0.52": {
							"vector": [0, 0, 0]
						}
					},
					"position": {
						"0.0": {
							"vector": [0, 0, 0]
						},
						"0.24": {
							"vector": [0, 0, 0],
							"easing": "easeOutCubic"
						},
						"0.52": {
							"vector": [0, 0, 0]
						}
					},
					"scale": {
						"0.0": {
							"vector": [1, 1, 1]
						},
						"0.24": {
							"vector": [1, 2.3, 1],
							"easing": "easeOutCubic"
						},
						"0.52": {
							"vector": [1, 1, 1]
						}
					}
				},
				"Rlidbottom2": {
					"rotation": {
						"0.0": {
							"vector": [0, 0, 0]
						},
						"0.24": {
							"vector": [0, 0, 0],
							"easing": "easeOutCubic"
						},
						"0.52": {
							"vector": [0, 0, 0]
						}
					},
					"position": {
						"0.0": {
							"vector": [0, 0, 0]
						},
						"0.24": {
							"vector": [0, 0, 0],
							"easing": "easeOutCubic"
						},
						"0.52": {
							"vector": [0, 0, 0]
						}
					},
					"scale": {
						"0.0": {
							"vector": [1, 1, 1]
						},
						"0.24": {
							"vector": [1, 1.7, 1],
							"easing": "easeOutCubic"
						},
						"0.52": {
							"vector": [1, 1, 1]
						}
					}
				}
			}
		},
		"Gronckle.FlyUP": {
			"animation_length": 0.72,
			"bones": {
				"Chest": {
					"rotation": {
						"vector": ["math.cos(query.anim_time * 1000 - 30) * 1.5", 0, 0]
					},
					"position": {
						"vector": [0, "math.cos(query.anim_time * 1000) * 0.7", 0]
					}
				},
				"leftWingArm": {
					"rotation": {
						"vector": ["15+math.cos(query.anim_time * 1000 + 50) * 30", 0, "-10+math.cos(query.anim_time * 1000) * 60"]
					}
				},
				"leftWing1": {
					"rotation": {
						"vector": [0, 0, "20+math.cos(query.anim_time * 1000 - 80) * 40"]
					}
				},
				"rightWingArm": {
					"rotation": {
						"vector": ["15+math.cos(query.anim_time * 1000 + 50) * 30", 0, "10+math.cos(query.anim_time * 1000) * -60"]
					}
				},
				"rightWing1": {
					"rotation": {
						"vector": [0, 0, "-20+math.cos(query.anim_time * 1000 - 80) * -40"]
					}
				},
				"rightThigh": {
					"rotation": {
						"vector": ["32.3703+math.cos(query.anim_time * 1000 - 80) * 3", -14.97141, -0.93733]
					}
				},
				"rightShin": {
					"rotation": {
						"vector": [15, 0, 0]
					}
				},
				"rightBPaw": {
					"rotation": {
						"vector": [47.5, 0, 0]
					}
				},
				"leftThigh": {
					"rotation": {
						"vector": ["37.263+math.cos(query.anim_time * 1000 - 120) * 3", 14.90516, 1.70544]
					}
				},
				"leftBPaw": {
					"rotation": {
						"vector": [47.5, 0, 0]
					}
				},
				"leftArm3": {
					"rotation": {
						"vector": ["49.0068+math.cos(query.anim_time * 1000 - 80) * 3", 21.41788, 0.54527]
					}
				},
				"leftFArm3": {
					"rotation": {
						"vector": [-12.5, 0, 0]
					}
				},
				"leftFPaw3": {
					"rotation": {
						"vector": [20, 0, 0]
					}
				},
				"rightArm": {
					"rotation": {
						"vector": ["59.4702+math.cos(query.anim_time * 1000 - 120) * 3", -16.28236, -1.33468]
					}
				},
				"rightFArm": {
					"rotation": {
						"vector": [-12.5, 0, 0]
					}
				},
				"rightFPaw": {
					"rotation": {
						"vector": [20, 0, 0]
					}
				},
				"head": {
					"rotation": {
						"vector": ["-5+math.cos(query.anim_time * 1000 - 50) * -3", 0, 0]
					}
				},
				"leftEar": {
					"rotation": {
						"vector": ["math.cos(query.anim_time * 1000 - 80) * 10", 0, 0]
					}
				},
				"Jaw": {
					"rotation": {
						"vector": ["5+math.cos(query.anim_time * 1000 + 50) * 1", 0, 0]
					}
				},
				"Tail1": {
					"rotation": {
						"vector": ["-10+math.cos(query.anim_time * 1000 - 50) * 1.7", "math.cos(query.anim_time * 500) * -1.5", 0]
					}
				},
				"Tail2": {
					"rotation": {
						"vector": ["math.cos(query.anim_time * 1000 - 100) * 4", "math.cos(query.anim_time * 500 - 50) * -3", 0]
					}
				},
				"rightEar": {
					"rotation": {
						"vector": ["math.cos(query.anim_time * 1000 - 80) * 10", 0, 0]
					}
				},
				"Rlidtop": {
					"rotation": {
						"0.0": {
							"vector": [0, 0, 0]
						},
						"0.25": {
							"vector": [0, 0, 0]
						},
						"0.5": {
							"vector": [0, 0, 0]
						}
					},
					"position": {
						"0.0": {
							"vector": [0, 0, 0]
						},
						"0.25": {
							"vector": [0, 0, 0]
						},
						"0.5": {
							"vector": [0, 0, 0]
						}
					},
					"scale": {
						"0.0": {
							"vector": [1, 1, 1]
						},
						"0.25": {
							"vector": [1, 2.3, 1]
						},
						"0.5": {
							"vector": [1, 1, 1]
						}
					}
				},
				"Rlidbottom": {
					"rotation": {
						"0.0": {
							"vector": [0, 0, 0]
						},
						"0.25": {
							"vector": [0, 0, 0]
						},
						"0.5": {
							"vector": [0, 0, 0]
						}
					},
					"position": {
						"0.0": {
							"vector": [0, 0, 0]
						},
						"0.25": {
							"vector": [0, 0, 0]
						},
						"0.5": {
							"vector": [0, 0, 0]
						}
					},
					"scale": {
						"0.0": {
							"vector": [1, 1, 1]
						},
						"0.25": {
							"vector": [1, 1.7, 1]
						},
						"0.5": {
							"vector": [1, 1, 1]
						}
					}
				},
				"rightpupil": {
					"position": {
						"0.0": {
							"vector": [0.3, -0.15, 0]
						},
						"0.5": {
							"vector": [0.3, -0.15, 0]
						}
					},
					"scale": {
						"0.0": {
							"vector": [0.4, 0.5, 1]
						},
						"0.25": {
							"vector": [0.5, 0.5, 1]
						},
						"0.5": {
							"vector": [0.4, 0.5, 1]
						}
					}
				},
				"leftpupil": {
					"position": {
						"0.0": {
							"vector": [-0.3, -0.15, 0]
						},
						"0.5": {
							"vector": [-0.3, -0.15, 0]
						}
					},
					"scale": {
						"0.0": {
							"vector": [0.4, 0.5, 1]
						},
						"0.25": {
							"vector": [0.5, 0.5, 1]
						},
						"0.5": {
							"vector": [0.4, 0.5, 1]
						}
					}
				}
			}
		},
		"Gronckle.Dive": {
			"animation_length": 3.6,
			"bones": {
				"rightThigh": {
					"rotation": {
						"vector": [37.20867, -14.85725, "-2.0907+math.sin(query.anim_time * 600 - 70) * 5"]
					}
				},
				"rightShin": {
					"rotation": {
						"vector": [25, 0, 0]
					}
				},
				"rightBPaw": {
					"rotation": {
						"vector": [47.5, 0, 0]
					}
				},
				"leftThigh": {
					"rotation": {
						"vector": [39.61722, 14.75586, "2.7298+math.sin(query.anim_time * 600 - 70) * 5"]
					}
				},
				"leftBPaw": {
					"rotation": {
						"vector": [47.5, 0, 0]
					}
				},
				"leftArm3": {
					"rotation": {
						"vector": [93.07301, "12.3038+math.sin(query.anim_time * 600 - 50) * -5", -19.57248]
					}
				},
				"leftFArm3": {
					"rotation": {
						"vector": [-30, 0, 0]
					}
				},
				"leftFPaw3": {
					"rotation": {
						"vector": [20, 0, 0]
					}
				},
				"rightArm": {
					"rotation": {
						"vector": [89.89047, -4.90878, "33.8537+math.sin(query.anim_time * 600 - 50) * 5"]
					}
				},
				"rightFArm": {
					"rotation": {
						"vector": [-12.5, 0, 0]
					}
				},
				"rightFPaw": {
					"rotation": {
						"vector": [20, 0, 0]
					}
				},
				"head": {
					"rotation": {
						"vector": [-7.5, 0, "math.sin(query.anim_time * 600 - 50) * -3"]
					}
				},
				"Jaw": {
					"rotation": {
						"vector": ["-2.5+math.sin(query.anim_time * 1200) * 1", 0, 0]
					}
				},
				"Tail1": {
					"rotation": {
						"vector": ["-5+math.sin(query.anim_time * 1200)", 0, "math.sin(query.anim_time * 600 - 50) * 3"]
					}
				},
				"Chest": {
					"rotation": {
						"vector": [2.5, 0, "math.sin(query.anim_time * 600) * 2"]
					}
				},
				"leftWingArm": {
					"rotation": {
						"vector": [30, -50, "math.sin(query.anim_time * 1200) * -2"]
					}
				},
				"leftWing1": {
					"rotation": {
						"vector": [0, 0, "15+math.sin(query.anim_time * 1200 - 100) * -3"]
					}
				},
				"leftWing2": {
					"rotation": {
						"vector": [0, -12.5, 0]
					}
				},
				"rightWingArm": {
					"rotation": {
						"vector": [30, 50, "math.sin(query.anim_time * 1200) * 2"]
					}
				},
				"rightWing1": {
					"rotation": {
						"vector": [0, 0, "-15+math.sin(query.anim_time * 1200 - 100) * 3"]
					}
				},
				"rightWing2": {
					"rotation": {
						"vector": [0, 12.5, 0]
					}
				},
				"leftShin": {
					"rotation": {
						"vector": [37.5, 0, 0]
					}
				},
				"leftEar": {
					"rotation": {
						"vector": ["-30+math.sin(query.anim_time * 1200 - 80) * 3", 0, 0]
					}
				},
				"Tail2": {
					"rotation": {
						"vector": ["math.sin(query.anim_time * 1200 - 50) * 2", 0, "math.sin(query.anim_time * 600 - 100) * 4"]
					}
				},
				"rightEye": {
					"rotation": {
						"vector": ["-10+math.sin(query.anim_time * 1200) * 1.5", 0, 0]
					}
				},
				"rightEar": {
					"rotation": {
						"vector": ["-30+math.sin(query.anim_time * 1200 - 80) * 3", 0, 0]
					}
				},
				"leftEye": {
					"rotation": {
						"vector": ["-10+math.sin(query.anim_time * 1200) * 1.5", 0, 0]
					}
				},
				"Rlidtop": {
					"rotation": {
						"0.0": {
							"vector": [0, 0, 0]
						},
						"0.25": {
							"vector": [0, 0, 0]
						},
						"0.5": {
							"vector": [0, 0, 0]
						}
					},
					"position": {
						"0.0": {
							"vector": [0, 0, 0]
						},
						"0.25": {
							"vector": [0, 0, 0]
						},
						"0.5": {
							"vector": [0, 0, 0]
						}
					},
					"scale": {
						"0.0": {
							"vector": [1, 1, 1]
						},
						"0.25": {
							"vector": [1, 2.3, 1]
						},
						"0.5": {
							"vector": [1, 1, 1]
						}
					}
				},
				"Rlidbottom": {
					"rotation": {
						"0.0": {
							"vector": [0, 0, 0]
						},
						"0.25": {
							"vector": [0, 0, 0]
						},
						"0.5": {
							"vector": [0, 0, 0]
						}
					},
					"position": {
						"0.0": {
							"vector": [0, 0, 0]
						},
						"0.25": {
							"vector": [0, 0, 0]
						},
						"0.5": {
							"vector": [0, 0, 0]
						}
					},
					"scale": {
						"0.0": {
							"vector": [1, 1, 1]
						},
						"0.25": {
							"vector": [1, 1.7, 1]
						},
						"0.5": {
							"vector": [1, 1, 1]
						}
					}
				},
				"rightpupil": {
					"position": {
						"0.0833": {
							"vector": [0.6, 0.15, 0]
						},
						"0.5833": {
							"vector": [0.6, 0.15, 0]
						}
					},
					"scale": {
						"0.0833": {
							"vector": [0.3, 0.4, 1]
						},
						"0.3333": {
							"vector": [0.4, 0.4, 1],
							"easing": "easeInOutQuad"
						},
						"0.5833": {
							"vector": [0.3, 0.4, 1]
						}
					}
				},
				"leftpupil": {
					"position": {
						"0.0833": {
							"vector": [-0.6, 0.15, 0]
						},
						"0.5833": {
							"vector": [-0.6, 0.15, 0]
						}
					},
					"scale": {
						"0.0833": {
							"vector": [0.3, 0.4, 1]
						},
						"0.3333": {
							"vector": [0.4, 0.4, 1],
							"easing": "easeInOutQuad"
						},
						"0.5833": {
							"vector": [0.3, 0.4, 1]
						}
					}
				},
				"Rlidtop2": {
					"rotation": {
						"0.0": {
							"vector": [0, 0, 0]
						},
						"0.25": {
							"vector": [0, 0, 0],
							"easing": "easeOutCubic"
						},
						"0.5": {
							"vector": [0, 0, 0]
						}
					},
					"position": {
						"0.0": {
							"vector": [0, 0, 0]
						},
						"0.25": {
							"vector": [0, 0, 0],
							"easing": "easeOutCubic"
						},
						"0.5": {
							"vector": [0, 0, 0]
						}
					},
					"scale": {
						"0.0": {
							"vector": [1, 1, 1]
						},
						"0.25": {
							"vector": [1, 2.3, 1],
							"easing": "easeOutCubic"
						},
						"0.5": {
							"vector": [1, 1, 1]
						}
					}
				},
				"Rlidbottom2": {
					"rotation": {
						"0.0": {
							"vector": [0, 0, 0]
						},
						"0.25": {
							"vector": [0, 0, 0],
							"easing": "easeOutCubic"
						},
						"0.5": {
							"vector": [0, 0, 0]
						}
					},
					"position": {
						"0.0": {
							"vector": [0, 0, 0]
						},
						"0.25": {
							"vector": [0, 0, 0],
							"easing": "easeOutCubic"
						},
						"0.5": {
							"vector": [0, 0, 0]
						}
					},
					"scale": {
						"0.0": {
							"vector": [1, 1, 1]
						},
						"0.25": {
							"vector": [1, 1.7, 1],
							"easing": "easeOutCubic"
						},
						"0.5": {
							"vector": [1, 1, 1]
						}
					}
				}
			}
		},
		"Gronckle.Roar": {
			"animation_length": 2,
			"bones": {
				"head": {
					"rotation": {
						"0.0": {
							"vector": [2.5, 0, 0]
						},
						"0.4167": {
							"vector": ["-40+math.sin(query.anim_time * 900 + 150) * 1", 0, 0]
						},
						"1.2083": {
							"vector": ["-40+math.sin(query.anim_time * 900 + 150) * 1", 0, 0]
						},
						"2.0": {
							"vector": [2.5, 0, 0]
						}
					}
				},
				"leftEar": {
					"rotation": {
						"0.0": {
							"vector": [0, 0, 0]
						},
						"0.3333": {
							"vector": [37.5, 0, 0]
						},
						"1.0417": {
							"vector": [40, 0, 0]
						},
						"1.875": {
							"vector": [0, 0, 0]
						}
					}
				},
				"Jaw": {
					"rotation": {
						"0.0": {
							"vector": [-12.5, 0, 0]
						},
						"0.4167": {
							"vector": ["45+math.sin(query.anim_time * 900) * 2", 0, 0]
						},
						"1.2083": {
							"vector": ["47.5+math.sin(query.anim_time * 900) * 1", 0, 0]
						},
						"2.0": {
							"vector": [-12.5, 0, 0]
						}
					}
				},
				"rightEar": {
					"rotation": {
						"0.0": {
							"vector": [0, 0, 0]
						},
						"0.3333": {
							"vector": [40, 0, 0]
						},
						"1.0417": {
							"vector": [40, 0, 0]
						},
						"1.875": {
							"vector": [0, 0, 0]
						}
					}
				},
				"Rlidtop": {
					"rotation": {
						"vector": [0, 0, 0]
					},
					"position": {
						"vector": [0, 0, 0]
					},
					"scale": {
						"vector": [1, 1, 1]
					}
				},
				"Rlidbottom": {
					"rotation": {
						"vector": [0, 0, 0]
					},
					"position": {
						"vector": [0, 0, 0]
					},
					"scale": {
						"vector": [1, 1, 1]
					}
				},
				"rightpupil": {
					"position": {
						"vector": [0.6, 0.15, 0]
					},
					"scale": {
						"vector": [0.3, 0.4, 1]
					}
				},
				"leftpupil": {
					"position": {
						"vector": [-0.6, 0.15, 0]
					},
					"scale": {
						"vector": [0.3, 0.4, 1]
					}
				},
				"Rlidtop2": {
					"rotation": {
						"vector": [0, 0, 0]
					},
					"position": {
						"vector": [0, 0, 0]
					},
					"scale": {
						"vector": [1, 1, 1]
					}
				},
				"Rlidbottom2": {
					"rotation": {
						"vector": [0, 0, 0]
					},
					"position": {
						"vector": [0, 0, 0]
					},
					"scale": {
						"vector": [1, 1, 1]
					}
				}
			}
		},
		"Gronckle.Breath": {
			"animation_length": 0.75,
			"bones": {
				"head": {
					"rotation": {
						"0.0": {
							"vector": [5, 0, 0]
						},
						"0.2083": {
							"vector": [-42.5, 0, -2.5]
						},
						"0.5": {
							"vector": [-11.15, 0, 4.04]
						},
						"0.75": {
							"vector": [5, 0, 0]
						}
					},
					"position": {
						"0.0": {
							"vector": [0, 0, 0]
						},
						"0.2083": {
							"vector": [0, 0, -2.43]
						},
						"0.2917": {
							"vector": [0, 0, 0]
						},
						"0.75": {
							"vector": [0, 0, 0]
						}
					}
				},
				"Jaw": {
					"rotation": {
						"0.0": {
							"vector": [-15, 0, 0]
						},
						"0.2083": {
							"vector": [62.5, 0, 0]
						},
						"0.2917": {
							"vector": [37.5, 0, 0]
						},
						"0.75": {
							"vector": [-15, 0, 0]
						}
					}
				},
				"Rlidtop": {
					"rotation": {
						"vector": [0, 0, 0]
					},
					"position": {
						"vector": [0, 0, 0]
					},
					"scale": {
						"vector": [1, 1, 1]
					}
				},
				"Rlidbottom": {
					"rotation": {
						"vector": [0, 0, 0]
					},
					"position": {
						"vector": [0, 0, 0]
					},
					"scale": {
						"vector": [1, 1, 1]
					}
				},
				"rightpupil": {
					"position": {
						"vector": [0.6, 0.15, 0]
					},
					"scale": {
						"vector": [0.3, 0.4, 1]
					}
				},
				"leftpupil": {
					"position": {
						"vector": [-0.6, 0.15, 0]
					},
					"scale": {
						"vector": [0.3, 0.4, 1]
					}
				},
				"Rlidtop2": {
					"rotation": {
						"vector": [0, 0, 0]
					},
					"position": {
						"vector": [0, 0, 0]
					},
					"scale": {
						"vector": [1, 1, 1]
					}
				},
				"Rlidbottom2": {
					"rotation": {
						"vector": [0, 0, 0]
					},
					"position": {
						"vector": [0, 0, 0]
					},
					"scale": {
						"vector": [1, 1, 1]
					}
				}
			}
		},
		"Gronckle.Bite": {
			"animation_length": 0.7083,
			"bones": {
				"head": {
					"rotation": {
						"0.0": {
							"vector": [5, 0, 0]
						},
						"0.125": {
							"vector": [17.5, 0, -2.5]
						},
						"0.3333": {
							"vector": [-29.79, 2.5, 2.5]
						},
						"0.5417": {
							"vector": [5, 0, 0]
						}
					}
				},
				"leftEar": {
					"rotation": {
						"0.125": {
							"vector": [0, 0, 0]
						},
						"0.2917": {
							"vector": [50, 0, 0]
						},
						"0.5": {
							"vector": [-25, 0, 0]
						},
						"0.7083": {
							"vector": [0, 0, 0]
						}
					}
				},
				"Jaw": {
					"rotation": {
						"0.0": {
							"vector": [-10, 0, 0]
						},
						"0.3333": {
							"vector": [53.13, 0, 0]
						},
						"0.4583": {
							"vector": [-10, 0, 0]
						}
					}
				},
				"rightEar": {
					"rotation": {
						"0.125": {
							"vector": [0, 0, 0]
						},
						"0.2917": {
							"vector": [50, 0, 0]
						},
						"0.5": {
							"vector": [-25, 0, 0]
						},
						"0.7083": {
							"vector": [0, 0, 0]
						}
					}
				},
				"Rlidtop": {
					"rotation": {
						"vector": [0, 0, 0]
					},
					"position": {
						"vector": [0, 0, 0]
					},
					"scale": {
						"vector": [1, 1, 1]
					}
				},
				"Rlidbottom": {
					"rotation": {
						"vector": [0, 0, 0]
					},
					"position": {
						"vector": [0, 0, 0]
					},
					"scale": {
						"vector": [1, 1, 1]
					}
				},
				"rightpupil": {
					"position": {
						"vector": [0.6, 0.15, 0]
					},
					"scale": {
						"vector": [0.3, 0.4, 1]
					}
				},
				"leftpupil": {
					"position": {
						"vector": [-0.6, 0.15, 0]
					},
					"scale": {
						"vector": [0.3, 0.4, 1]
					}
				},
				"Rlidtop2": {
					"rotation": {
						"vector": [0, 0, 0]
					},
					"position": {
						"vector": [0, 0, 0]
					},
					"scale": {
						"vector": [1, 1, 1]
					}
				},
				"Rlidbottom2": {
					"rotation": {
						"vector": [0, 0, 0]
					},
					"position": {
						"vector": [0, 0, 0]
					},
					"scale": {
						"vector": [1, 1, 1]
					}
				}
			}
		},
		"Gronckle.Ram": {
			"animation_length": 0.5417,
			"bones": {
				"head": {
					"rotation": {
						"0.0": {
							"vector": [0, 0, 0]
						},
						"0.1667": {
							"vector": [27.5, 0, 0]
						},
						"0.3333": {
							"vector": [-45.31, 0, 0]
						},
						"0.5": {
							"vector": [0, 0, 0]
						}
					},
					"position": {
						"0.0": {
							"vector": [0, 0, 0]
						},
						"0.1667": {
							"vector": [0, 0, 1]
						},
						"0.3333": {
							"vector": [0, 1, -0.5]
						},
						"0.5": {
							"vector": [0, 0, 0]
						}
					}
				},
				"leftEar": {
					"rotation": {
						"0.1667": {
							"vector": [0, 0, 0]
						},
						"0.3333": {
							"vector": [27.5, 0, 0]
						},
						"0.5417": {
							"vector": [0, 0, 0]
						}
					}
				},
				"Jaw": {
					"rotation": {
						"0.0": {
							"vector": [0, 0, 0]
						},
						"0.1667": {
							"vector": [-17.5, 0, 0]
						},
						"0.3333": {
							"vector": [3.75, 0, 0]
						},
						"0.5": {
							"vector": [0, 0, 0]
						}
					}
				},
				"rightEar": {
					"rotation": {
						"0.1667": {
							"vector": [0, 0, 0]
						},
						"0.3333": {
							"vector": [27.5, 0, 0]
						},
						"0.5417": {
							"vector": [0, 0, 0]
						}
					}
				},
				"Rlidtop": {
					"rotation": {
						"vector": [0, 0, 0]
					},
					"position": {
						"vector": [0, 0, 0]
					},
					"scale": {
						"vector": [1, 1, 1]
					}
				},
				"Rlidbottom": {
					"rotation": {
						"vector": [0, 0, 0]
					},
					"position": {
						"vector": [0, 0, 0]
					},
					"scale": {
						"vector": [1, 1, 1]
					}
				},
				"rightpupil": {
					"position": {
						"vector": [0.6, 0.15, 0]
					},
					"scale": {
						"vector": [0.3, 0.4, 1]
					}
				},
				"leftpupil": {
					"position": {
						"vector": [-0.6, 0.15, 0]
					},
					"scale": {
						"vector": [0.3, 0.4, 1]
					}
				},
				"Rlidtop2": {
					"rotation": {
						"vector": [0, 0, 0]
					},
					"position": {
						"vector": [0, 0, 0]
					},
					"scale": {
						"vector": [1, 1, 1]
					}
				},
				"Rlidbottom2": {
					"rotation": {
						"vector": [0, 0, 0]
					},
					"position": {
						"vector": [0, 0, 0]
					},
					"scale": {
						"vector": [1, 1, 1]
					}
				}
			}
		},
		"Gronckle.TailRot0": {
			"loop": true,
			"bones": {
				"Tail1Rot": {
					"rotation": {
						"vector": [0, 0, 0]
					}
				},
				"Tail2Rot": {
					"rotation": {
						"vector": [0, 0, 0]
					}
				},
				"HeadRot": {
					"rotation": {
						"vector": [0, 0, 0]
					}
				},
				"rotation": {
					"rotation": {
						"vector": [0, 0, 0]
					}
				},
				"Rlidtop": {
					"rotation": {
						"vector": [0, 0, 0]
					},
					"position": {
						"vector": [0, 0, 0]
					},
					"scale": {
						"vector": [1, 1, 1]
					}
				},
				"Rlidbottom": {
					"rotation": {
						"vector": [0, 0, 0]
					},
					"position": {
						"vector": [0, 0, 0]
					},
					"scale": {
						"vector": [1, 1, 1]
					}
				},
				"rightpupil": {
					"position": {
						"vector": [0.6, 0.15, 0]
					},
					"scale": {
						"vector": [0.3, 0.4, 1]
					}
				},
				"leftpupil": {
					"position": {
						"vector": [-0.6, 0.15, 0]
					},
					"scale": {
						"vector": [0.3, 0.4, 1]
					}
				},
				"Rlidtop2": {
					"rotation": {
						"vector": [0, 0, 0]
					},
					"position": {
						"vector": [0, 0, 0]
					},
					"scale": {
						"vector": [1, 1, 1]
					}
				},
				"Rlidbottom2": {
					"rotation": {
						"vector": [0, 0, 0]
					},
					"position": {
						"vector": [0, 0, 0]
					},
					"scale": {
						"vector": [1, 1, 1]
					}
				}
			}
		},
		"Gronckle.tailrotleft1": {
			"loop": true,
			"bones": {
				"Tail1Rot": {
					"rotation": {
						"vector": [0, 5, 0]
					}
				},
				"Tail2Rot": {
					"rotation": {
						"vector": [0, 10, 0]
					}
				},
				"HeadRot": {
					"rotation": {
						"vector": [0, -10, 0]
					}
				},
				"Rlidtop": {
					"rotation": {
						"vector": [0, 0, 0]
					},
					"position": {
						"vector": [0, 0, 0]
					},
					"scale": {
						"vector": [1, 1, 1]
					}
				},
				"Rlidbottom": {
					"rotation": {
						"vector": [0, 0, 0]
					},
					"position": {
						"vector": [0, 0, 0]
					},
					"scale": {
						"vector": [1, 1, 1]
					}
				},
				"rightpupil": {
					"position": {
						"vector": [0.6, 0.15, 0]
					},
					"scale": {
						"vector": [0.3, 0.4, 1]
					}
				},
				"leftpupil": {
					"position": {
						"vector": [-0.6, 0.15, 0]
					},
					"scale": {
						"vector": [0.3, 0.4, 1]
					}
				},
				"Rlidtop2": {
					"rotation": {
						"vector": [0, 0, 0]
					},
					"position": {
						"vector": [0, 0, 0]
					},
					"scale": {
						"vector": [1, 1, 1]
					}
				},
				"Rlidbottom2": {
					"rotation": {
						"vector": [0, 0, 0]
					},
					"position": {
						"vector": [0, 0, 0]
					},
					"scale": {
						"vector": [1, 1, 1]
					}
				}
			}
		},
		"Gronckle.tailrotleft1f": {
			"loop": true,
			"bones": {
				"Tail1Rot": {
					"rotation": {
						"vector": [0, 5, -2.5]
					}
				},
				"Tail2Rot": {
					"rotation": {
						"vector": [0, 10, 0]
					}
				},
				"HeadRot": {
					"rotation": {
						"vector": [0, -10, -5]
					}
				},
				"rotation": {
					"rotation": {
						"vector": [0, 0, 7.5]
					}
				},
				"Rlidtop": {
					"rotation": {
						"vector": [0, 0, 0]
					},
					"position": {
						"vector": [0, 0, 0]
					},
					"scale": {
						"vector": [1, 1, 1]
					}
				},
				"Rlidbottom": {
					"rotation": {
						"vector": [0, 0, 0]
					},
					"position": {
						"vector": [0, 0, 0]
					},
					"scale": {
						"vector": [1, 1, 1]
					}
				},
				"rightpupil": {
					"position": {
						"vector": [0.6, 0.15, 0]
					},
					"scale": {
						"vector": [0.3, 0.4, 1]
					}
				},
				"leftpupil": {
					"position": {
						"vector": [-0.6, 0.15, 0]
					},
					"scale": {
						"vector": [0.3, 0.4, 1]
					}
				},
				"Rlidtop2": {
					"rotation": {
						"vector": [0, 0, 0]
					},
					"position": {
						"vector": [0, 0, 0]
					},
					"scale": {
						"vector": [1, 1, 1]
					}
				},
				"Rlidbottom2": {
					"rotation": {
						"vector": [0, 0, 0]
					},
					"position": {
						"vector": [0, 0, 0]
					},
					"scale": {
						"vector": [1, 1, 1]
					}
				}
			}
		},
		"Gronckle.tailrotright1": {
			"loop": true,
			"bones": {
				"Tail1Rot": {
					"rotation": {
						"vector": [0, -5, 0]
					}
				},
				"Tail2Rot": {
					"rotation": {
						"vector": [0, -10, 0]
					}
				},
				"HeadRot": {
					"rotation": {
						"vector": [0, 10, 0]
					}
				},
				"Rlidtop": {
					"rotation": {
						"vector": [0, 0, 0]
					},
					"position": {
						"vector": [0, 0, 0]
					},
					"scale": {
						"vector": [1, 1, 1]
					}
				},
				"Rlidbottom": {
					"rotation": {
						"vector": [0, 0, 0]
					},
					"position": {
						"vector": [0, 0, 0]
					},
					"scale": {
						"vector": [1, 1, 1]
					}
				},
				"rightpupil": {
					"position": {
						"vector": [0.6, 0.15, 0]
					},
					"scale": {
						"vector": [0.3, 0.4, 1]
					}
				},
				"leftpupil": {
					"position": {
						"vector": [-0.6, 0.15, 0]
					},
					"scale": {
						"vector": [0.3, 0.4, 1]
					}
				},
				"Rlidtop2": {
					"rotation": {
						"vector": [0, 0, 0]
					},
					"position": {
						"vector": [0, 0, 0]
					},
					"scale": {
						"vector": [1, 1, 1]
					}
				},
				"Rlidbottom2": {
					"rotation": {
						"vector": [0, 0, 0]
					},
					"position": {
						"vector": [0, 0, 0]
					},
					"scale": {
						"vector": [1, 1, 1]
					}
				}
			}
		},
		"Gronckle.tailrotright1f": {
			"loop": true,
			"bones": {
				"Tail1Rot": {
					"rotation": {
						"vector": [0, -5, 2.5]
					}
				},
				"Tail2Rot": {
					"rotation": {
						"vector": [0, -10, 0]
					}
				},
				"HeadRot": {
					"rotation": {
						"vector": [0, 10, 5]
					}
				},
				"rotation": {
					"rotation": {
						"vector": [0, 0, -7.5]
					}
				},
				"Rlidtop": {
					"rotation": {
						"vector": [0, 0, 0]
					},
					"position": {
						"vector": [0, 0, 0]
					},
					"scale": {
						"vector": [1, 1, 1]
					}
				},
				"Rlidbottom": {
					"rotation": {
						"vector": [0, 0, 0]
					},
					"position": {
						"vector": [0, 0, 0]
					},
					"scale": {
						"vector": [1, 1, 1]
					}
				},
				"rightpupil": {
					"position": {
						"vector": [0.6, 0.15, 0]
					},
					"scale": {
						"vector": [0.3, 0.4, 1]
					}
				},
				"leftpupil": {
					"position": {
						"vector": [-0.6, 0.15, 0]
					},
					"scale": {
						"vector": [0.3, 0.4, 1]
					}
				},
				"Rlidtop2": {
					"rotation": {
						"vector": [0, 0, 0]
					},
					"position": {
						"vector": [0, 0, 0]
					},
					"scale": {
						"vector": [1, 1, 1]
					}
				},
				"Rlidbottom2": {
					"rotation": {
						"vector": [0, 0, 0]
					},
					"position": {
						"vector": [0, 0, 0]
					},
					"scale": {
						"vector": [1, 1, 1]
					}
				}
			}
		},
		"Gronckle.tailrotleft2": {
			"loop": true,
			"bones": {
				"Tail1Rot": {
					"rotation": {
						"vector": [0, 15, 0]
					}
				},
				"Tail2Rot": {
					"rotation": {
						"vector": [0, 22.5, 0]
					}
				},
				"HeadRot": {
					"rotation": {
						"vector": [0, -20, 0]
					}
				},
				"Rlidtop": {
					"rotation": {
						"vector": [0, 0, 0]
					},
					"position": {
						"vector": [0, 0, 0]
					},
					"scale": {
						"vector": [1, 1, 1]
					}
				},
				"Rlidbottom": {
					"rotation": {
						"vector": [0, 0, 0]
					},
					"position": {
						"vector": [0, 0, 0]
					},
					"scale": {
						"vector": [1, 1, 1]
					}
				},
				"rightpupil": {
					"position": {
						"vector": [0.6, 0.15, 0]
					},
					"scale": {
						"vector": [0.3, 0.4, 1]
					}
				},
				"leftpupil": {
					"position": {
						"vector": [-0.6, 0.15, 0]
					},
					"scale": {
						"vector": [0.3, 0.4, 1]
					}
				},
				"Rlidtop2": {
					"rotation": {
						"vector": [0, 0, 0]
					},
					"position": {
						"vector": [0, 0, 0]
					},
					"scale": {
						"vector": [1, 1, 1]
					}
				},
				"Rlidbottom2": {
					"rotation": {
						"vector": [0, 0, 0]
					},
					"position": {
						"vector": [0, 0, 0]
					},
					"scale": {
						"vector": [1, 1, 1]
					}
				}
			}
		},
		"Gronckle.tailrotleft2f": {
			"loop": true,
			"bones": {
				"Tail1Rot": {
					"rotation": {
						"vector": [0, 15, -5]
					}
				},
				"Tail2Rot": {
					"rotation": {
						"vector": [0, 22.5, 0]
					}
				},
				"HeadRot": {
					"rotation": {
						"vector": [0, -20, -7.5]
					}
				},
				"rotation": {
					"rotation": {
						"vector": [0, 0, 15]
					}
				},
				"Rlidtop": {
					"rotation": {
						"vector": [0, 0, 0]
					},
					"position": {
						"vector": [0, 0, 0]
					},
					"scale": {
						"vector": [1, 1, 1]
					}
				},
				"Rlidbottom": {
					"rotation": {
						"vector": [0, 0, 0]
					},
					"position": {
						"vector": [0, 0, 0]
					},
					"scale": {
						"vector": [1, 1, 1]
					}
				},
				"rightpupil": {
					"position": {
						"vector": [0.6, 0.15, 0]
					},
					"scale": {
						"vector": [0.3, 0.4, 1]
					}
				},
				"leftpupil": {
					"position": {
						"vector": [-0.6, 0.15, 0]
					},
					"scale": {
						"vector": [0.3, 0.4, 1]
					}
				},
				"Rlidtop2": {
					"rotation": {
						"vector": [0, 0, 0]
					},
					"position": {
						"vector": [0, 0, 0]
					},
					"scale": {
						"vector": [1, 1, 1]
					}
				},
				"Rlidbottom2": {
					"rotation": {
						"vector": [0, 0, 0]
					},
					"position": {
						"vector": [0, 0, 0]
					},
					"scale": {
						"vector": [1, 1, 1]
					}
				}
			}
		},
		"Gronckle.tailrotright2": {
			"loop": true,
			"bones": {
				"Tail1Rot": {
					"rotation": {
						"vector": [0, -15, 0]
					}
				},
				"Tail2Rot": {
					"rotation": {
						"vector": [0, -22.5, 0]
					}
				},
				"HeadRot": {
					"rotation": {
						"vector": [0, 20, 0]
					}
				},
				"Rlidtop": {
					"rotation": {
						"vector": [0, 0, 0]
					},
					"position": {
						"vector": [0, 0, 0]
					},
					"scale": {
						"vector": [1, 1, 1]
					}
				},
				"Rlidbottom": {
					"rotation": {
						"vector": [0, 0, 0]
					},
					"position": {
						"vector": [0, 0, 0]
					},
					"scale": {
						"vector": [1, 1, 1]
					}
				},
				"rightpupil": {
					"position": {
						"vector": [0.6, 0.15, 0]
					},
					"scale": {
						"vector": [0.3, 0.4, 1]
					}
				},
				"leftpupil": {
					"position": {
						"vector": [-0.6, 0.15, 0]
					},
					"scale": {
						"vector": [0.3, 0.4, 1]
					}
				},
				"Rlidtop2": {
					"rotation": {
						"vector": [0, 0, 0]
					},
					"position": {
						"vector": [0, 0, 0]
					},
					"scale": {
						"vector": [1, 1, 1]
					}
				},
				"Rlidbottom2": {
					"rotation": {
						"vector": [0, 0, 0]
					},
					"position": {
						"vector": [0, 0, 0]
					},
					"scale": {
						"vector": [1, 1, 1]
					}
				}
			}
		},
		"Gronckle.tailrotright2f": {
			"animation_length": 0.0833,
			"bones": {
				"Tail1Rot": {
					"rotation": {
						"vector": [0, -15, 2.5]
					}
				},
				"Tail2Rot": {
					"rotation": {
						"vector": [0, -22.5, 0]
					}
				},
				"HeadRot": {
					"rotation": {
						"vector": [0, 20, 7.5]
					}
				},
				"rotation": {
					"rotation": {
						"vector": [0, 0, -15]
					}
				},
				"Rlidtop": {
					"rotation": {
						"vector": [0, 0, 0]
					},
					"position": {
						"vector": [0, 0, 0]
					},
					"scale": {
						"vector": [1, 1, 1]
					}
				},
				"Rlidbottom": {
					"rotation": {
						"vector": [0, 0, 0]
					},
					"position": {
						"vector": [0, 0, 0]
					},
					"scale": {
						"vector": [1, 1, 1]
					}
				},
				"rightpupil": {
					"position": {
						"vector": [0.6, 0.15, 0]
					},
					"scale": {
						"vector": [0.3, 0.4, 1]
					}
				},
				"leftpupil": {
					"position": {
						"vector": [-0.6, 0.15, 0]
					},
					"scale": {
						"vector": [0.3, 0.4, 1]
					}
				},
				"Rlidtop2": {
					"rotation": {
						"vector": [0, 0, 0]
					},
					"position": {
						"vector": [0, 0, 0]
					},
					"scale": {
						"vector": [1, 1, 1]
					}
				},
				"Rlidbottom2": {
					"rotation": {
						"vector": [0, 0, 0]
					},
					"position": {
						"vector": [0, 0, 0]
					},
					"scale": {
						"vector": [1, 1, 1]
					}
				}
			}
		}
	},
	"geckolib_format_version": 2
}