{
	"format_version": "1.8.0",
	"animations": {
		"nightmare.flap": {
			"loop": true,
			"animation_length": 7.2,
			"bones": {
				"Chest": {
					"rotation": {
						"vector": ["math.cos(query.anim_time * 400) * 5", 0, "0+math.sin(query.anim_time *400) * 1"]
					},
					"position": {
						"vector": [0, "math.sin(query.anim_time *400 ) * 3  ", 0]
					}
				},
				"leftThigh": {
					"rotation": {
						"vector": ["57.5+math.sin(query.anim_time*400-50)* -10", 0, 0]
					}
				},
				"leftFeet": {
					"rotation": {
						"vector": ["-15-math.sin(query.anim_time*400-100)* 10", 0, 0]
					}
				},
				"leftPaw": {
					"rotation": {
						"vector": [-2.5, 0, 0]
					}
				},
				"rightThigh": {
					"rotation": {
						"vector": ["57.5+math.sin(query.anim_time*400-50)* -10", 0, 0]
					}
				},
				"rightFeet": {
					"rotation": {
						"vector": ["-15-math.sin(query.anim_time*400-100)* 10", 0, 0]
					}
				},
				"rightPaw": {
					"rotation": {
						"vector": [-2.5, 0, 0]
					}
				},
				"Neck1": {
					"rotation": {
						"vector": ["-10+math.cos(query.anim_time * 400 + 100) * 3", 0, 0]
					}
				},
				"Neck2": {
					"rotation": {
						"vector": ["2.5+math.cos(query.anim_time * 400 + 150) * 5", 0, 0]
					},
					"scale": {
						"vector": [1.1, 1, 1]
					}
				},
				"Neck4": {
					"rotation": {
						"vector": ["2.5+math.cos(query.anim_time * 400 + 200) * 8", 0, 0]
					},
					"scale": {
						"vector": [1.1, 1, 1]
					}
				},
				"head": {
					"rotation": {
						"vector": ["math.cos(query.anim_time * 400 + 80) * -10", 0, 0]
					},
					"scale": {
						"vector": [1, 1.1, 1.1]
					}
				},
				"Tail2": {
					"rotation": {
						"vector": ["-7.5+math.cos(query.anim_time * 400 - 150) * 10", 0, 0]
					}
				},
				"Tail4": {
					"rotation": {
						"vector": ["2.5+math.cos(query.anim_time * 400 - 250) * 10", "0+math.cos(query.anim_time * 200 - 250) * 5", 0]
					}
				},
				"Tail6": {
					"rotation": {
						"vector": ["2.5+math.cos(query.anim_time * 400 - 300) * 15", "0+math.cos(query.anim_time * 200 - 300) * 7.5", 0]
					}
				},
				"Tail7": {
					"rotation": {
						"vector": ["-7.5+math.cos(query.anim_time * 400 - 350) * 25", "0+math.cos(query.anim_time * 200 - 350) * 12.5", 0]
					}
				},
				"leftUpperEyelid": {
					"scale": {
						"vector": [1, 0.1, 1]
					}
				},
				"leftLowerEyelid": {
					"scale": {
						"vector": [1, 0.1, 1]
					}
				},
				"rightUpperEyelid": {
					"scale": {
						"vector": [1, 0.1, 1]
					}
				},
				"rightLowerEyelid": {
					"scale": {
						"vector": [1, 0.1, 1]
					}
				},
				"leftWArm": {
					"rotation": {
						"vector": ["1+math.sin(query.anim_time * 400 + 30) * -2", "-6+math.sin(query.anim_time * 400) * -4", "0+math.sin(query.anim_time * 400) * -55"]
					},
					"scale": {
						"vector": [0.7, 0.7, 0.7]
					}
				},
				"leftWHalf": {
					"rotation": {
						"vector": [0, 0, "20+math.sin(query.anim_time *400-50) * -40  "]
					}
				},
				"leftWing4": {
					"rotation": {
						"vector": [0, "-10+math.sin(query.anim_time *400 -50) * 10  ", 0]
					}
				},
				"rightWArm": {
					"rotation": {
						"vector": ["1+math.sin(query.anim_time * 400 + 30) * -2", "6+math.sin(query.anim_time * 400) * 4", "0+math.sin(query.anim_time * 400) * 55"]
					},
					"scale": {
						"vector": [0.7, 0.7, 0.7]
					}
				},
				"rightWHalf": {
					"rotation": {
						"vector": [0, 0, "-20+math.sin(query.anim_time *400-50) * 40  "]
					}
				},
				"rightWing4": {
					"rotation": {
						"vector": [0, "10+math.sin(query.anim_time *400 -50) * -15 ", 0]
					}
				},
				"rightWing5": {
					"rotation": {
						"vector": ["10+math.sin(query.anim_time *300) * -30  ", 0, 0]
					}
				},
				"rightWArm2": {
					"rotation": {
						"vector": ["1+math.sin(query.anim_time * 400 + 50) * -2", "6+math.sin(query.anim_time * 400+50) * 4", "0+math.sin(query.anim_time * 400+50) * 55"]
					},
					"scale": {
						"vector": [0.5, 0.5, 0.5]
					}
				},
				"rightWHalf2": {
					"rotation": {
						"vector": [2.5, 0, "-20+math.sin(query.anim_time *400) * 40  "]
					}
				},
				"rightWing2": {
					"rotation": {
						"vector": [0, "10+math.sin(query.anim_time *400 -50) * -10  ", 0]
					}
				},
				"rightWing3": {
					"rotation": {
						"vector": ["10+math.sin(query.anim_time *300) * -30  ", 0, 0]
					}
				},
				"Body": {
					"scale": {
						"vector": [1.9, 1.9, 1.9]
					}
				},
				"Front_LeftLeg": {
					"rotation": {
						"vector": ["40+math.sin(query.anim_time*400+50)* -10", 8, 1]
					}
				},
				"calp": {
					"rotation": {
						"vector": ["11+math.sin(query.anim_time*400)* -6", 7, 10]
					},
					"position": {
						"vector": [0.3, 0, 0]
					}
				},
				"Foot": {
					"rotation": {
						"vector": ["77.5+math.sin(query.anim_time*400-50)* -10", 0, 0]
					}
				},
				"Front_RightLeg": {
					"rotation": {
						"vector": ["40+math.sin(query.anim_time*400+50)* -10", -8, -1]
					}
				},
				"calp3": {
					"rotation": {
						"vector": ["11+math.sin(query.anim_time*400)* -6", -7, -10]
					},
					"position": {
						"vector": [-0.3, 0, 0]
					}
				},
				"Foot3": {
					"rotation": {
						"vector": ["77.5+math.sin(query.anim_time*400-50)* -10", 0, 0]
					}
				},
				"rightEye": {
					"rotation": {
						"vector": [0, -25, 0]
					}
				},
				"Bodyback": {
					"rotation": {
						"vector": ["math.cos(query.anim_time * 400-50) * 6", 0, 0]
					}
				},
				"leftFeet5": {
					"rotation": {
						"vector": ["105-math.sin(query.anim_time*400-150)* 20", 0, 0]
					}
				},
				"rightFeet3": {
					"rotation": {
						"vector": ["105-math.sin(query.anim_time*400-150)* 20", 0, 0]
					}
				},
				"Tail3": {
					"rotation": {
						"vector": ["math.cos(query.anim_time * 400 - 200) * 10", "0+math.cos(query.anim_time * 200 - 200) * 3", 0]
					}
				},
				"Tail5": {
					"rotation": {
						"vector": ["2.5+math.cos(query.anim_time * 400 - 280) * 12", "0+math.cos(query.anim_time * 200 - 280) * 6", 0]
					}
				},
				"right_tf": {
					"rotation": {
						"vector": [0, "2.5+math.sin(query.anim_time * 300) * -3", 0]
					}
				},
				"Outer": {
					"rotation": {
						"vector": [0, "2.5+math.sin(query.anim_time * 300) * -3", 0]
					}
				},
				"left_tf": {
					"rotation": {
						"vector": [0, "-2.5+math.sin(query.anim_time * 300) * 3", 0]
					}
				},
				"Outer2": {
					"rotation": {
						"vector": [0, "-2.5+math.sin(query.anim_time * 300) * 3", 0]
					}
				},
				"Tail8": {
					"rotation": {
						"vector": ["math.cos(query.anim_time * 400 - 400) * 30", "math.cos(query.anim_time * 200 - 400) * 15", 0]
					}
				},
				"rightPupil": {
					"scale": {
						"0.0": {
							"vector": [1, 0.4, 0.4]
						},
						"0.25": {
							"vector": [1, 0, 0]
						},
						"0.5": {
							"vector": [1, 0.4, 0.4]
						}
					}
				},
				"leftEye": {
					"rotation": {
						"vector": [0, 25, 0]
					}
				},
				"leftPupil": {
					"scale": {
						"0.0": {
							"vector": [1, 0.4, 0.4]
						},
						"0.25": {
							"vector": [1, 0, 0]
						},
						"0.5": {
							"vector": [1, 0.4, 0.4]
						}
					}
				},
				"leftWArm2": {
					"rotation": {
						"vector": ["1+math.sin(query.anim_time * 400 + 50) * -2", "-6+math.sin(query.anim_time * 400+50) * -4", "0+math.sin(query.anim_time * 400+50) * -55"]
					},
					"scale": {
						"vector": [0.5, 0.5, 0.5]
					}
				},
				"leftWHalf2": {
					"rotation": {
						"vector": [0, 0, "20+math.sin(query.anim_time *400) * -40  "]
					}
				},
				"leftWing2": {
					"rotation": {
						"vector": [0, "-10+math.sin(query.anim_time *400 -50) * 10  ", 0]
					}
				},
				"leftWing3": {
					"rotation": {
						"vector": ["10+math.sin(query.anim_time *300) * -30  ", 0, 0]
					}
				},
				"Bodyfront": {
					"rotation": {
						"vector": ["7.5+math.cos(query.anim_time * 400+50) * 6", 0, 0]
					}
				}
			}
		},
		"nightmare.hover": {
			"loop": true,
			"animation_length": 7.2,
			"bones": {
				"Chest": {
					"rotation": {
						"vector": ["-45+math.cos(query.anim_time * 400) * 5", 0, "0+math.sin(query.anim_time *400) * 1"]
					},
					"position": {
						"vector": [0, "16+math.sin(query.anim_time *400-50) * 6", 0]
					}
				},
				"leftThigh": {
					"rotation": {
						"vector": ["57.5+math.sin(query.anim_time*400-50)* 15", 0, 0]
					}
				},
				"leftFeet": {
					"rotation": {
						"vector": ["-15-math.sin(query.anim_time*400-100)* -10", 0, 0]
					}
				},
				"leftPaw": {
					"rotation": {
						"vector": [-2.5, 0, 0]
					}
				},
				"rightThigh": {
					"rotation": {
						"vector": ["57.5+math.sin(query.anim_time*400-50)* 15", 0, 0]
					}
				},
				"rightFeet": {
					"rotation": {
						"vector": ["-15-math.sin(query.anim_time*400-100)* -10", 0, 0]
					}
				},
				"rightPaw": {
					"rotation": {
						"vector": [-2.5, 0, 0]
					}
				},
				"Neck1": {
					"rotation": {
						"vector": ["2.5+math.cos(query.anim_time * 400 + 100) * 3", 0, 0]
					}
				},
				"Neck2": {
					"rotation": {
						"vector": ["20+math.cos(query.anim_time * 400 + 150) * 5", 0, 0]
					},
					"scale": {
						"vector": [1.1, 1, 1]
					}
				},
				"Neck4": {
					"rotation": {
						"0.0": {
							"vector": ["17.5+math.cos(query.anim_time * 400 + 200) * 8", 0, 0]
						},
						"0.5625": {
							"vector": ["17.5+math.cos(query.anim_time * 400 + 200) * 8", 0, 0]
						},
						"1.0": {
							"vector": ["17.7+math.cos(query.anim_time * 400 + 200) * 8", 9.7, 2.3],
							"easing": "easeInOutCubic"
						},
						"2.4375": {
							"vector": ["17.7+math.cos(query.anim_time * 400 + 200) * 8", 9.7, 2.3],
							"easing": "easeInOutCubic"
						},
						"3.625": {
							"vector": ["17.7+math.cos(query.anim_time * 400 + 200) * 8", -10.6, -7.3],
							"easing": "easeInOutQuad"
						},
						"4.75": {
							"vector": ["17.5+math.cos(query.anim_time * 400 + 200) * 8", 0, 0],
							"easing": "easeInOutCubic"
						}
					},
					"scale": {
						"vector": [1.1, 1, 1]
					}
				},
				"head": {
					"rotation": {
						"0.0": {
							"vector": ["37.5+math.cos(query.anim_time * 400 + 80) * -6", 0, 0]
						},
						"0.5625": {
							"vector": ["37.5+math.cos(query.anim_time * 400 + 80) * -6", 0, 0]
						},
						"1.0": {
							"vector": ["38+math.cos(query.anim_time * 400 + 80) * -6", 9.4, 8],
							"easing": "easeInOutQuad"
						},
						"1.6875": {
							"vector": ["32.6+math.cos(query.anim_time * 400 + 80) * -6", 20.9, -12],
							"easing": "easeInOutQuart"
						},
						"2.4375": {
							"vector": ["38+math.cos(query.anim_time * 400 + 80) * -6", 9.4, 8],
							"easing": "easeInOutQuad"
						},
						"3.625": {
							"vector": ["13.2+math.cos(query.anim_time * 400 + 80) * -6", -21.4, 4.6],
							"easing": "easeInOutQuint"
						},
						"4.75": {
							"vector": ["37.5+math.cos(query.anim_time * 400 + 80) * -6", 0, 0],
							"easing": "easeInOutCubic"
						}
					},
					"scale": {
						"vector": [1, 1.1, 1.1]
					}
				},
				"Tail2": {
					"rotation": {
						"vector": ["-12.5+math.cos(query.anim_time * 400 - 150) * 20", 0, 0]
					}
				},
				"Tail4": {
					"rotation": {
						"vector": ["-10+math.cos(query.anim_time * 400 - 250) * 10", "0+math.cos(query.anim_time * 200 - 250) * 10", 0]
					}
				},
				"Tail6": {
					"rotation": {
						"vector": ["2.5+math.cos(query.anim_time * 400 - 300) * 15", 0, 0]
					}
				},
				"Tail7": {
					"rotation": {
						"vector": ["-7.5+math.cos(query.anim_time * 400 - 350) * 25", "0+math.cos(query.anim_time * 200 - 350) * 12.5", 0]
					}
				},
				"leftUpperEyelid": {
					"scale": {
						"vector": [1, 0.1, 1]
					}
				},
				"leftLowerEyelid": {
					"scale": {
						"vector": [1, 0.1, 1]
					}
				},
				"rightUpperEyelid": {
					"scale": {
						"vector": [1, 0.1, 1]
					}
				},
				"rightLowerEyelid": {
					"scale": {
						"vector": [1, 0.1, 1]
					}
				},
				"leftWArm": {
					"rotation": {
						"vector": ["1+math.sin(query.anim_time * 400 + 30) * -2", "-6+math.sin(query.anim_time * 400) * -4", "0+math.sin(query.anim_time * 400) * -65"]
					},
					"scale": {
						"vector": [0.7, 0.7, 0.7]
					}
				},
				"leftWHalf": {
					"rotation": {
						"vector": [0, -2.5, "20+math.sin(query.anim_time *400-80) * -50  "]
					}
				},
				"leftWing4": {
					"rotation": {
						"vector": [0, "-10+math.sin(query.anim_time *400 -50) * 10  ", 0]
					}
				},
				"rightWArm": {
					"rotation": {
						"vector": ["1+math.sin(query.anim_time * 400 + 30) * -2", "6+math.sin(query.anim_time * 400) * 4", "0+math.sin(query.anim_time * 400) * 65"]
					},
					"scale": {
						"vector": [0.7, 0.7, 0.7]
					}
				},
				"rightWHalf": {
					"rotation": {
						"vector": [0, 2.5, "-20+math.sin(query.anim_time *400-80) * 50  "]
					}
				},
				"rightWing4": {
					"rotation": {
						"vector": [0, "10+math.sin(query.anim_time *400 -50) * -10 ", 0]
					}
				},
				"rightWing5": {
					"rotation": {
						"vector": ["10+math.sin(query.anim_time *300) * -30  ", 0, 0]
					}
				},
				"rightWArm2": {
					"rotation": {
						"vector": ["1+math.sin(query.anim_time * 400 + 50) * -2", "6+math.sin(query.anim_time * 400+50) * 4", "0+math.sin(query.anim_time * 400+50) * 60"]
					},
					"scale": {
						"vector": [0.5, 0.5, 0.5]
					}
				},
				"rightWHalf2": {
					"rotation": {
						"vector": [2.5, 0, "-20+math.sin(query.anim_time *400-50) * 40  "]
					}
				},
				"rightWing2": {
					"rotation": {
						"vector": [0, "10+math.sin(query.anim_time *400 -50) * -10  ", 0]
					}
				},
				"rightWing3": {
					"rotation": {
						"vector": ["10+math.sin(query.anim_time *300) * -30  ", 0, 0]
					}
				},
				"Body": {
					"scale": {
						"vector": [1.9, 1.9, 1.9]
					}
				},
				"Front_LeftLeg": {
					"rotation": {
						"vector": ["40+math.sin(query.anim_time*400+50)* -10", 8, 1]
					}
				},
				"calp": {
					"rotation": {
						"vector": ["11+math.sin(query.anim_time*400)* -6", 7, 10]
					},
					"position": {
						"vector": [0.3, 0, 0]
					}
				},
				"Foot": {
					"rotation": {
						"vector": ["77.5+math.sin(query.anim_time*400-50)* -10", 0, 0]
					}
				},
				"Front_RightLeg": {
					"rotation": {
						"vector": ["40+math.sin(query.anim_time*400+50)* -10", -8, -1]
					}
				},
				"calp3": {
					"rotation": {
						"vector": ["11+math.sin(query.anim_time*400)* -6", -7, -10]
					},
					"position": {
						"vector": [-0.3, 0, 0]
					}
				},
				"Foot3": {
					"rotation": {
						"vector": ["77.5+math.sin(query.anim_time*400-50)* -10", 0, 0]
					}
				},
				"rightEye": {
					"rotation": {
						"0.0": {
							"vector": [0, -25, 0]
						},
						"0.25": {
							"vector": [0, -25, 0]
						},
						"0.5625": {
							"vector": [3, 8.5, -22.1],
							"easing": "easeInOutQuad"
						},
						"0.8125": {
							"vector": [3, 8.5, -22.1],
							"easing": "easeInOutQuint"
						},
						"1.75": {
							"vector": [3, 8.5, -22.1],
							"easing": "easeInOutQuint"
						},
						"2.4375": {
							"vector": [-9.2, -24.7, -4.4],
							"easing": "easeInOutQuart"
						},
						"2.875": {
							"vector": [3, 8.5, -22.1],
							"easing": "easeInOutCubic"
						},
						"3.5": {
							"vector": [-18, -31, 5],
							"easing": "easeInOutQuint"
						},
						"3.875": {
							"vector": [-26, -45, "14.8="],
							"easing": "easeInOutQuint"
						},
						"4.3125": {
							"vector": [9, -18, -9.4],
							"easing": "easeInOutQuint"
						},
						"4.9375": {
							"vector": [0, -25, 0],
							"easing": "easeInOutQuart"
						}
					}
				},
				"Bodyback": {
					"rotation": {
						"vector": ["-12.5+math.cos(query.anim_time * 400-50) * 6", 0, 0]
					}
				},
				"leftFeet5": {
					"rotation": {
						"vector": ["105-math.sin(query.anim_time*400-150)* -20", 0, 0]
					}
				},
				"rightFeet3": {
					"rotation": {
						"vector": ["105-math.sin(query.anim_time*400-150)* -20", 0, 0]
					}
				},
				"Tail3": {
					"rotation": {
						"vector": ["-2.5+math.cos(query.anim_time * 400 - 200) * 10", 0, 0]
					}
				},
				"Tail5": {
					"rotation": {
						"vector": ["2.5+math.cos(query.anim_time * 400 - 280) * 12", "0+math.cos(query.anim_time * 200 - 280) * 6", 0]
					}
				},
				"right_tf": {
					"rotation": {
						"vector": [0, "2.5+math.sin(query.anim_time * 300) * -3", 0]
					}
				},
				"Outer": {
					"rotation": {
						"vector": [0, "2.5+math.sin(query.anim_time * 300) * -3", 0]
					}
				},
				"left_tf": {
					"rotation": {
						"vector": [0, "-2.5+math.sin(query.anim_time * 300) * 3", 0]
					}
				},
				"Outer2": {
					"rotation": {
						"vector": [0, "-2.5+math.sin(query.anim_time * 300) * 3", 0]
					}
				},
				"Tail8": {
					"rotation": {
						"vector": ["math.cos(query.anim_time * 400 - 400) * 30", 0, 0]
					}
				},
				"rightPupil": {
					"scale": {
						"0.0": {
							"vector": [1, 0.4, 0.4]
						},
						"0.25": {
							"vector": [1, 0, 0]
						},
						"0.5": {
							"vector": [1, 0.4, 0.4]
						}
					}
				},
				"leftEye": {
					"rotation": {
						"0.0": {
							"vector": [0, 25, 0]
						},
						"0.25": {
							"vector": [0, 25, 0]
						},
						"0.5625": {
							"vector": [-29.8, 12.1, -32.3],
							"easing": "easeInOutQuad"
						},
						"0.8125": {
							"vector": [-29.8, 12.1, -32.3],
							"easing": "easeInOutQuad"
						},
						"1.75": {
							"vector": [-2.5, -8.3, -18.2],
							"easing": "easeInOutQuint"
						},
						"2.4375": {
							"vector": [-2.5, -8.3, -18.2],
							"easing": "easeInOutQuint"
						},
						"2.875": {
							"vector": [-27.5, 24.4, -19.8],
							"easing": "easeInOutCubic"
						},
						"3.5": {
							"vector": [-27, 0, -24],
							"easing": "easeInOutCubic"
						},
						"3.875": {
							"vector": [-26, -13, 4],
							"easing": "easeInOutCubic"
						},
						"4.3125": {
							"vector": [2.8, 6.6, 20.3],
							"easing": "easeInOutQuint"
						},
						"4.9375": {
							"vector": [0, 25, 0],
							"easing": "easeInOutQuart"
						}
					}
				},
				"leftPupil": {
					"scale": {
						"0.0": {
							"vector": [1, 0.4, 0.4]
						},
						"0.25": {
							"vector": [1, 0, 0]
						},
						"0.5": {
							"vector": [1, 0.4, 0.4]
						}
					}
				},
				"leftWArm2": {
					"rotation": {
						"vector": ["1+math.sin(query.anim_time * 400 + 50) * -2", "-6+math.sin(query.anim_time * 400+50) * -4", "0+math.sin(query.anim_time * 400+50) * -60"]
					},
					"scale": {
						"vector": [0.5, 0.5, 0.5]
					}
				},
				"leftWHalf2": {
					"rotation": {
						"vector": [2.5, 0, "20+math.sin(query.anim_time *400-50) * -40  "]
					}
				},
				"leftWing2": {
					"rotation": {
						"vector": [0, "-10+math.sin(query.anim_time *400 -50) * 10  ", 0]
					}
				},
				"leftWing3": {
					"rotation": {
						"vector": ["10+math.sin(query.anim_time *300) * -30  ", 0, 0]
					}
				},
				"Bodyfront": {
					"rotation": {
						"vector": ["7.5+math.cos(query.anim_time * 400+50) * 6", 0, 0]
					}
				},
				"Base": {
					"rotation": {
						"vector": [-5, 0, 0]
					}
				},
				"Jaw": {
					"rotation": {
						"vector": ["5+math.cos(query.anim_time * 400) * -5 ", 0, 0]
					}
				},
				"rotation": {
					"position": {
						"vector": [0, -22, -28]
					}
				}
			}
		},
		"nightmare.glide": {
			"loop": true,
			"animation_length": 3.5833,
			"bones": {
				"Chest": {
					"rotation": {
						"vector": ["-math.sin(query.anim_time *200) * 1.5", 0, "math.sin(query.anim_time *100) * 2"]
					},
					"position": {
						"vector": [0, 0, 0]
					}
				},
				"leftThigh": {
					"rotation": {
						"vector": ["55-math.sin(query.anim_time*300-100)* 3", 0, 0]
					}
				},
				"leftFeet": {
					"rotation": {
						"vector": ["7.5-math.sin(query.anim_time*300-200)* 4", 0, 0]
					}
				},
				"leftPaw": {
					"rotation": {
						"vector": [12.5, 0, 0]
					}
				},
				"rightThigh": {
					"rotation": {
						"vector": ["55-math.sin(query.anim_time*300-100)* 3", 0, 0]
					}
				},
				"rightFeet": {
					"rotation": {
						"vector": ["7.5-math.sin(query.anim_time*300-200)* 4", 0, 0]
					}
				},
				"rightPaw": {
					"rotation": {
						"vector": [15, 0, 0]
					}
				},
				"Neck1": {
					"rotation": {
						"vector": ["-7.5-math.sin(query.anim_time *200 + 50) * 1.5", 0, "math.sin(query.anim_time *100 + 50) * 2"]
					}
				},
				"Neck3": {
					"rotation": {
						"vector": ["2.5-math.sin(query.anim_time *200 + 100) * 3", 0, 0]
					}
				},
				"head": {
					"rotation": {
						"vector": ["math.sin(query.anim_time *200 + 80) * 4", 0, "math.sin(query.anim_time *100 + 150) * -2"]
					},
					"scale": {
						"vector": [1, 1.1, 1.1]
					}
				},
				"Tail2": {
					"rotation": {
						"vector": ["math.sin(query.anim_time *200 - 50) * -1", 0, "math.sin(query.anim_time *100 - 100) * -2"]
					}
				},
				"Tail4": {
					"rotation": {
						"vector": ["math.sin(query.anim_time *200 - 100) * -1", 0, "math.sin(query.anim_time *100 - 150) * -4"]
					}
				},
				"Tail6": {
					"rotation": {
						"vector": ["math.sin(query.anim_time *200 - 150) * -2", 0, "math.sin(query.anim_time *100 - 200) * -6"]
					}
				},
				"Tail7": {
					"rotation": {
						"vector": ["math.sin(query.anim_time *200 - 200) * -4", 0, "math.sin(query.anim_time *100 - 250) * -8"]
					}
				},
				"leftUpperEyelid": {
					"scale": {
						"vector": [1, 0.1, 1]
					}
				},
				"leftLowerEyelid": {
					"scale": {
						"vector": [1, 0.1, 1]
					}
				},
				"rightUpperEyelid": {
					"scale": {
						"vector": [1, 0.1, 1]
					}
				},
				"rightLowerEyelid": {
					"scale": {
						"vector": [1, 0.1, 1]
					}
				},
				"rightWArm2": {
					"rotation": {
						"vector": ["-5+math.sin(query.anim_time * 400 - 50) * 2", 0, "6+math.sin(query.anim_time * 200+50)*-1"]
					},
					"scale": {
						"vector": [0.5, 0.5, 0.5]
					}
				},
				"rightWHalf2": {
					"rotation": {
						"vector": [0, 0, "-10+math.sin(query.anim_time * 400 + 50) * 2"]
					}
				},
				"rightWing5": {
					"rotation": {
						"vector": ["-10+math.sin(query.anim_time * 400 + 10) * 5", 0, 0]
					}
				},
				"Body": {
					"scale": {
						"vector": [1.9, 1.9, 1.9]
					}
				},
				"Front_LeftLeg": {
					"rotation": {
						"vector": ["40.2189-math.sin(query.anim_time*300-50)* 2", 1.65412, 17.52784]
					}
				},
				"calp": {
					"rotation": {
						"vector": ["10-math.sin(query.anim_time*300-100)* 3", 0, 0]
					}
				},
				"Foot": {
					"rotation": {
						"vector": ["75-math.sin(query.anim_time*300-150)* 5", 0, 0]
					}
				},
				"Front_RightLeg": {
					"rotation": {
						"vector": ["40.2189-math.sin(query.anim_time*300-50)* 2", -1.65412, -17.52784]
					}
				},
				"calp3": {
					"rotation": {
						"vector": ["10-math.sin(query.anim_time*300-100)* 3", 0, 0]
					}
				},
				"Foot3": {
					"rotation": {
						"vector": ["75-math.sin(query.anim_time*300-150)* 5", 0, 0]
					}
				},
				"Neck2": {
					"scale": {
						"vector": [1.1, 1, 1]
					}
				},
				"Neck4": {
					"scale": {
						"vector": [1.1, 1, 1]
					}
				},
				"rightEye": {
					"rotation": {
						"vector": [0, -25, 0]
					}
				},
				"leftWArm": {
					"rotation": {
						"vector": ["-2.5+math.sin(query.anim_time * 400 - 100) * 2", 0, "-6+math.sin(query.anim_time * 200+50)*-1"]
					},
					"scale": {
						"vector": [0.7, 0.7, 0.7]
					}
				},
				"leftWHalf": {
					"rotation": {
						"vector": [0, 0, "10+math.sin(query.anim_time * 400) * 2"]
					}
				},
				"rightWArm": {
					"rotation": {
						"vector": ["-2.5+math.sin(query.anim_time * 400 - 50) * 2", 0, "6+math.sin(query.anim_time * 200+50)*-1"]
					},
					"scale": {
						"vector": [0.7, 0.7, 0.7]
					}
				},
				"rightWHalf": {
					"rotation": {
						"vector": [0, 0, "-10+math.sin(query.anim_time * 400 + 50) * 2"]
					}
				},
				"leftShin": {
					"rotation": {
						"vector": ["-10-math.sin(query.anim_time*300-200)* 2", 0, 0]
					}
				},
				"leftFeet5": {
					"rotation": {
						"vector": ["95-math.sin(query.anim_time*300-200)* 8", 0, 0]
					}
				},
				"rightShin": {
					"rotation": {
						"vector": ["-10-math.sin(query.anim_time*300-200)* 2", 0, 0]
					}
				},
				"rightFeet3": {
					"rotation": {
						"vector": ["95-math.sin(query.anim_time*300-200)* 8", 0, 0]
					}
				},
				"Tail3": {
					"rotation": {
						"vector": ["math.sin(query.anim_time *200 - 100) * -1", 0, "math.sin(query.anim_time *100 - 150) * -4"]
					}
				},
				"Tail5": {
					"rotation": {
						"vector": ["math.sin(query.anim_time *200 - 100) * -1", 0, "math.sin(query.anim_time *100 - 150) * -4"]
					}
				},
				"rightPupil": {
					"scale": {
						"0.0": {
							"vector": [1, 0.4, 0.4]
						},
						"0.25": {
							"vector": [1, 0, 0]
						},
						"0.5": {
							"vector": [1, 0.4, 0.4]
						}
					}
				},
				"leftEye": {
					"rotation": {
						"vector": [0, 25, 0]
					}
				},
				"leftPupil": {
					"scale": {
						"0.0": {
							"vector": [1, 0.4, 0.4]
						},
						"0.25": {
							"vector": [1, 0, 0]
						},
						"0.5": {
							"vector": [1, 0.4, 0.4]
						}
					}
				},
				"leftWArm2": {
					"rotation": {
						"vector": ["-7.5+math.sin(query.anim_time * 400 - 100) * 2", 0, "-6+math.sin(query.anim_time * 200+50)*-1"]
					},
					"scale": {
						"vector": [0.5, 0.5, 0.5]
					}
				},
				"leftWHalf2": {
					"rotation": {
						"vector": [0, 0, "10+math.sin(query.anim_time * 400) * 2"]
					}
				}
			}
		},
		"nightmare.dive": {
			"loop": true,
			"animation_length": 3.5833,
			"bones": {
				"Chest": {
					"rotation": {
						"vector": ["-math.sin(query.anim_time *200) * 1.5", 0, "math.sin(query.anim_time *400) * 2"]
					}
				},
				"leftThigh": {
					"rotation": {
						"vector": ["62.5-math.sin(query.anim_time*300-100)* 3", 0, 0]
					}
				},
				"leftFeet": {
					"rotation": {
						"vector": ["32.5-math.sin(query.anim_time*600-200)* 2", 0, 0]
					},
					"position": {
						"vector": [0, 0, 0.5]
					}
				},
				"leftPaw": {
					"rotation": {
						"vector": [15, 0, 0]
					}
				},
				"rightThigh": {
					"rotation": {
						"vector": ["62.5-math.sin(query.anim_time*300-100)* 3", 0, 0]
					}
				},
				"rightFeet": {
					"rotation": {
						"vector": ["32.5-math.sin(query.anim_time*600-200)* 2", 0, 0]
					},
					"position": {
						"vector": [0, 0, 0.5]
					}
				},
				"rightPaw": {
					"rotation": {
						"vector": [15, 0, 0]
					}
				},
				"Neck1": {
					"rotation": {
						"vector": ["10-math.sin(query.anim_time *200 + 50) * 1.5", 0, "0+math.sin(query.anim_time *600 + 50) * 2"]
					}
				},
				"Neck3": {
					"rotation": {
						"vector": ["2.5-math.sin(query.anim_time *200 + 100) * 3", 0, 0]
					}
				},
				"head": {
					"rotation": {
						"vector": ["-15+math.sin(query.anim_time *200 + 80) * 4", 0, "math.sin(query.anim_time *600 + 150) * 2"]
					},
					"scale": {
						"vector": [1, 1.1, 1.1]
					}
				},
				"Tail2": {
					"rotation": {
						"vector": ["math.sin(query.anim_time *200 - 50) * -1", 0, "math.sin(query.anim_time *400 - 100) * -1"]
					}
				},
				"Tail4": {
					"rotation": {
						"vector": ["math.sin(query.anim_time *200 - 100) * -1", 0, "math.sin(query.anim_time *400 - 150) * -2"]
					}
				},
				"Tail6": {
					"rotation": {
						"vector": ["math.sin(query.anim_time *200 - 150) * -2", 0, "math.sin(query.anim_time *400 - 200) * -3"]
					}
				},
				"Tail7": {
					"rotation": {
						"vector": ["math.sin(query.anim_time *200 - 200) * -4", 0, "math.sin(query.anim_time *400 - 250) * -4"]
					}
				},
				"leftUpperEyelid": {
					"scale": {
						"vector": [1, 0.1, 1]
					}
				},
				"leftLowerEyelid": {
					"scale": {
						"vector": [1, 0.1, 1]
					}
				},
				"rightUpperEyelid": {
					"scale": {
						"vector": [1, 0.1, 1]
					}
				},
				"rightLowerEyelid": {
					"scale": {
						"vector": [1, 0.1, 1]
					}
				},
				"rightWArm2": {
					"rotation": {
						"vector": ["-23.5524+math.sin(query.anim_time * 400 - 100) * 2", 36.26987, "-30.6995+math.sin(query.anim_time * 600 + 50)*-1"]
					},
					"scale": {
						"vector": [0.5, 0.5, 0.5]
					}
				},
				"rightWFArm2": {
					"rotation": {
						"vector": [-172.5, -55, 180]
					}
				},
				"rightWHalf2": {
					"rotation": {
						"vector": [0, 62.5, "-10+math.sin(query.anim_time * 600) * 2"]
					}
				},
				"rightWing4": {
					"rotation": {
						"vector": [0, 35, 0]
					}
				},
				"rightWing5": {
					"rotation": {
						"vector": ["30+math.sin(query.anim_time * 600 + 10) * 5", 0, 0]
					}
				},
				"Body": {
					"scale": {
						"vector": [1.9, 1.9, 1.9]
					}
				},
				"Front_LeftLeg": {
					"rotation": {
						"vector": ["45.1763-math.sin(query.anim_time*300-50)* 2", 1.91224, 18.47669]
					}
				},
				"calp": {
					"rotation": {
						"vector": ["25-math.sin(query.anim_time*300-100)* 2", 0, 0]
					}
				},
				"Foot": {
					"rotation": {
						"vector": ["75-math.sin(query.anim_time*600-150)* 5", 0, 0]
					}
				},
				"Front_RightLeg": {
					"rotation": {
						"vector": ["45.1763-math.sin(query.anim_time*300-50)* 2", -1.91224, -18.47669]
					}
				},
				"calp3": {
					"rotation": {
						"vector": ["25-math.sin(query.anim_time*300-100)* 2", 0, 0]
					}
				},
				"Foot3": {
					"rotation": {
						"vector": ["75-math.sin(query.anim_time*600-150)* 5", 0, 0]
					}
				},
				"Neck2": {
					"rotation": {
						"vector": [10, 0, 0]
					},
					"scale": {
						"vector": [1.1, 1, 1]
					}
				},
				"Neck4": {
					"rotation": {
						"vector": [-10, 0, 0]
					},
					"scale": {
						"vector": [1.1, 1, 1]
					}
				},
				"rightWing2": {
					"rotation": {
						"vector": [0, 35, 0]
					}
				},
				"leftWArm": {
					"rotation": {
						"vector": ["-5+math.sin(query.anim_time * 400 - 100) * 2", -55, "11.5+math.sin(query.anim_time * 600 + 50)*-1"]
					},
					"scale": {
						"vector": [0.7, 0.7, 0.7]
					}
				},
				"leftWFArm": {
					"rotation": {
						"vector": [-172.5, 55, -180]
					}
				},
				"leftWHalf": {
					"rotation": {
						"vector": [0, -62.5, "10+math.sin(query.anim_time * 600) * 2"]
					}
				},
				"leftWing4": {
					"rotation": {
						"vector": [0, -37.5, 0]
					}
				},
				"rightWArm": {
					"rotation": {
						"vector": ["-5+math.sin(query.anim_time * 400 - 100) * 2", 55, "-11.5+math.sin(query.anim_time * 600 + 50)*-1"]
					},
					"scale": {
						"vector": [0.7, 0.7, 0.7]
					}
				},
				"rightWFArm": {
					"rotation": {
						"vector": [-172.5, -55, 180]
					}
				},
				"rightWHalf": {
					"rotation": {
						"vector": [0, 62.5, "-10+math.sin(query.anim_time * 600) * 2"]
					}
				},
				"leftShin": {
					"rotation": {
						"vector": ["-10-math.sin(query.anim_time*300-200)* 2", 0, 0]
					}
				},
				"leftFeet5": {
					"rotation": {
						"vector": ["95-math.sin(query.anim_time*600-200)* 6", 0, 0]
					}
				},
				"rightShin": {
					"rotation": {
						"vector": ["-10-math.sin(query.anim_time*300-200)* 2", 0, 0]
					}
				},
				"rightFeet3": {
					"rotation": {
						"vector": ["95-math.sin(query.anim_time*600-200)* 6", 0, 0]
					}
				},
				"Tail3": {
					"rotation": {
						"vector": ["math.sin(query.anim_time *200 - 100) * -1", 0, "math.sin(query.anim_time *400 - 150) * -2"]
					}
				},
				"Tail5": {
					"rotation": {
						"vector": ["math.sin(query.anim_time *200 - 100) * -1", 0, "math.sin(query.anim_time *400 - 150) * -2"]
					}
				},
				"right_tf": {
					"rotation": {
						"vector": [0, 7.5, 0]
					}
				},
				"Outer": {
					"rotation": {
						"vector": [0, 10, 0]
					}
				},
				"left_tf": {
					"rotation": {
						"vector": [0, -7.5, 0]
					}
				},
				"Outer2": {
					"rotation": {
						"vector": [0, -10, 0]
					}
				},
				"Tail8": {
					"rotation": {
						"vector": ["math.sin(query.anim_time *200 - 200) * -4", 0, "math.sin(query.anim_time *400 - 250) * -4"]
					}
				},
				"rightPupil": {
					"scale": {
						"0.0": {
							"vector": [1, 0.4, 0.4]
						},
						"0.25": {
							"vector": [1, 0, 0]
						},
						"0.5": {
							"vector": [1, 0.4, 0.4]
						}
					}
				},
				"leftPupil": {
					"scale": {
						"0.0": {
							"vector": [1, 0.4, 0.4]
						},
						"0.25": {
							"vector": [1, 0, 0]
						},
						"0.5": {
							"vector": [1, 0.4, 0.4]
						}
					}
				},
				"leftWArm2": {
					"rotation": {
						"vector": ["-23.5524+math.sin(query.anim_time * 400 - 100) * 2", -36.26987, "30.6995+math.sin(query.anim_time * 600 + 50)*-1"]
					},
					"scale": {
						"vector": [0.5, 0.5, 0.5]
					}
				},
				"leftWFArm2": {
					"rotation": {
						"vector": [-172.5, 55, -180]
					}
				},
				"leftWHalf2": {
					"rotation": {
						"vector": [0, -62.5, "10+math.sin(query.anim_time * 600) * 2"]
					}
				},
				"leftWing2": {
					"rotation": {
						"vector": [0, -37.5, 0]
					}
				}
			}
		},
		"nightmare.idle": {
			"loop": true,
			"animation_length": 3.6,
			"bones": {
				"Chest": {
					"position": {
						"vector": [0, "math.sin(query.anim_time * 200) * 0.4", 0]
					}
				},
				"leftThigh": {
					"rotation": {
						"vector": [7.4, -16, -11]
					},
					"position": {
						"vector": [0, "-0.5+math.sin(query.anim_time * 200) * 0.4", 0]
					}
				},
				"rightThigh": {
					"rotation": {
						"vector": [7.4, 16, 11]
					},
					"position": {
						"vector": [0, "-0.5+math.sin(query.anim_time * 200) * 0.4", 0]
					}
				},
				"Neck1": {
					"rotation": {
						"vector": ["-2.5+math.sin(query.anim_time *200 + 100)* 3", 0, 0]
					}
				},
				"Neck2": {
					"rotation": {
						"vector": ["math.sin(query.anim_time *200 + 150)* -7", 0, 0]
					},
					"scale": {
						"vector": [1.1, 1, 1]
					}
				},
				"Neck3": {
					"rotation": {
						"vector": ["math.sin(query.anim_time *200 + 150) * 2", 0, 0]
					}
				},
				"head": {
					"rotation": {
						"vector": ["math.sin(query.anim_time *200 + 250)* 6", 0, 0]
					},
					"scale": {
						"vector": [1, 1.1, 1.1]
					}
				},
				"Tail1": {
					"rotation": {
						"vector": [-5, 0, 0]
					}
				},
				"Tail2": {
					"rotation": {
						"vector": ["math.cos(query.anim_time * 200 - 150) * 1", "math.cos(query.anim_time * 100 - 150) * 1.5", 0]
					}
				},
				"Tail3": {
					"rotation": {
						"vector": ["2.5+math.cos(query.anim_time * 200 - 200) * 2", "0+math.cos(query.anim_time * 100 - 200) * 1", 0]
					}
				},
				"Tail4": {
					"rotation": {
						"vector": ["7.5+math.cos(query.anim_time * 200 - 250) * 3", "0+math.cos(query.anim_time *100 - 250) * 2", 0]
					}
				},
				"Tail6": {
					"rotation": {
						"vector": ["7.5+math.cos(query.anim_time * 200 - 300) * 5", "math.cos(query.anim_time * 100 - 300) * 7", 0]
					}
				},
				"Tail7": {
					"rotation": {
						"vector": ["-15+math.cos(query.anim_time * 200 - 350) * 9", "0+math.cos(query.anim_time * 100 - 350) * 8", 0]
					}
				},
				"leftPupil": {
					"scale": {
						"0.0": {
							"vector": [1, 0.4, 0.4]
						},
						"0.25": {
							"vector": [1, 0, 0]
						},
						"0.5": {
							"vector": [1, 0.4, 0.4]
						}
					}
				},
				"leftUpperEyelid": {
					"scale": {
						"vector": [1, 0.1, 1]
					}
				},
				"leftLowerEyelid": {
					"scale": {
						"vector": [1, 0.1, 1]
					}
				},
				"rightUpperEyelid": {
					"scale": {
						"vector": [1, 0.1, 1]
					}
				},
				"rightLowerEyelid": {
					"scale": {
						"vector": [1, 0.1, 1]
					}
				},
				"rightWArm2": {
					"rotation": {
						"vector": [1.50003, 47, "-3+math.sin(query.anim_time * 200 - 50) * 1.5"]
					},
					"scale": {
						"vector": [0.5, 0.5, 0.5]
					}
				},
				"Body": {
					"scale": {
						"vector": [1.9, 1.9, 1.9]
					}
				},
				"Front_LeftLeg": {
					"rotation": {
						"vector": [5.7, 27.6, -12.7]
					},
					"position": {
						"vector": ["0+math.sin(query.anim_time * 200) * -0.1", "-0.8+math.sin(query.anim_time * 200) * 0.4", 0]
					}
				},
				"Front_RightLeg": {
					"rotation": {
						"vector": [5.7, -27.6, 12.7]
					},
					"position": {
						"vector": ["0+math.sin(query.anim_time * 200) * 0.1", "-0.8+math.sin(query.anim_time * 200) * 0.4", 0]
					}
				},
				"Neck4": {
					"rotation": {
						"vector": ["5+math.sin(query.anim_time *200 + 200)* -5", 0, 0]
					},
					"scale": {
						"vector": [1.1, 1, 1]
					}
				},
				"rightWFArm2": {
					"rotation": {
						"vector": [-246.17477, -21.90919, -117.36201]
					}
				},
				"rightWHalf2": {
					"rotation": {
						"vector": [-16.83359, 56.19874, -28.10276]
					}
				},
				"rightWing2": {
					"rotation": {
						"vector": [0, 32.5, 0]
					}
				},
				"leftWArm": {
					"rotation": {
						"vector": [304, -72, "-310+math.sin(query.anim_time * 200 - 100) * -1.5"]
					},
					"scale": {
						"vector": [0.7, 0.7, 0.7]
					}
				},
				"leftWFArm": {
					"rotation": {
						"vector": [-244.15887, 28.71719, 118.11025]
					}
				},
				"leftWHalf": {
					"rotation": {
						"vector": [-16.83359, -56.19874, 28.10276]
					}
				},
				"leftWing4": {
					"rotation": {
						"vector": [0, -32.5, 0]
					}
				},
				"rightWArm": {
					"rotation": {
						"vector": [304, 72, "310+math.sin(query.anim_time * 200 - 100) * 1.5"]
					},
					"scale": {
						"vector": [0.7, 0.7, 0.7]
					}
				},
				"rightWFArm": {
					"rotation": {
						"vector": [-244.15887, -28.71719, -118.11025]
					}
				},
				"rightWHalf": {
					"rotation": {
						"vector": [-16.83359, 56.19874, -28.10276]
					}
				},
				"rightWing4": {
					"rotation": {
						"vector": [0, 32.5, 0]
					}
				},
				"Tail5": {
					"rotation": {
						"vector": ["12.5+math.cos(query.anim_time * 200 - 280) * 4", "math.cos(query.anim_time * 100 - 280) * 3", 0]
					}
				},
				"right_tf": {
					"rotation": {
						"vector": [0, 7.5, 0]
					}
				},
				"Outer": {
					"rotation": {
						"vector": [0, 10, 0]
					}
				},
				"left_tf": {
					"rotation": {
						"vector": [-0.07622, -7.46156, 0.87707]
					}
				},
				"Outer2": {
					"rotation": {
						"vector": [0, -10, 0]
					}
				},
				"Tail8": {
					"rotation": {
						"vector": ["-17.5+math.cos(query.anim_time * 200 - 400) * 10", "0+math.cos(query.anim_time * 100 - 400) * 9", 0]
					}
				},
				"rightPupil": {
					"scale": {
						"0.0": {
							"vector": [1, 0.4, 0.4]
						},
						"0.25": {
							"vector": [1, 0, 0]
						},
						"0.5": {
							"vector": [1, 0.4, 0.4]
						}
					}
				},
				"leftWArm2": {
					"rotation": {
						"vector": [1.50003, -47, "3+math.sin(query.anim_time * 200 - 50) * -1.5"]
					},
					"scale": {
						"vector": [0.5, 0.5, 0.5]
					}
				},
				"leftWFArm2": {
					"rotation": {
						"vector": [-246.17477, 21.90919, 117.36201]
					}
				},
				"leftWHalf2": {
					"rotation": {
						"vector": [-16.83359, -56.19874, 28.10276]
					}
				},
				"leftWing2": {
					"rotation": {
						"vector": [0, -32.5, 0]
					}
				},
				"Base": {
					"rotation": {
						"vector": [-7.5, 0, 0]
					}
				},
				"calp": {
					"rotation": {
						"vector": [-10, -1.3, 10]
					},
					"position": {
						"vector": ["0+math.sin(query.anim_time * 200) * 0.1", "-0.9+math.sin(query.anim_time * 200) * -0.45", "0+math.sin(query.anim_time * 200) * -0.15"]
					}
				},
				"Foot": {
					"rotation": {
						"vector": [-2.5, 0, 0]
					},
					"position": {
						"vector": ["0+math.sin(query.anim_time * 200) * -0.05", "0.1+math.sin(query.anim_time * 200) * -0.15", 0]
					}
				},
				"calp3": {
					"rotation": {
						"vector": [-10, 1.3, -10]
					},
					"position": {
						"vector": ["0+math.sin(query.anim_time * 200) * -0.1", "-0.9+math.sin(query.anim_time * 200) * -0.45", "0+math.sin(query.anim_time * 200) * -0.15"]
					}
				},
				"Foot3": {
					"rotation": {
						"vector": [-2.5, 0, 0]
					},
					"position": {
						"vector": ["0+math.sin(query.anim_time * 200) * 0.05", "0.1+math.sin(query.anim_time * 200) * -0.15", 0]
					}
				},
				"Jaw": {
					"rotation": {
						"vector": ["5+math.sin(query.anim_time *200 + 200)* -3", 0, 0]
					}
				},
				"leftFeet": {
					"rotation": {
						"vector": [4.85, -2.5, 7]
					},
					"position": {
						"vector": ["0+math.sin(query.anim_time * 200) * -0.1", "0+math.sin(query.anim_time * 200) * -0.6", "math.sin(query.anim_time * 200) * -0.1"]
					}
				},
				"leftFeet5": {
					"rotation": {
						"vector": [-10, 0, 0]
					}
				},
				"rightFeet": {
					"rotation": {
						"vector": [4.85, 2.5, -7]
					},
					"position": {
						"vector": ["0+math.sin(query.anim_time * 200) * 0.1", "0+math.sin(query.anim_time * 200) * -0.6", "math.sin(query.anim_time * 200) * -0.1"]
					}
				},
				"rightFeet3": {
					"rotation": {
						"vector": [-10, 0, 0]
					}
				}
			}
		},
		"nightmare.walk": {
			"loop": true,
			"animation_length": 7.2,
			"bones": {
				"Chest": {
					"rotation": {
						"vector": [1.5, "0+math.sin(query.anim_time * 300 - 100) * -2", "0+math.sin(query.anim_time * 300 - 150) * 1"]
					},
					"position": {
						"vector": [0, "-0.6+math.sin(query.anim_time * 600 + 150) * 1.5", 0]
					}
				},
				"leftThigh": {
					"rotation": {
						"vector": ["7.4+math.sin(query.anim_time * 300) * 20", -16, -11]
					},
					"position": {
						"vector": [0, "-0.3-math.sin(query.anim_time * 300) * 0.2", 0]
					}
				},
				"rightThigh": {
					"rotation": {
						"vector": ["7.4+math.sin(query.anim_time * 300) * -20", 16, 11]
					},
					"position": {
						"vector": [0, "-0.3-math.sin(query.anim_time * 300) * 0.2", 0]
					}
				},
				"Neck1": {
					"rotation": {
						"vector": ["-5+math.cos(query.anim_time *600 + 50)* 10", "0+math.sin(query.anim_time*300 + 25)* 2", 0]
					}
				},
				"Neck2": {
					"rotation": {
						"vector": ["-5+math.cos(query.anim_time *600 + 100) *-10", "math.cos(query.anim_time *300 + 100) *5", 0]
					},
					"scale": {
						"vector": [1.1, 1, 1]
					}
				},
				"Neck3": {
					"rotation": {
						"vector": ["math.cos(query.anim_time *400 + 150) * 2", 0, "math.sin(query.anim_time*200 - 50)*3"]
					}
				},
				"head": {
					"rotation": {
						"vector": ["12.5+math.cos(query.anim_time *600 + 150) * 5", "0+math.sin(query.anim_time*300 - 125)*7", 0]
					},
					"scale": {
						"vector": [1, 1.1, 1.1]
					}
				},
				"Tail1": {
					"rotation": {
						"vector": [-5, 0, 0]
					}
				},
				"Tail2": {
					"rotation": {
						"vector": ["math.cos(query.anim_time * 600 - 150) * 1", "math.cos(query.anim_time * 300 - 150) * 2.5", 0]
					}
				},
				"Tail3": {
					"rotation": {
						"vector": ["2.5+math.cos(query.anim_time * 600 - 200) * 1", "0+math.cos(query.anim_time * 300 - 220) * 5", 0]
					}
				},
				"Tail4": {
					"rotation": {
						"vector": ["7.5+math.cos(query.anim_time * 600 - 250) * 3", "0+math.cos(query.anim_time *300 - 270) * 5", 0]
					}
				},
				"Tail6": {
					"rotation": {
						"vector": ["7.5+math.cos(query.anim_time * 600 - 300) * 5", "math.cos(query.anim_time * 300 - 320) * 7", 0]
					}
				},
				"Tail7": {
					"rotation": {
						"vector": ["-15+math.cos(query.anim_time * 600 - 350) * 9", "0+math.cos(query.anim_time * 300 - 370) * 8", 0]
					}
				},
				"leftFeet": {
					"rotation": {
						"vector": ["-0.15+math.sin(query.anim_time * 300 + 100) * 20", -2.5, 7]
					},
					"position": {
						"vector": [0, "0+math.sin(query.anim_time * 600 + 100) * 0.5", 0]
					}
				},
				"leftPaw": {
					"rotation": {
						"vector": ["5+math.sin(query.anim_time * 300 + 300) * 20", 0, 0]
					}
				},
				"rightFeet": {
					"rotation": {
						"vector": ["-0.15+math.sin(query.anim_time * 300 + 100) * -20", 2.5, -7]
					},
					"position": {
						"vector": [0, "0+math.sin(query.anim_time * 600 + 100) * 0.5", 0]
					}
				},
				"rightPaw": {
					"rotation": {
						"vector": ["5+math.sin(query.anim_time * 300 + 300) * -20", 0, 0]
					}
				},
				"leftUpperEyelid": {
					"scale": {
						"vector": [1, 0.1, 1]
					}
				},
				"leftLowerEyelid": {
					"scale": {
						"vector": [1, 0.1, 1]
					}
				},
				"rightUpperEyelid": {
					"scale": {
						"vector": [1, 0.1, 1]
					}
				},
				"rightLowerEyelid": {
					"scale": {
						"vector": [1, 0.1, 1]
					}
				},
				"rightWArm2": {
					"rotation": {
						"vector": [1.50003, 47, "-3+math.sin(query.anim_time * 600) * 3"]
					},
					"scale": {
						"vector": [0.5, 0.5, 0.5]
					}
				},
				"rightWFArm2": {
					"rotation": {
						"vector": [-246.17477, -21.90919, -117.36201]
					}
				},
				"rightWHalf2": {
					"rotation": {
						"vector": [-16.83359, 56.19874, -28.10276]
					}
				},
				"rightWingClaws2": {
					"rotation": {
						"vector": ["-80+math.sin(query.anim_time*200 - 100) *30", 0, 40]
					}
				},
				"rightWing4": {
					"rotation": {
						"vector": [0, 32.5, 0]
					}
				},
				"rightWing5": {
					"rotation": {
						"vector": ["-32.5+math.sin(query.anim_time*200 - 90) *20", 0, 0]
					}
				},
				"Body": {
					"scale": {
						"vector": [1.9, 1.9, 1.9]
					}
				},
				"Front_LeftLeg": {
					"rotation": {
						"vector": ["5.7+math.sin(query.anim_time * 300) * -30", 27.6, -12.7]
					},
					"position": {
						"vector": [0, "-0.4-math.sin(query.anim_time * 300) * -0.2", 0]
					}
				},
				"calp": {
					"rotation": {
						"vector": [
							"-10+math.sin(query.anim_time * 300 + 100) * -18",
							"-1.3+math.sin(query.anim_time * 300 + 150) * -5",
							"10+math.sin(query.anim_time * 300 + 150) * -5"
						]
					},
					"position": {
						"vector": [0, "0+math.sin(query.anim_time * 600 + 100) * 0.5", 0]
					}
				},
				"Foot": {
					"rotation": {
						"vector": ["10.5+math.sin(query.anim_time * 300 + 250) * -30", 1, 0]
					}
				},
				"Front_RightLeg": {
					"rotation": {
						"vector": ["5.7+math.sin(query.anim_time * 300) * 25", -27.6, 12.7]
					},
					"position": {
						"vector": [0, "-0.4-math.sin(query.anim_time * 200) * 0.2", 0]
					}
				},
				"calp3": {
					"rotation": {
						"vector": [
							"-10+math.sin(query.anim_time * 300 + 100) * 18",
							"1.3+math.sin(query.anim_time * 300 + 150) * 5",
							"-10+math.sin(query.anim_time * 300 + 150) * -5"
						]
					},
					"position": {
						"vector": [0, "0+math.sin(query.anim_time * 600 + 100) * 0.5", 0]
					}
				},
				"Foot3": {
					"rotation": {
						"vector": ["10.5+math.sin(query.anim_time * 300 + 250) * 30", 1, 0]
					}
				},
				"Neck4": {
					"rotation": {
						"vector": [0, "math.cos(query.anim_time *300 + 150) *-5", 0]
					},
					"position": {
						"vector": [0, 0, 0]
					},
					"scale": {
						"vector": [1.1, 1, 1]
					}
				},
				"rightEye": {
					"rotation": {
						"vector": [0, -25, 0]
					}
				},
				"rightWing2": {
					"rotation": {
						"vector": [0, 32.5, 0]
					}
				},
				"leftWArm": {
					"rotation": {
						"vector": [304, -72, "-310+math.sin(query.anim_time * 200 - 100) * -1.5"]
					},
					"scale": {
						"vector": [0.7, 0.7, 0.7]
					}
				},
				"leftWFArm": {
					"rotation": {
						"vector": [-244, 28, 118]
					}
				},
				"leftWHalf": {
					"rotation": {
						"vector": [-16.83359, -56.19874, 28.10276]
					}
				},
				"leftWing4": {
					"rotation": {
						"vector": [0, -32.5, 0]
					}
				},
				"rightWArm": {
					"rotation": {
						"vector": [304, 72, "310+math.sin(query.anim_time * 600 - 50) * 3"]
					},
					"scale": {
						"vector": [0.7, 0.7, 0.7]
					}
				},
				"rightWFArm": {
					"rotation": {
						"vector": [-244.15887, -28.71719, -118.11025]
					}
				},
				"rightWHalf": {
					"rotation": {
						"vector": [-16.83359, 56.19874, -28.10276]
					}
				},
				"leftFeet5": {
					"rotation": {
						"vector": ["math.sin(query.anim_time * 300 + 250) * 20", 0, 0]
					}
				},
				"rightFeet3": {
					"rotation": {
						"vector": ["math.sin(query.anim_time * 300 + 250) * -20", 0, 0]
					}
				},
				"right_tf": {
					"rotation": {
						"vector": [0, 7.5, 0]
					}
				},
				"Outer": {
					"rotation": {
						"vector": [0, 5, 0]
					}
				},
				"left_tf": {
					"rotation": {
						"vector": [0, -7.5, 0]
					}
				},
				"Outer2": {
					"rotation": {
						"vector": [0, -5, 0]
					}
				},
				"Tail8": {
					"rotation": {
						"vector": ["-17.5+math.cos(query.anim_time * 600 - 400) * 10", "0+math.cos(query.anim_time * 300 - 420) * 9", 0]
					}
				},
				"rightPupil": {
					"scale": {
						"0.0": {
							"vector": [1, 0.4, 0.4]
						},
						"0.25": {
							"vector": [1, 0, 0]
						},
						"0.5": {
							"vector": [1, 0.4, 0.4]
						}
					}
				},
				"leftEye": {
					"rotation": {
						"vector": [0, 25, 0]
					}
				},
				"leftPupil": {
					"scale": {
						"0.0": {
							"vector": [1, 0.4, 0.4]
						},
						"0.25": {
							"vector": [1, 0, 0]
						},
						"0.5": {
							"vector": [1, 0.4, 0.4]
						}
					}
				},
				"leftWArm2": {
					"rotation": {
						"vector": [1.50003, -47, "3+math.sin(query.anim_time * 600) * -3"]
					},
					"scale": {
						"vector": [0.5, 0.5, 0.5]
					}
				},
				"leftWFArm2": {
					"rotation": {
						"vector": [-246.17477, 21.90919, 117.36201]
					}
				},
				"leftWHalf2": {
					"rotation": {
						"vector": [-16.83359, -56.19874, 28.10276]
					}
				},
				"leftWing2": {
					"rotation": {
						"vector": [0, -32.5, 0]
					}
				},
				"leftWingClaws2": {
					"rotation": {
						"vector": ["-80+math.sin(query.anim_time*200 - 100) *30", 0, 40]
					}
				},
				"Bodyfront": {
					"rotation": {
						"vector": ["math.sin(query.anim_time*600-50)* 2.5", "math.sin(query.anim_time*300+50)* -2", 0]
					}
				},
				"rightArmBase2": {
					"rotation": {
						"vector": [0, 0, 22.5]
					}
				},
				"leftArmBase2": {
					"rotation": {
						"vector": [0, 0, -22.5]
					}
				},
				"Bodyback": {
					"rotation": {
						"vector": ["math.sin(query.anim_time*600+50)* -2", "math.sin(query.anim_time*300-20)* -2.5", 0]
					}
				},
				"Base": {
					"rotation": {
						"vector": [-7.5, 0, 0]
					}
				},
				"Tail5": {
					"rotation": {
						"vector": ["12.5+math.cos(query.anim_time * 600 - 280) * 4", "math.cos(query.anim_time * 300 - 300) * 3", 0]
					}
				},
				"Jaw": {
					"rotation": {
						"vector": ["5+math.cos(query.anim_time *600 + 50) * 2", 0, 0]
					}
				},
				"leftShin": {
					"rotation": {
						"vector": ["-10+math.sin(query.anim_time * 300 + 50) * 10", 0, 0]
					}
				},
				"rightShin": {
					"rotation": {
						"vector": ["-10+math.sin(query.anim_time * 300 + 50) *-10", 0, 0]
					}
				}
			}
		},
		"nightmare.run": {
			"loop": true,
			"animation_length": 7.2,
			"bones": {
				"Chest": {
					"position": {
						"vector": [0, "1+math.sin(query.anim_time * 600+100) * 5", 0]
					}
				},
				"leftThigh": {
					"rotation": {
						"vector": ["15+math.sin(query.anim_time * 600+100) * 35", 0, 0]
					},
					"position": {
						"vector": [0, "-math.sin(query.anim_time * 600) * 0.2", 0]
					}
				},
				"rightThigh": {
					"rotation": {
						"vector": ["7.4+math.sin(query.anim_time * 600+100) * 35", 16, 11]
					},
					"position": {
						"vector": [0, "-0.3-math.sin(query.anim_time * 600) * 0.2", 0]
					}
				},
				"Neck1": {
					"rotation": {
						"vector": ["5+math.cos(query.anim_time *600 + 50)* 5", "0+math.sin(query.anim_time*300 + 25)* 2", 0]
					}
				},
				"Neck2": {
					"rotation": {
						"vector": ["math.cos(query.anim_time *600 + 100) *-10", 0, 0]
					},
					"scale": {
						"vector": [1.1, 1, 1]
					}
				},
				"Neck3": {
					"rotation": {
						"vector": ["math.cos(query.anim_time *700 + 150) * 2", 0, "math.sin(query.anim_time*350 - 50)*6"]
					}
				},
				"head": {
					"rotation": {
						"vector": ["math.cos(query.anim_time *600 + 150) * 10", "math.sin(query.anim_time*300 - 125)*5", 0]
					},
					"scale": {
						"vector": [1, 1.1, 1.1]
					}
				},
				"Tail1": {
					"rotation": {
						"vector": [-5, 0, 0]
					}
				},
				"Tail2": {
					"rotation": {
						"vector": ["math.cos(query.anim_time * 600 - 150) * 2", 0, 0]
					}
				},
				"Tail3": {
					"rotation": {
						"vector": ["2.5+math.cos(query.anim_time * 600 - 200) * 5", "0+math.cos(query.anim_time * 300 - 220) * 1", 0]
					}
				},
				"Tail4": {
					"rotation": {
						"vector": ["7.5+math.cos(query.anim_time * 600 - 250) * 6", "0+math.cos(query.anim_time *300 - 270) * 5", 0]
					}
				},
				"Tail6": {
					"rotation": {
						"vector": ["7.5+math.cos(query.anim_time * 600 - 300) * 10", "math.cos(query.anim_time * 300 - 320) * 7", 0]
					}
				},
				"Tail7": {
					"rotation": {
						"vector": ["-15+math.cos(query.anim_time * 600 - 350) * 12", "0+math.cos(query.anim_time * 300 - 370) * 8", 0]
					}
				},
				"leftFeet": {
					"rotation": {
						"vector": ["0-math.sin(query.anim_time * 600 + 200) * -20", 0, 0]
					}
				},
				"leftPaw": {
					"rotation": {
						"vector": ["math.sin(query.anim_time* 600 + 230)* -20", 0, 0]
					}
				},
				"rightFeet": {
					"rotation": {
						"vector": ["-0.15-math.sin(query.anim_time * 600 + 200) * -20", 2.5, -7]
					},
					"position": {
						"vector": [0, "0+math.sin(query.anim_time * 600 + 100) * 0.5", 0]
					}
				},
				"rightPaw": {
					"rotation": {
						"vector": ["math.sin(query.anim_time* 600 + 230)* -20", 0, 0]
					}
				},
				"leftUpperEyelid": {
					"scale": {
						"vector": [1, 0.1, 1]
					}
				},
				"leftLowerEyelid": {
					"scale": {
						"vector": [1, 0.1, 1]
					}
				},
				"rightUpperEyelid": {
					"scale": {
						"vector": [1, 0.1, 1]
					}
				},
				"rightLowerEyelid": {
					"scale": {
						"vector": [1, 0.1, 1]
					}
				},
				"rightWArm2": {
					"rotation": {
						"vector": [1.50003, 47, "-3+math.sin(query.anim_time * 600) * 5"]
					},
					"scale": {
						"vector": [0.5, 0.5, 0.5]
					}
				},
				"rightWFArm2": {
					"rotation": {
						"vector": [-226.5, -52, "-126+math.sin(query.anim_time * 600-50) * 5"]
					}
				},
				"rightWHalf2": {
					"rotation": {
						"vector": [-16.83359, 56.19874, -28.10276]
					}
				},
				"rightWingClaws2": {
					"rotation": {
						"vector": ["-80+math.sin(query.anim_time*350 - 100) *30", 0, 40]
					}
				},
				"rightWing4": {
					"rotation": {
						"vector": [0, 32.5, 0]
					}
				},
				"rightWing5": {
					"rotation": {
						"vector": ["-32.5+math.sin(query.anim_time*350 - 90) *20", 0, 0]
					}
				},
				"Body": {
					"scale": {
						"vector": [1.9, 1.9, 1.9]
					}
				},
				"Front_LeftLeg": {
					"rotation": {
						"vector": ["5.7+math.sin(query.anim_time * 600) * -45", 22, -12.7]
					},
					"position": {
						"vector": [0, "-0.4-math.sin(query.anim_time * 600) * 0.2", 0]
					}
				},
				"calp": {
					"rotation": {
						"vector": [
							"-10+math.sin(query.anim_time * 600 + 100) * -25",
							"-1.3+math.sin(query.anim_time * 600 + 150) * 5",
							"10+math.sin(query.anim_time * 600 + 150) * -5"
						]
					},
					"position": {
						"vector": [0, "0+math.sin(query.anim_time * 600 + 100) * 0.5", 0]
					}
				},
				"Foot": {
					"rotation": {
						"vector": ["10.5+math.sin(query.anim_time * 600 + 250) * -35", -1, 0]
					}
				},
				"Front_RightLeg": {
					"rotation": {
						"vector": ["5.7+math.sin(query.anim_time * 600) * -45", -22, 12.7]
					},
					"position": {
						"vector": [0, "-0.4-math.sin(query.anim_time * 600) * 0.2", 0]
					}
				},
				"calp3": {
					"rotation": {
						"vector": [
							"-10+math.sin(query.anim_time * 600 + 100) * -25",
							"1.3+math.sin(query.anim_time * 600 + 150) * 5",
							"-10+math.sin(query.anim_time * 600 + 150) * -5"
						]
					},
					"position": {
						"vector": [0, "0+math.sin(query.anim_time * 600 + 100) * 0.5", 0]
					}
				},
				"Foot3": {
					"rotation": {
						"vector": ["10.5+math.sin(query.anim_time * 600 + 250) * -35", 1, 0]
					}
				},
				"Neck4": {
					"rotation": {
						"vector": [-5, 0, 0]
					},
					"scale": {
						"vector": [1.1, 1, 1]
					}
				},
				"rightEye": {
					"rotation": {
						"vector": [0, -25, 0]
					}
				},
				"rightWing2": {
					"rotation": {
						"vector": [0, 32.5, 0]
					}
				},
				"leftWArm": {
					"rotation": {
						"vector": [1.50003, -47, "3+math.sin(query.anim_time * 600-50) * -5"]
					},
					"scale": {
						"vector": [0.7, 0.7, 0.7]
					}
				},
				"leftWFArm": {
					"rotation": {
						"vector": [-226.5, 52, "126+math.sin(query.anim_time * 600-100) * -5"]
					}
				},
				"leftWHalf": {
					"rotation": {
						"vector": [-16.83359, -56.19874, 28.10276]
					}
				},
				"leftWing4": {
					"rotation": {
						"vector": [0, -32.5, 0]
					}
				},
				"rightWArm": {
					"rotation": {
						"vector": [1.50003, 47, "-3+math.sin(query.anim_time * 600-50) * 5"]
					},
					"scale": {
						"vector": [0.7, 0.7, 0.7]
					}
				},
				"rightWFArm": {
					"rotation": {
						"vector": [-226.5, -52, "-126+math.sin(query.anim_time * 600-100) * 5"]
					}
				},
				"rightWHalf": {
					"rotation": {
						"vector": [-16.83359, 56.19874, -28.10276]
					}
				},
				"leftShin": {
					"rotation": {
						"vector": ["0-math.sin(query.anim_time * 600+150) * -15", 0, 0]
					}
				},
				"leftFeet5": {
					"rotation": {
						"vector": ["5+math.sin(query.anim_time * 600 + 540) * -25", 0, 0]
					}
				},
				"rightShin": {
					"rotation": {
						"vector": ["0-math.sin(query.anim_time * 600+150) * -15", 0, 0]
					}
				},
				"rightFeet3": {
					"rotation": {
						"vector": ["math.sin(query.anim_time * 600 + 540) * -25", 0, 0]
					}
				},
				"right_tf": {
					"rotation": {
						"vector": [0, 7.5, 0]
					}
				},
				"Outer": {
					"rotation": {
						"vector": [0, 5, 0]
					}
				},
				"left_tf": {
					"rotation": {
						"vector": [0, -7.5, 0]
					}
				},
				"Outer2": {
					"rotation": {
						"vector": [0, -5, 0]
					}
				},
				"Tail8": {
					"rotation": {
						"vector": ["-17.5+math.cos(query.anim_time * 600 - 400) * 15", "0+math.cos(query.anim_time * 300 - 420) * 9", 0]
					}
				},
				"rightPupil": {
					"scale": {
						"0.0": {
							"vector": [1, 0.4, 0.4]
						},
						"0.25": {
							"vector": [1, 0, 0]
						},
						"0.5": {
							"vector": [1, 0.4, 0.4]
						}
					}
				},
				"leftEye": {
					"rotation": {
						"vector": [0, 25, 0]
					}
				},
				"leftPupil": {
					"scale": {
						"0.0": {
							"vector": [1, 0.4, 0.4]
						},
						"0.25": {
							"vector": [1, 0, 0]
						},
						"0.5": {
							"vector": [1, 0.4, 0.4]
						}
					}
				},
				"leftWArm2": {
					"rotation": {
						"vector": [1.50003, -47, "3+math.sin(query.anim_time * 600) * -5"]
					},
					"scale": {
						"vector": [0.5, 0.5, 0.5]
					}
				},
				"leftWFArm2": {
					"rotation": {
						"vector": [-226.5, 52, "126+math.sin(query.anim_time * 600-50) * -5"]
					}
				},
				"leftWHalf2": {
					"rotation": {
						"vector": [-16.83359, -56.19874, 28.10276]
					}
				},
				"leftWing2": {
					"rotation": {
						"vector": [0, -32.5, 0]
					}
				},
				"leftWingClaws2": {
					"rotation": {
						"vector": ["-80+math.sin(query.anim_time*350 - 100) *30", 0, 40]
					}
				},
				"Bodyfront": {
					"rotation": {
						"vector": ["math.sin(query.anim_time * 600+50) * 5", 0, 0]
					}
				},
				"Bodyback": {
					"rotation": {
						"vector": ["math.sin(query.anim_time * 600-50) * 5", 0, 0]
					}
				},
				"Base": {
					"rotation": {
						"vector": [0, 0, 0]
					}
				},
				"Tail5": {
					"rotation": {
						"vector": ["12.5+math.cos(query.anim_time * 600 - 280) * 8", "math.cos(query.anim_time * 300 - 300) * 3", 0]
					}
				}
			}
		},
		"nightmare.sit": {
			"animation_length": 14.4,
			"bones": {
				"Chest": {
					"rotation": {
						"vector": [-35, 0, 0]
					},
					"position": {
						"vector": [0, "9.75+math.sin(query.anim_time * 200) * 0.2", 0]
					}
				},
				"leftThigh": {
					"rotation": {
						"vector": [-55.89208, -17.57845, -16.72398]
					},
					"position": {
						"vector": [0, "math.sin(query.anim_time * 200) * -0.2", 0]
					}
				},
				"leftShin": {
					"rotation": {
						"vector": [22.5, 0, 0]
					}
				},
				"leftFeet": {
					"rotation": {
						"vector": [-7.5, 0, 0]
					}
				},
				"leftPaw": {
					"rotation": {
						"vector": [-32.5, 0, 0]
					}
				},
				"rightThigh": {
					"rotation": {
						"vector": [-58.69517, 15.09542, 16.6387]
					},
					"position": {
						"vector": [0, "math.sin(query.anim_time * 200) * -0.2", 0]
					}
				},
				"rightShin": {
					"rotation": {
						"vector": [35, 0, 0]
					}
				},
				"rightFeet": {
					"rotation": {
						"vector": [-20, 0, 0]
					}
				},
				"rightPaw": {
					"rotation": {
						"vector": [-40, 0, 0]
					}
				},
				"Neck1": {
					"rotation": {
						"0.0": {
							"vector": ["-20+math.sin(query.anim_time *200)*4", 0, 0]
						},
						"3.4375": {
							"vector": ["-20+math.sin(query.anim_time *200)*4", 0, 0]
						},
						"3.9375": {
							"vector": ["-20+math.sin(query.anim_time *200)*4", 0, "0+math.sin(query.anim_time *1000 - 50) * 1"]
						},
						"4.625": {
							"vector": ["-20+math.sin(query.anim_time *200)*4", 0, "0+math.sin(query.anim_time *1500 - 50) *1"]
						},
						"5.0625": {
							"vector": ["-20+math.sin(query.anim_time *200)*4", 0, 0]
						}
					}
				},
				"Neck2": {
					"rotation": {
						"0.0": {
							"vector": ["15+math.sin(query.anim_time *200-50)*4", 0, 0]
						},
						"3.4375": {
							"vector": ["15+math.sin(query.anim_time *200-50)*4", 0, 0],
							"easing": "easeInOutSine"
						},
						"3.9375": {
							"vector": ["15+math.sin(query.anim_time *200-50)*4", 0, "math.sin(query.anim_time *1000 - 50) * 2.5"]
						},
						"4.625": {
							"vector": ["15+math.sin(query.anim_time *200-50)*4", 0, "math.sin(query.anim_time *1500 - 50) * 2.5"]
						},
						"5.0625": {
							"vector": ["15+math.sin(query.anim_time *200-50)*4", 0, 0],
							"easing": "easeInOutSine"
						}
					},
					"scale": {
						"vector": [1.1, 1, 1]
					}
				},
				"Neck3": {
					"rotation": {
						"vector": ["25+math.sin(query.anim_time *200 + 150) * 2", 0, 0]
					}
				},
				"Neck4": {
					"rotation": {
						"0.0": {
							"vector": ["-7.5+math.sin(query.anim_time *200-100)* 4", 0, 0]
						},
						"0.625": {
							"vector": ["-7.5+math.sin(query.anim_time *200-100)* 4", 0, 0]
						},
						"1.0625": {
							"vector": ["-7.4+math.sin(query.anim_time *200-100)* 4", -0.9, -4.9],
							"easing": "easeInOutQuad"
						},
						"1.8125": {
							"vector": ["-7.4+math.sin(query.anim_time *200-100)* 4", -0.9, -4.9],
							"easing": "easeInOutQuad"
						},
						"2.4375": {
							"vector": ["-7.4+math.sin(query.anim_time *200-100)* 4", 0.7, 7.4],
							"easing": "easeInOutQuad"
						},
						"2.875": {
							"vector": ["-7.4+math.sin(query.anim_time *200-100)* 4", 0.7, 7.4],
							"easing": "easeInOutQuad"
						},
						"3.4375": {
							"vector": ["-7.5+math.sin(query.anim_time *200-100)* 4", 0, 0],
							"easing": "easeInOutCubic"
						},
						"3.9375": {
							"vector": ["-7.5+math.sin(query.anim_time *200-100)* 4", 0, "0+math.sin(query.anim_time *1000 - 100) * 5"]
						},
						"4.625": {
							"vector": ["-7.5+math.sin(query.anim_time *200-100)* 4", 0, "0+math.sin(query.anim_time *1500 - 100) * 5"]
						},
						"5.0625": {
							"vector": ["-7.5+math.sin(query.anim_time *200-100)* 4", 0, 0],
							"easing": "easeInOutCubic"
						}
					},
					"scale": {
						"0.0": {
							"vector": [1.1, 1, 1]
						},
						"3.4375": {
							"vector": [1.1, 1, 1],
							"easing": "easeInOutCubic"
						}
					}
				},
				"head": {
					"rotation": {
						"0.0": {
							"vector": ["17.5+math.sin(query.anim_time *200 + 150) * 10", 0, 0]
						},
						"0.625": {
							"vector": ["17.5+math.sin(query.anim_time *200 + 150) * 10", 0, 0]
						},
						"1.0625": {
							"vector": ["4.4+math.sin(query.anim_time *200 + 150) * 10", 4.5, -14.3],
							"easing": "easeInOutQuad"
						},
						"1.8125": {
							"vector": ["4.4+math.sin(query.anim_time *200 + 150) * 10", 4.5, -14.3],
							"easing": "easeInOutQuad"
						},
						"2.4375": {
							"vector": ["4.4+math.sin(query.anim_time *200 + 150) * 10", -4.5, 14.3],
							"easing": "easeInOutQuad"
						},
						"2.875": {
							"vector": ["4.4+math.sin(query.anim_time *200 + 150) * 10", -4.5, 14.3],
							"easing": "easeInOutQuad"
						},
						"3.4375": {
							"vector": ["17.5+math.sin(query.anim_time *200 + 150) * 10", 0, 0],
							"easing": "easeInOutCubic"
						},
						"3.9375": {
							"vector": ["17.5+math.sin(query.anim_time *200 + 150) * 10", 0, "0+math.sin(query.anim_time *1000 + 150) * 10"],
							"easing": "easeInOutCubic"
						},
						"4.625": {
							"vector": ["17.5+math.sin(query.anim_time *200 + 150) * 10", 0, "0+math.sin(query.anim_time *1500 + 150) * 10"],
							"easing": "linear"
						},
						"5.0625": {
							"vector": ["17.5+math.sin(query.anim_time *200 + 150) * 10", 0, 0],
							"easing": "easeInOutSine"
						}
					},
					"scale": {
						"0.0": {
							"vector": [1, 1.1, 1.1]
						},
						"3.4375": {
							"vector": [1, 1.1, 1.1],
							"easing": "easeInOutCubic"
						}
					}
				},
				"Tail1": {
					"rotation": {
						"vector": [25, 0, 0]
					}
				},
				"Tail2": {
					"rotation": {
						"vector": [7.7614, 14.8687, 2.00307]
					}
				},
				"Tail3": {
					"rotation": {
						"vector": [0, 25, 0]
					}
				},
				"Tail4": {
					"rotation": {
						"vector": [-2.5, 37.5, 0]
					}
				},
				"Tail5": {
					"rotation": {
						"vector": [-2.5, 47.5, "math.sin(query.anim_time *100) * -1"]
					}
				},
				"Tail6": {
					"rotation": {
						"vector": [2.5, 22.5, "math.sin(query.anim_time *100 - 25) * -2"]
					}
				},
				"Tail7": {
					"rotation": {
						"vector": [0, 25, "2+math.sin(query.anim_time *100 - 50) * -3"]
					}
				},
				"Tail8": {
					"rotation": {
						"vector": [5, 14, "math.sin(query.anim_time *100 - 100) * -10"]
					}
				},
				"leftUpperEyelid": {
					"scale": {
						"vector": [1, 0.1, 1]
					}
				},
				"leftLowerEyelid": {
					"scale": {
						"vector": [1, 0.1, 1]
					}
				},
				"rightUpperEyelid": {
					"scale": {
						"vector": [1, 0.1, 1]
					}
				},
				"rightLowerEyelid": {
					"scale": {
						"vector": [1, 0.1, 1]
					}
				},
				"rightWArm2": {
					"rotation": {
						"vector": [37.00226, 58.07655, "36.7801+math.sin(query.anim_time * 200 - 70) * 1.5"]
					},
					"scale": {
						"vector": [0.5, 0.5, 0.5]
					}
				},
				"rightWFArm2": {
					"rotation": {
						"vector": [-246.17477, -21.90919, -117.36201]
					}
				},
				"rightWHalf2": {
					"rotation": {
						"vector": [-16.83359, 56.19874, -28.10276]
					}
				},
				"rightWingClaws2": {
					"rotation": {
						"vector": [-95, -10, 30]
					}
				},
				"rightWing4": {
					"rotation": {
						"vector": [0, 32.5, 0]
					}
				},
				"rightWing5": {
					"rotation": {
						"vector": [-35, 0, 0]
					}
				},
				"Body": {
					"scale": {
						"vector": [1.9, 1.9, 1.9]
					}
				},
				"Bodyfront": {
					"rotation": {
						"vector": [20, 0, 0]
					}
				},
				"Front_LeftLeg": {
					"rotation": {
						"vector": [5.7, 27.6, -12.7]
					},
					"position": {
						"vector": ["0+math.sin(query.anim_time * 200) * -0.1", "-2+math.sin(query.anim_time * 200) * 0.4", 0]
					}
				},
				"calp": {
					"rotation": {
						"vector": [-10, -1.3, 10]
					},
					"position": {
						"vector": ["0+math.sin(query.anim_time * 200) * -0.05", "-0.9+math.sin(query.anim_time * 200) * -0.45", "0+math.sin(query.anim_time * 200) * -0.15"]
					}
				},
				"Foot": {
					"rotation": {
						"vector": [12.3, -2.15393, 10]
					}
				},
				"Front_RightLeg": {
					"rotation": {
						"vector": [5.7, -27.6, 12.7]
					},
					"position": {
						"vector": ["0+math.sin(query.anim_time * 200) * 0.1", "-2+math.sin(query.anim_time * 200) * 0.4", 0]
					}
				},
				"calp3": {
					"rotation": {
						"vector": [-10, 1.3, -10]
					},
					"position": {
						"vector": ["0+math.sin(query.anim_time * 200) * 0.05", "-0.9+math.sin(query.anim_time * 200) * -0.45", "0+math.sin(query.anim_time * 200) * -0.15"]
					}
				},
				"Foot3": {
					"rotation": {
						"vector": [12.3, 2.15393, -10]
					}
				},
				"rightWing2": {
					"rotation": {
						"vector": [0, 32.5, 0]
					}
				},
				"leftWArm": {
					"rotation": {
						"vector": [401.84371, -39.59349, "-427.4389+math.sin(query.anim_time * 200 - 70) * 1.5"]
					},
					"scale": {
						"vector": [0.7, 0.7, 0.7]
					}
				},
				"leftWFArm": {
					"rotation": {
						"vector": [-244.15887, 28.71719, 118.11025]
					}
				},
				"leftWHalf": {
					"rotation": {
						"vector": [-16.83359, -56.19874, 28.10276]
					}
				},
				"leftWing4": {
					"rotation": {
						"vector": [0, -32.5, 0]
					}
				},
				"rightWArm": {
					"rotation": {
						"vector": [436.56255, 44.13233, "458.2961+math.sin(query.anim_time * 200 - 70) * 1.5"]
					},
					"scale": {
						"vector": [0.7, 0.7, 0.7]
					}
				},
				"rightWFArm": {
					"rotation": {
						"vector": [-244.15887, -28.71719, -118.11025]
					}
				},
				"rightWHalf": {
					"rotation": {
						"vector": [-16.83359, 56.19874, -28.10276]
					}
				},
				"leftFeet5": {
					"rotation": {
						"vector": [80, 0, 0]
					}
				},
				"rightFeet3": {
					"rotation": {
						"vector": [87.5, 0, 0]
					}
				},
				"right_tf": {
					"rotation": {
						"vector": [0, 10, 0]
					}
				},
				"Outer": {
					"rotation": {
						"vector": [0, 5, 0]
					}
				},
				"left_tf": {
					"rotation": {
						"vector": [0, -10, 0]
					}
				},
				"Outer2": {
					"rotation": {
						"vector": [0, -5, 0]
					}
				},
				"rightPupil": {
					"scale": {
						"0.0": {
							"vector": [1, 0.4, 0.4]
						},
						"0.25": {
							"vector": [1, 0, 0]
						},
						"0.5": {
							"vector": [1, 0.4, 0.4]
						},
						"2.9375": {
							"vector": [1, 0.4, 0.4]
						},
						"3.625": {
							"vector": [1, 0.13, 0.1],
							"easing": "easeInOutQuart"
						},
						"4.625": {
							"vector": [1, 0.13, 0.1],
							"easing": "easeInOutQuart"
						},
						"5.8125": {
							"vector": [1, 0.4, 0.4],
							"easing": "easeInOutQuint"
						}
					}
				},
				"leftPupil": {
					"scale": {
						"0.0": {
							"vector": [1, 0.4, 0.4]
						},
						"0.25": {
							"vector": [1, 0, 0]
						},
						"0.5": {
							"vector": [1, 0.4, 0.4]
						},
						"2.9375": {
							"vector": [1, 0.4, 0.4]
						},
						"3.625": {
							"vector": [1, 0.13, 0.1],
							"easing": "easeInOutQuart"
						},
						"4.625": {
							"vector": [1, 0.13, 0.1],
							"easing": "easeInOutQuart"
						},
						"5.8125": {
							"vector": [1, 0.4, 0.4],
							"easing": "easeInOutQuint"
						}
					}
				},
				"leftWArm2": {
					"rotation": {
						"vector": [19.70361, -39.30715, "-20.7595+math.sin(query.anim_time * 200 - 70) * 1.5"]
					},
					"scale": {
						"vector": [0.5, 0.5, 0.5]
					}
				},
				"leftWFArm2": {
					"rotation": {
						"vector": [-246.17477, 21.90919, 117.36201]
					}
				},
				"leftWHalf2": {
					"rotation": {
						"vector": [-16.83359, -56.19874, 28.10276]
					}
				},
				"leftWing2": {
					"rotation": {
						"vector": [0, -32.5, 0]
					}
				},
				"leftWingClaws2": {
					"rotation": {
						"vector": [-95, -10, 30]
					}
				},
				"rightEye": {
					"rotation": {
						"0.0": {
							"vector": [0, 0, 0]
						},
						"0.6875": {
							"vector": [0, 7.5, 12.5],
							"easing": "easeInOutExpo"
						},
						"1.4375": {
							"vector": [2.92614, 8.01607, -7.70425],
							"easing": "easeInOutExpo"
						},
						"2.25": {
							"vector": [7.15599, -6.55599, -13.4207],
							"easing": "easeInOutQuart"
						},
						"3.0": {
							"vector": [-1.44348, -7.56566, 8.30926],
							"easing": "easeInOutQuint"
						},
						"3.9375": {
							"vector": [0, 0, -15],
							"easing": "easeInOutQuint"
						},
						"5.125": {
							"vector": [0, 0, -15],
							"easing": "easeInOutCubic"
						},
						"5.9375": {
							"vector": [0, 0, 0],
							"easing": "easeInOutExpo"
						},
						"7.5625": {
							"vector": [0, 0, 0]
						},
						"8.25": {
							"vector": [0, -7.5, -12.5],
							"easing": "easeOutExpo"
						},
						"9.0": {
							"vector": [0, -7.5, -12.5],
							"easing": "easeOutExpo"
						},
						"9.8125": {
							"vector": [7.15599, 6.55599, 13.4207],
							"easing": "easeInOutQuart"
						},
						"10.5625": {
							"vector": [-1.4, -7.5, 8.3],
							"easing": "easeOutQuint"
						},
						"11.5": {
							"vector": [0, 12.5, 15],
							"easing": "easeOutQuint"
						},
						"12.6875": {
							"vector": [0, 0, 0],
							"easing": "easeInOutExpo"
						}
					}
				},
				"leftEye": {
					"rotation": {
						"0.0": {
							"vector": [0, 0, 0]
						},
						"0.6875": {
							"vector": [0, -7.5, -12.5],
							"easing": "easeInOutExpo"
						},
						"1.4375": {
							"vector": [2.92614, -8.01607, 7.70425],
							"easing": "easeInOutExpo"
						},
						"2.25": {
							"vector": [7.15599, 6.55599, 13.4207],
							"easing": "easeInOutQuart"
						},
						"3.0": {
							"vector": [-1.44348, 7.56566, -8.30926],
							"easing": "easeInOutQuint"
						},
						"3.9375": {
							"vector": [0, 0, 15],
							"easing": "easeInOutQuint"
						},
						"5.125": {
							"vector": [0, 0, 15],
							"easing": "easeInOutCubic"
						},
						"5.9375": {
							"vector": [0, 0, 0],
							"easing": "easeInOutExpo"
						},
						"7.5625": {
							"vector": [0, 0, 0]
						},
						"8.25": {
							"vector": [0, 7.5, 12.5],
							"easing": "easeOutExpo"
						},
						"9.0": {
							"vector": [0, 7.5, 12.5],
							"easing": "easeOutExpo"
						},
						"9.8125": {
							"vector": [7.15599, -6.55599, -13.4207],
							"easing": "easeInOutQuart"
						},
						"10.5625": {
							"vector": [-1.4, -7.5, 8.3],
							"easing": "easeOutQuint"
						},
						"11.5": {
							"vector": [0, -10, -15],
							"easing": "easeOutQuint"
						},
						"12.6875": {
							"vector": [0, 0, 0],
							"easing": "easeInOutExpo"
						}
					}
				},
				"Jaw": {
					"rotation": {
						"0.0": {
							"vector": ["10+math.sin(query.anim_time *200-100)* 3", 0, 0]
						},
						"0.4375": {
							"vector": ["10+math.sin(query.anim_time *200-100)* 3", 0, 0]
						},
						"0.9375": {
							"vector": ["2.5+math.sin(query.anim_time *200-100)* 1", 0, 0]
						},
						"1.5": {
							"vector": ["math.sin(query.anim_time *2100-100)* 1", 0, 0]
						},
						"3.25": {
							"vector": ["2.5+math.sin(query.anim_time *200-100)* 1", 0, 0]
						},
						"4.0625": {
							"vector": ["7.5+math.sin(query.anim_time *2100-100)* 1.5", 0, 0]
						},
						"4.5625": {
							"vector": ["2.5+math.sin(query.anim_time *200-100)* 1", 0, 0]
						}
					}
				}
			}
		},
		"nightmare.sleep": {
			"animation_length": 3.5833,
			"bones": {
				"Chest": {
					"rotation": {
						"vector": [-0.0038, -2.49391, 360.1745]
					},
					"position": {
						"vector": [0, "-26+math.sin(query.anim_time * 200) * 0.2", 0]
					}
				},
				"leftThigh": {
					"rotation": {
						"vector": [-49.96515, -28.46318, -15.33151]
					},
					"position": {
						"vector": [0, "math.sin(query.anim_time * 200) * -0.2", 0]
					}
				},
				"leftShin": {
					"rotation": {
						"vector": [-52.5, 0, 0]
					}
				},
				"leftFeet": {
					"rotation": {
						"vector": [29.20327, 0.56795, -2.82523]
					},
					"position": {
						"vector": [0.1, 0.3, 1.7]
					}
				},
				"leftPaw": {
					"rotation": {
						"vector": [-20, 0, 0]
					}
				},
				"rightThigh": {
					"rotation": {
						"vector": [-49.96515, 28.46318, 15.33151]
					},
					"position": {
						"vector": [0, "math.sin(query.anim_time * 200) * -0.3", 0]
					}
				},
				"rightShin": {
					"rotation": {
						"vector": [-52.5, 0, 0]
					}
				},
				"rightFeet": {
					"rotation": {
						"vector": [27.76002, -0.56795, 2.82523]
					},
					"position": {
						"vector": [-0.1, 0.3, 1.7]
					}
				},
				"rightPaw": {
					"rotation": {
						"vector": [-20, 0, 0]
					}
				},
				"Neck1": {
					"rotation": {
						"vector": ["0.9172+math.sin(query.anim_time *200 - 50) * -1", -12.78575, 4.68394]
					}
				},
				"Neck2": {
					"rotation": {
						"vector": [0, 0, 0]
					},
					"scale": {
						"vector": [1.1, 1, 1]
					}
				},
				"Neck3": {
					"rotation": {
						"vector": [0, 0, 27.5]
					}
				},
				"Neck4": {
					"rotation": {
						"vector": [4.20908, -0.91805, -30.40187]
					},
					"scale": {
						"vector": [1.1, 1, 1]
					}
				},
				"head": {
					"rotation": {
						"vector": ["-7.4934+math.sin(query.anim_time *200 - 75) * 1.2", -7.85923, 1.12934]
					},
					"scale": {
						"vector": [1, 1.1, 1.1]
					}
				},
				"Tail2": {
					"rotation": {
						"vector": [2.15497, 29.70332, -0.48867]
					},
					"position": {
						"vector": [0, 0, "math.sin(query.anim_time *200) * -0.4 "]
					}
				},
				"Tail3": {
					"rotation": {
						"vector": [1.59176, 32.46527, 2.96346]
					}
				},
				"Tail4": {
					"rotation": {
						"vector": [2.79682, 39.53576, 3.18139]
					}
				},
				"Tail5": {
					"rotation": {
						"vector": [-4.67936, 43.66613, -1.86356]
					}
				},
				"Tail6": {
					"rotation": {
						"vector": ["-2.8829+math.sin(query.anim_time *100 - 45) * -1", 25.0597, "0.069+math.sin(query.anim_time *100 - 25) * 2"]
					}
				},
				"Tail7": {
					"rotation": {
						"vector": [0.22278, 29.94948, "1.8396+math.sin(query.anim_time *100 - 50) * 4"]
					}
				},
				"Tail8": {
					"rotation": {
						"vector": ["math.sin(query.anim_time *100 - 75) * -2.1449", 24.40869, 7.49617]
					}
				},
				"rightWArm2": {
					"rotation": {
						"vector": [-9.2, -4.53698, -6.4]
					},
					"scale": {
						"vector": [0.5, 0.5, 0.5]
					}
				},
				"rightWFArm2": {
					"rotation": {
						"vector": [-173.5, -57.5, -180]
					}
				},
				"rightWHalf2": {
					"rotation": {
						"vector": [-15.21172, 60.20008, -25.7972]
					}
				},
				"rightWingClaws2": {
					"rotation": {
						"vector": [-60, 0, 0]
					}
				},
				"rightWing4": {
					"rotation": {
						"vector": [-1.55022, 29.9662, -2.88332]
					}
				},
				"rightWing5": {
					"rotation": {
						"vector": [-12.5, 0, 0]
					}
				},
				"Body": {
					"scale": {
						"vector": [1.9, 1.9, 1.9]
					}
				},
				"Front_LeftLeg": {
					"rotation": {
						"vector": [-110.37714, -17.54308, -18.13519]
					},
					"position": {
						"vector": [0, "math.sin(query.anim_time * 200) * -0.2", 0]
					}
				},
				"calp": {
					"rotation": {
						"vector": [49.13505, -14.5937, 11.82499]
					}
				},
				"Foot": {
					"rotation": {
						"vector": [86.42907, 2.0847, 2.00973]
					},
					"position": {
						"vector": [0, 0, 0]
					}
				},
				"Claws": {
					"rotation": {
						"vector": [-35, 0, 0]
					}
				},
				"Front_RightLeg": {
					"rotation": {
						"vector": [-105.68738, 2.17635, 2.61835]
					},
					"position": {
						"vector": [0, "0.8+math.sin(query.anim_time * 200) *", 0]
					}
				},
				"calp3": {
					"rotation": {
						"vector": [38.17858, 10.3865, -24.74691]
					}
				},
				"Foot3": {
					"rotation": {
						"vector": [74.98617, -13.54761, -20.27353]
					},
					"position": {
						"vector": [0, 0, 1]
					}
				},
				"Claws3": {
					"rotation": {
						"vector": [-15, 0, 0]
					}
				},
				"rightWing2": {
					"rotation": {
						"vector": [-1.55022, 29.9662, -2.88332]
					}
				},
				"leftWArm": {
					"rotation": {
						"vector": [-4.4, -21.9, 3.9]
					},
					"scale": {
						"vector": [0.7, 0.7, 0.7]
					}
				},
				"leftWFArm": {
					"rotation": {
						"vector": [-173.5, 57.5, 180]
					}
				},
				"leftWHalf": {
					"rotation": {
						"vector": [-15.21172, -60.20008, 25.7972]
					}
				},
				"leftWing4": {
					"rotation": {
						"vector": [-1.55022, -29.9662, 2.88332]
					}
				},
				"rightWArm": {
					"rotation": {
						"vector": [-4.4, 21.9, -3.9]
					},
					"scale": {
						"vector": [0.7, 0.7, 0.7]
					}
				},
				"rightWFArm": {
					"rotation": {
						"vector": [-173.5, -57.5, -180]
					}
				},
				"rightWHalf": {
					"rotation": {
						"vector": [-15.21172, 60.20008, -25.7972]
					}
				},
				"leftFeet5": {
					"rotation": {
						"vector": [86.97164, -11.31305, 10.2436]
					},
					"position": {
						"vector": [0, 0, -1]
					}
				},
				"rightFeet3": {
					"rotation": {
						"vector": [86.97164, 11.31305, -10.2436]
					},
					"position": {
						"vector": [0, 0, -1]
					}
				},
				"Base": {
					"rotation": {
						"vector": [-7.5, 0, 0]
					}
				},
				"right_tf": {
					"rotation": {
						"vector": [0, 10, 0]
					}
				},
				"Outer": {
					"rotation": {
						"vector": [0, 12.5, 0]
					}
				},
				"left_tf": {
					"rotation": {
						"vector": [0, -10, 0]
					}
				},
				"Outer2": {
					"rotation": {
						"vector": [0, -12.5, 0]
					}
				},
				"rightPupil": {
					"position": {
						"vector": [1, 0, 0]
					}
				},
				"leftPupil": {
					"position": {
						"vector": [-1, 0, 0]
					}
				},
				"leftWArm2": {
					"rotation": {
						"vector": [-9.2, 4.53698, 6.4]
					},
					"scale": {
						"vector": [0.5, 0.5, 0.5]
					}
				},
				"leftWFArm2": {
					"rotation": {
						"vector": [-173.5, 57.5, 180]
					}
				},
				"leftWHalf2": {
					"rotation": {
						"vector": [-15.21172, -60.20008, 25.7972]
					}
				},
				"leftWing2": {
					"rotation": {
						"vector": [-1.55022, -29.9662, 2.88332]
					}
				},
				"leftWingClaws2": {
					"rotation": {
						"vector": [-60, 0, 0]
					}
				}
			}
		},
		"nightmare.bite": {
			"loop": true,
			"animation_length": 0.6667,
			"bones": {
				"Neck1": {
					"rotation": {
						"0.0": {
							"vector": [0, 0, 0]
						},
						"0.125": {
							"vector": [-32.5, 0, -2.5]
						},
						"0.375": {
							"vector": [-2.5, 0, 16.54]
						},
						"0.5833": {
							"vector": [0, 0, 0]
						}
					}
				},
				"Neck2": {
					"rotation": {
						"0.0": {
							"vector": [0, 0, 0]
						},
						"0.125": {
							"vector": [-42.5, -15, 0]
						},
						"0.25": {
							"vector": [2.5, 0, 0]
						},
						"0.375": {
							"vector": [8.75, 0, 0]
						},
						"0.5833": {
							"vector": [0, 0, 0]
						}
					}
				},
				"Neck4": {
					"rotation": {
						"0.0": {
							"vector": [0, 0, 0]
						},
						"0.125": {
							"vector": [55, -7.5, 0]
						},
						"0.25": {
							"vector": [7.5, 0, 0]
						},
						"0.375": {
							"vector": [16.25, 17.5, 0]
						},
						"0.5833": {
							"vector": [0, 0, 0]
						}
					}
				},
				"head": {
					"rotation": {
						"0.0": {
							"vector": [0, 0, 0]
						},
						"0.125": {
							"vector": [37.5, 0, 0]
						},
						"0.25": {
							"vector": [-27.5, 0, 0]
						},
						"0.375": {
							"vector": [8.25, 0, 0]
						},
						"0.6667": {
							"vector": [0, 0, 0]
						}
					}
				},
				"Jaw": {
					"rotation": {
						"0.0": {
							"vector": [0, 0, 0]
						},
						"0.2083": {
							"vector": [60, 0, 0]
						},
						"0.3333": {
							"vector": [0, 0, 0]
						},
						"0.6667": {
							"vector": [0, 0, 0]
						}
					}
				},
				"leftUpperEyelid": {
					"scale": {
						"vector": [1, 0.1, 1]
					}
				},
				"leftLowerEyelid": {
					"scale": {
						"vector": [1, 0.1, 1]
					}
				},
				"rightUpperEyelid": {
					"scale": {
						"vector": [1, 0.1, 1]
					}
				},
				"rightLowerEyelid": {
					"scale": {
						"vector": [1, 0.1, 1]
					}
				},
				"rightPupil": {
					"scale": {
						"vector": [1, 0.4, 0.4]
					}
				},
				"leftPupil": {
					"scale": {
						"vector": [1, 0.4, 0.4]
					}
				}
			}
		},
		"nightmare.breath": {
			"loop": true,
			"animation_length": 0.875,
			"bones": {
				"Neck1": {
					"rotation": {
						"vector": [0, 0, "math.sin(query.anim_time * 400) * 3"]
					}
				},
				"Neck3": {
					"rotation": {
						"vector": [0, "math.sin(query.anim_time * 400 + 50) * 4", 0]
					}
				},
				"head": {
					"rotation": {
						"vector": ["-27.5+math.sin(query.anim_time * 800 + 30) * 2", "math.sin(query.anim_time * 400 + 100) * 5", 0]
					}
				},
				"Jaw": {
					"rotation": {
						"vector": ["72.5+math.sin(query.anim_time * 800) * 3", 0, 0]
					}
				},
				"leftUpperEyelid": {
					"scale": {
						"vector": [1, 0.1, 1]
					}
				},
				"leftLowerEyelid": {
					"scale": {
						"vector": [1, 0.1, 1]
					}
				},
				"rightUpperEyelid": {
					"scale": {
						"vector": [1, 0.1, 1]
					}
				},
				"rightLowerEyelid": {
					"scale": {
						"vector": [1, 0.1, 1]
					}
				},
				"rightPupil": {
					"scale": {
						"vector": [1, 0.4, 0.4]
					}
				},
				"leftPupil": {
					"scale": {
						"vector": [1, 0.4, 0.4]
					}
				}
			}
		},
		"nightmare.tailrot0": {
			"loop": true,
			"bones": {
				"rotation": {
					"rotation": {
						"vector": [0, 0, 0]
					}
				},
				"Tail1Rot": {
					"rotation": {
						"vector": [0, 0, 0]
					}
				},
				"Tail2Rot": {
					"rotation": {
						"vector": [0, 0, 0]
					}
				},
				"Tail3Rot": {
					"rotation": {
						"vector": [0, 0, 0]
					}
				},
				"Tail4Rot": {
					"rotation": {
						"vector": [0, 0, 0]
					}
				},
				"Tail5Rot": {
					"rotation": {
						"vector": [0, 0, 0]
					}
				},
				"Tail6Rot": {
					"rotation": {
						"vector": [0, 0, 0]
					}
				},
				"Neck1Rot": {
					"rotation": {
						"vector": [0, 0, 0]
					}
				},
				"Neck2Rot": {
					"rotation": {
						"vector": [0, 0, 0]
					}
				},
				"Neck3Rot": {
					"rotation": {
						"vector": [0, 0, 0]
					}
				},
				"rightPupil": {
					"scale": {
						"vector": [1, 0.4, 0.4]
					}
				},
				"leftPupil": {
					"scale": {
						"vector": [1, 0.4, 0.4]
					}
				}
			}
		},
		"nightmare.tailrotleft1": {
			"loop": true,
			"bones": {
				"rotation": {
					"rotation": {
						"vector": [0, 0, 0]
					}
				},
				"Tail1Rot": {
					"rotation": {
						"vector": [0, 0, 2.5]
					}
				},
				"Tail2Rot": {
					"rotation": {
						"vector": [0, 0, 5]
					}
				},
				"Tail3Rot": {
					"rotation": {
						"vector": [0, 0, 5]
					}
				},
				"Tail4Rot": {
					"rotation": {
						"vector": [0, 0, 5]
					}
				},
				"Tail5Rot": {
					"rotation": {
						"vector": [0, 0, 10]
					}
				},
				"Tail6Rot": {
					"rotation": {
						"vector": [0, 0, 10]
					}
				},
				"Neck1Rot": {
					"rotation": {
						"vector": [0, -5, 0]
					}
				},
				"Neck2Rot": {
					"rotation": {
						"vector": [0, 0, 5]
					}
				},
				"Neck3Rot": {
					"rotation": {
						"vector": [0, 0, 5]
					}
				},
				"rightPupil": {
					"scale": {
						"vector": [1, 0.4, 0.4]
					}
				},
				"leftPupil": {
					"scale": {
						"vector": [1, 0.4, 0.4]
					}
				}
			}
		},
		"nightmare.tailrotleft1f": {
			"loop": true,
			"bones": {
				"rotation": {
					"rotation": {
						"vector": [0, 0, 7.5]
					}
				},
				"Tail1Rot": {
					"rotation": {
						"vector": [0, 5, 2.5]
					}
				},
				"Tail2Rot": {
					"rotation": {
						"vector": [0, 0, 5]
					}
				},
				"Tail3Rot": {
					"rotation": {
						"vector": [0, 0, 5]
					}
				},
				"Tail4Rot": {
					"rotation": {
						"vector": [0, 0, 5]
					}
				},
				"Tail5Rot": {
					"rotation": {
						"vector": [0, 0, 10]
					}
				},
				"Tail6Rot": {
					"rotation": {
						"vector": [0, 0, 10]
					}
				},
				"Neck1Rot": {
					"rotation": {
						"vector": [0, -5, -5]
					}
				},
				"Neck2Rot": {
					"rotation": {
						"vector": [0, 0, 5]
					}
				},
				"Neck3Rot": {
					"rotation": {
						"vector": [0, 0, 5]
					}
				},
				"rightPupil": {
					"scale": {
						"vector": [1, 0.4, 0.4]
					}
				},
				"leftPupil": {
					"scale": {
						"vector": [1, 0.4, 0.4]
					}
				}
			}
		},
		"nightmare.tailrotright1": {
			"loop": true,
			"bones": {
				"rotation": {
					"rotation": {
						"vector": [0, 0, 0]
					}
				},
				"Tail1Rot": {
					"rotation": {
						"vector": [0, 0, -2.5]
					}
				},
				"Tail2Rot": {
					"rotation": {
						"vector": [0, 0, -5]
					}
				},
				"Tail3Rot": {
					"rotation": {
						"vector": [0, 0, -5]
					}
				},
				"Tail4Rot": {
					"rotation": {
						"vector": [0, 0, -5]
					}
				},
				"Tail5Rot": {
					"rotation": {
						"vector": [0, 0, -10]
					}
				},
				"Tail6Rot": {
					"rotation": {
						"vector": [0, 0, -10]
					}
				},
				"Neck1Rot": {
					"rotation": {
						"vector": [0, 5, 0]
					}
				},
				"Neck2Rot": {
					"rotation": {
						"vector": [0, 0, -5]
					}
				},
				"Neck3Rot": {
					"rotation": {
						"vector": [0, 0, -5]
					}
				},
				"rightPupil": {
					"scale": {
						"vector": [1, 0.4, 0.4]
					}
				},
				"leftPupil": {
					"scale": {
						"vector": [1, 0.4, 0.4]
					}
				}
			}
		},
		"nightmare.tailrotright1f": {
			"loop": true,
			"bones": {
				"rotation": {
					"rotation": {
						"vector": [0, 0, -7.5]
					}
				},
				"Tail1Rot": {
					"rotation": {
						"vector": [0, -5, -2.5]
					}
				},
				"Tail2Rot": {
					"rotation": {
						"vector": [0, 0, -5]
					}
				},
				"Tail3Rot": {
					"rotation": {
						"vector": [0, 0, -5]
					}
				},
				"Tail4Rot": {
					"rotation": {
						"vector": [0, 0, -5]
					}
				},
				"Tail5Rot": {
					"rotation": {
						"vector": [0, 0, -10]
					}
				},
				"Tail6Rot": {
					"rotation": {
						"vector": [0, 0, -10]
					}
				},
				"Neck1Rot": {
					"rotation": {
						"vector": [0, 5, 5]
					}
				},
				"Neck2Rot": {
					"rotation": {
						"vector": [0, 0, -5]
					}
				},
				"Neck3Rot": {
					"rotation": {
						"vector": [0, 0, -5]
					}
				},
				"rightPupil": {
					"scale": {
						"vector": [1, 0.4, 0.4]
					}
				},
				"leftPupil": {
					"scale": {
						"vector": [1, 0.4, 0.4]
					}
				}
			}
		},
		"nightmare.tailrotleft2": {
			"loop": true,
			"bones": {
				"rotation": {
					"rotation": {
						"vector": [0, 0, 0]
					}
				},
				"Tail1Rot": {
					"rotation": {
						"vector": [0, 0, 5]
					}
				},
				"Tail2Rot": {
					"rotation": {
						"vector": [0, 0, 10]
					}
				},
				"Tail3Rot": {
					"rotation": {
						"vector": [0, 0, 10]
					}
				},
				"Tail4Rot": {
					"rotation": {
						"vector": [0, 0, 10]
					}
				},
				"Tail5Rot": {
					"rotation": {
						"vector": [0, 0, 15]
					}
				},
				"Tail6Rot": {
					"rotation": {
						"vector": [0, 0, 15]
					}
				},
				"Neck1Rot": {
					"rotation": {
						"vector": [0, -10, 0]
					}
				},
				"Neck2Rot": {
					"rotation": {
						"vector": [0, 0, 10]
					}
				},
				"Neck3Rot": {
					"rotation": {
						"vector": [0, 0, 15]
					}
				},
				"rightPupil": {
					"scale": {
						"vector": [1, 0.4, 0.4]
					}
				},
				"leftPupil": {
					"scale": {
						"vector": [1, 0.4, 0.4]
					}
				}
			}
		},
		"nightmare.tailrotleft2f": {
			"loop": true,
			"bones": {
				"rotation": {
					"rotation": {
						"vector": [0, 0, 15]
					}
				},
				"Tail1Rot": {
					"rotation": {
						"vector": [0, 5, 5]
					}
				},
				"Tail2Rot": {
					"rotation": {
						"vector": [0, 5, 10]
					}
				},
				"Tail3Rot": {
					"rotation": {
						"vector": [0, 0, 10]
					}
				},
				"Tail4Rot": {
					"rotation": {
						"vector": [0, 0, 10]
					}
				},
				"Tail5Rot": {
					"rotation": {
						"vector": [0, 0, 15]
					}
				},
				"Tail6Rot": {
					"rotation": {
						"vector": [0, 0, 15]
					}
				},
				"Neck1Rot": {
					"rotation": {
						"vector": [0, -10, -5]
					}
				},
				"Neck2Rot": {
					"rotation": {
						"vector": [0, 0, 10]
					}
				},
				"Neck3Rot": {
					"rotation": {
						"vector": [0, 0, 15]
					}
				},
				"Neck2": {
					"rotation": {
						"vector": [0, -5, 0]
					}
				},
				"Neck4": {
					"rotation": {
						"vector": [0, -5, 0]
					}
				},
				"head": {
					"rotation": {
						"vector": [0, -17.5, 0]
					}
				},
				"rightPupil": {
					"scale": {
						"vector": [1, 0.4, 0.4]
					}
				},
				"leftPupil": {
					"scale": {
						"vector": [1, 0.4, 0.4]
					}
				},
				"Tail4": {
					"rotation": {
						"vector": [0, 5, 0]
					}
				},
				"Tail5": {
					"rotation": {
						"vector": [0, 7.5, 0]
					}
				},
				"Tail6": {
					"rotation": {
						"vector": [0, 5, 0]
					}
				},
				"Tail7": {
					"rotation": {
						"vector": [0, 5, 0]
					}
				},
				"Tail8": {
					"rotation": {
						"vector": [0, 5, 0]
					}
				}
			}
		},
		"nightmare.tailrotright2": {
			"loop": true,
			"bones": {
				"rotation": {
					"rotation": {
						"vector": [0, 0, 0]
					}
				},
				"Tail1Rot": {
					"rotation": {
						"vector": [0, 0, -5]
					}
				},
				"Tail2Rot": {
					"rotation": {
						"vector": [0, 0, -10]
					}
				},
				"Tail3Rot": {
					"rotation": {
						"vector": [0, 0, -10]
					}
				},
				"Tail4Rot": {
					"rotation": {
						"vector": [0, 0, -10]
					}
				},
				"Tail5Rot": {
					"rotation": {
						"vector": [0, 0, -15]
					}
				},
				"Tail6Rot": {
					"rotation": {
						"vector": [0, 0, -15]
					}
				},
				"Neck1Rot": {
					"rotation": {
						"vector": [0, 10, 0]
					}
				},
				"Neck2Rot": {
					"rotation": {
						"vector": [0, 0, -10]
					}
				},
				"Neck3Rot": {
					"rotation": {
						"vector": [0, 0, -15]
					}
				},
				"rightPupil": {
					"scale": {
						"vector": [1, 0.4, 0.4]
					}
				},
				"leftPupil": {
					"scale": {
						"vector": [1, 0.4, 0.4]
					}
				}
			}
		},
		"nightmare.tailrotright2f": {
			"loop": true,
			"bones": {
				"rotation": {
					"rotation": {
						"vector": [0, 0, -15]
					}
				},
				"Tail1Rot": {
					"rotation": {
						"vector": [0, -5, -5]
					}
				},
				"Tail2Rot": {
					"rotation": {
						"vector": [0, -5, -10]
					}
				},
				"Tail3Rot": {
					"rotation": {
						"vector": [0, 0, -10]
					}
				},
				"Tail4Rot": {
					"rotation": {
						"vector": [0, 0, -10]
					}
				},
				"Tail5Rot": {
					"rotation": {
						"vector": [0, 0, -15]
					}
				},
				"Tail6Rot": {
					"rotation": {
						"vector": [0, 0, -15]
					}
				},
				"Neck1Rot": {
					"rotation": {
						"vector": [0, 10, 5]
					}
				},
				"Neck2Rot": {
					"rotation": {
						"vector": [0, 0, -10]
					}
				},
				"Neck3Rot": {
					"rotation": {
						"vector": [0, 0, -15]
					}
				},
				"Neck2": {
					"rotation": {
						"vector": [0, 5, 0]
					}
				},
				"Neck4": {
					"rotation": {
						"vector": [0, 5, 0]
					}
				},
				"head": {
					"rotation": {
						"vector": [0, 17.5, 0]
					}
				},
				"rightPupil": {
					"scale": {
						"vector": [1, 0.4, 0.4]
					}
				},
				"leftPupil": {
					"scale": {
						"vector": [1, 0.4, 0.4]
					}
				},
				"Tail4": {
					"rotation": {
						"vector": [0, -5, 0]
					}
				},
				"Tail5": {
					"rotation": {
						"vector": [0, -7.5, 0]
					}
				},
				"Tail6": {
					"rotation": {
						"vector": [0, -5, 0]
					}
				},
				"Tail7": {
					"rotation": {
						"vector": [0, -5, 0]
					}
				},
				"Tail8": {
					"rotation": {
						"vector": [0, -5, 0]
					}
				}
			}
		}
	},
	"geckolib_format_version": 2
}