{
	"format_version": "1.8.0",
	"animations": {
		"SpeedStingerIdle": {
			"loop": true,
			"animation_length": 1.72,
			"bones": {
				"leftThigh": {
					"position": [0, "math.sin(query.anim_time * 200) * -0.3", 0]
				},
				"rightThigh": {
					"position": [0, "math.sin(query.anim_time * 200) * -0.3", 0]
				},
				"leftArm": {
					"rotation": ["10+math.cos(query.anim_time * 200 + 100) * 2", 0, 0]
				},
				"leftFarm": {
					"rotation": ["math.cos(query.anim_time * 200 - 150) * 2", 0, 0]
				},
				"rightArm": {
					"rotation": ["10+math.cos(query.anim_time * 200 + 150) * 2", 0, 0]
				},
				"rightFarm": {
					"rotation": ["math.cos(query.anim_time * 200 - 100) * 2", 0, 0]
				},
				"Chest": {
					"position": [0, "math.sin(query.anim_time * 200) * 0.3", 0]
				},
				"Neck1": {
					"rotation": ["math.cos(query.anim_time * 200 - 50) * 2", 0, 0]
				},
				"Neck2": {
					"rotation": ["math.cos(query.anim_time * 200 - 50) * 2", 0, 0]
				},
				"head": {
					"rotation": ["math.cos(query.anim_time * 200 - 50) * -3", 0, 0]
				},
				"Tail1": {
					"rotation": ["math.cos(query.anim_time * 200) * -0.5", "math.cos(query.anim_time * 200)", 0]
				},
				"Tail2": {
					"rotation": ["math.cos(query.anim_time * 200 - 50) * -1", "math.cos(query.anim_time * 200 - 25)", 0]
				},
				"Tail3": {
					"rotation": ["math.cos(query.anim_time * 200 - 100) * -1.5", "math.cos(query.anim_time * 200 - 50)", 0]
				},
				"Tail4": {
					"rotation": ["math.cos(query.anim_time * 200 - 150) * -2", "math.cos(query.anim_time * 200 - 75)", 0]
				},
				"Tail5": {
					"rotation": ["math.cos(query.anim_time * 200 - 170) * -3", "math.cos(query.anim_time * 200 - 100) * 2", 0]
				},
				"Tail6": {
					"rotation": ["math.cos(query.anim_time * 200 - 190) * -4", "math.cos(query.anim_time * 200 - 125) * 3", 0]
				},
				"Tail7": {
					"rotation": ["math.cos(query.anim_time * 200) * -0.5", "math.cos(query.anim_time * 200)", 0]
				},
				"Tail8": {
					"rotation": ["math.cos(query.anim_time * 200 - 50) * -1", "math.cos(query.anim_time * 200 - 25)", 0]
				},
				"Tail9": {
					"rotation": ["math.cos(query.anim_time * 200 - 100) * -1.5", "math.cos(query.anim_time * 200 - 50)", 0]
				},
				"Tail10": {
					"rotation": ["math.cos(query.anim_time * 200 - 150) * -2", "math.cos(query.anim_time * 200 - 75)", 0]
				},
				"Tail11": {
					"rotation": ["math.cos(query.anim_time * 200 - 170) * -3", "math.cos(query.anim_time * 200 - 100) * 2", 0]
				},
				"Tail12": {
					"rotation": ["math.cos(query.anim_time * 200 - 190) * -4", "math.cos(query.anim_time * 200 - 125) * 3", 0]
				},
				"Tail13": {
					"rotation": ["math.cos(query.anim_time * 200) * -0.5", "math.cos(query.anim_time * 200)", 0]
				},
				"Tail14": {
					"rotation": ["math.cos(query.anim_time * 200 - 50) * -1", "math.cos(query.anim_time * 200 - 25)", 0]
				},
				"Tail15": {
					"rotation": ["math.cos(query.anim_time * 200 - 100) * -1.5", "math.cos(query.anim_time * 200 - 50)", 0]
				},
				"Tail16": {
					"rotation": ["math.cos(query.anim_time * 200 - 150) * -2", "math.cos(query.anim_time * 200 - 75)", 0]
				},
				"Tail17": {
					"rotation": ["math.cos(query.anim_time * 200 - 170) * -3", "math.cos(query.anim_time * 200 - 100) * 2", 0]
				},
				"Tail18": {
					"rotation": ["math.cos(query.anim_time * 200 - 190) * -4", "math.cos(query.anim_time * 200 - 125) * 3", 0]
				},
				"leftPupil": {
					"scale": [1, 0.3, 0.2]
				},
				"undefined": {
					"scale": [1, 0.3, 0.2]
				},
				"rightPupil": {
					"scale": [1, 0.3, 0.2]
				},
				"leftUpperEyelid": {
					"scale": [1, 0.1, 1]
				},
				"leftLowerEyelid": {
					"scale": [1, 0.1, 1]
				},
				"rightUpperEyelid": {
					"scale": [1, 0.1, 1]
				},
				"rightLowerEyelid": {
					"scale": [1, 0.1, 1]
				}
			}
		},
		"SpeedStingerWalk": {
			"loop": true,
			"animation_length": 1.16,
			"bones": {
				"leftThigh": {
					"rotation": ["math.cos(query.anim_time * 300) * 20", 0, 0]
				},
				"Chest": {
					"position": [0, "math.cos(query.anim_time * 600 +50) * -1", 0]
				},
				"Neck1": {
					"rotation": ["math.cos(query.anim_time * 600 + 50) * -3", 0, 0]
				},
				"Neck2": {
					"rotation": ["math.cos(query.anim_time * 600) * 3", 0, 0]
				},
				"head": {
					"rotation": ["math.cos(query.anim_time * 600 - 50) * -3", 0, 0]
				},
				"Tail1": {
					"rotation": ["math.cos(query.anim_time * 600) * -1", "math.cos(query.anim_time * 300) * 2", 0]
				},
				"Tail2": {
					"rotation": ["math.cos(query.anim_time * 600 - 50) * -1", "math.cos(query.anim_time * 300 - 50) * 2", 0]
				},
				"Tail3": {
					"rotation": ["math.cos(query.anim_time * 600 - 100) * -2", "math.cos(query.anim_time * 300 - 100) * 2", 0]
				},
				"Tail4": {
					"rotation": ["math.cos(query.anim_time * 600 - 150) * -2", "math.cos(query.anim_time * 300 - 150) * 3", 0]
				},
				"Tail5": {
					"rotation": ["math.cos(query.anim_time * 600 - 200) * -3", "math.cos(query.anim_time * 300 - 200) * 4", 0]
				},
				"Tail6": {
					"rotation": ["math.cos(query.anim_time * 600 - 250) * -5", "math.cos(query.anim_time * 300 - 250) * 7", 0]
				},
				"leftFeet": {
					"rotation": ["math.cos(query.anim_time * 300 + 100) * 20", 0, 0]
				},
				"leftFeet2": {
					"rotation": ["-5+math.cos(query.anim_time * 300 - 140) * 20", 0, 0]
				},
				"rightThigh": {
					"rotation": ["math.cos(query.anim_time * 300) * -20", 0, 0]
				},
				"rightFeet3": {
					"rotation": ["math.cos(query.anim_time * 300 + 100) * -20", 0, 0]
				},
				"rightFeet4": {
					"rotation": ["-5+math.cos(query.anim_time * 300 - 140) * -20", 0, 0]
				},
				"leftArm": {
					"rotation": ["math.cos(query.anim_time * 300 + 50) * 5", 0, 0]
				},
				"leftFarm": {
					"rotation": ["math.cos(query.anim_time * 600 -150) * 3", 0, 0]
				},
				"leftHand": {
					"rotation": ["10+math.cos(query.anim_time * 300 - 50) * 10", 0, 0]
				},
				"rightArm": {
					"rotation": ["math.cos(query.anim_time * 300 + 50) * -5", 0, 0]
				},
				"rightFarm": {
					"rotation": ["math.cos(query.anim_time * 600 -150) * 3", 0, 0]
				},
				"rightHand": {
					"rotation": ["10+math.cos(query.anim_time * 300 - 50) * -10", 0, 0]
				},
				"Tail7": {
					"rotation": ["math.cos(query.anim_time * 600) * -1", "math.cos(query.anim_time * 300) * 2", 0]
				},
				"Tail8": {
					"rotation": ["math.cos(query.anim_time * 600 - 50) * -1", "math.cos(query.anim_time * 300 - 50) * 2", 0]
				},
				"Tail9": {
					"rotation": ["math.cos(query.anim_time * 600 - 100) * -2", "math.cos(query.anim_time * 300 - 100) * 2", 0]
				},
				"Tail10": {
					"rotation": ["math.cos(query.anim_time * 600 - 150) * -2", "math.cos(query.anim_time * 300 - 150) * 3", 0]
				},
				"Tail11": {
					"rotation": ["math.cos(query.anim_time * 600 - 200) * -3", "math.cos(query.anim_time * 300 - 200) * 4", 0]
				},
				"Tail12": {
					"rotation": ["math.cos(query.anim_time * 600 - 250) * -5", "math.cos(query.anim_time * 300 - 250) * 7", 0]
				},
				"Tail13": {
					"rotation": ["math.cos(query.anim_time * 600) * -1", "math.cos(query.anim_time * 300) * 2", 0]
				},
				"Tail14": {
					"rotation": ["math.cos(query.anim_time * 600 - 50) * -1", "math.cos(query.anim_time * 300 - 50) * 2", 0]
				},
				"Tail15": {
					"rotation": ["math.cos(query.anim_time * 600 - 100) * -2", "math.cos(query.anim_time * 300 - 100) * 2", 0]
				},
				"Tail16": {
					"rotation": ["math.cos(query.anim_time * 600 - 150) * -2", "math.cos(query.anim_time * 300 - 150) * 3", 0]
				},
				"Tail17": {
					"rotation": ["math.cos(query.anim_time * 600 - 200) * -3", "math.cos(query.anim_time * 300 - 200) * 4", 0]
				},
				"Tail18": {
					"rotation": ["math.cos(query.anim_time * 600 - 250) * -5", "math.cos(query.anim_time * 300 - 250) * 7", 0]
				},
				"leftPupil": {
					"scale": [1, 0.3, 0.2]
				},
				"undefined": {
					"scale": [1, 0.3, 0.2]
				},
				"rightPupil": {
					"scale": [1, 0.3, 0.2]
				},
				"leftUpperEyelid": {
					"scale": [1, 0.1, 1]
				},
				"leftLowerEyelid": {
					"scale": [1, 0.1, 1]
				},
				"rightUpperEyelid": {
					"scale": [1, 0.1, 1]
				},
				"rightLowerEyelid": {
					"scale": [1, 0.1, 1]
				}
			}
		},
		"animation.SpeedStinger.Sneak": {
			"loop": true,
			"animation_length": 1.16,
			"bones": {
				"leftThigh": {
					"rotation": ["7.5++math.cos(query.anim_time * 300) * 20", 0, 0]
				},
				"Chest": {
					"position": [0, "-3.5+math.cos(query.anim_time * 600 +50) * -1", 0]
				},
				"Neck1": {
					"rotation": ["52.5+math.cos(query.anim_time * 600 + 50) * -3", 0, 0]
				},
				"Neck2": {
					"rotation": ["-25+math.cos(query.anim_time * 600) * 3", 0, 0]
				},
				"head": {
					"rotation": ["-30+math.cos(query.anim_time * 600 - 50) * -3", 0, 0]
				},
				"Tail1": {
					"rotation": ["-6+math.cos(query.anim_time * 600) * -1", "math.cos(query.anim_time * 300) * 2", 0]
				},
				"Tail2": {
					"rotation": ["math.cos(query.anim_time * 600 - 50) * -1", "math.cos(query.anim_time * 300 - 50) * 2", 0]
				},
				"Tail3": {
					"rotation": ["math.cos(query.anim_time * 600 - 100) * -2", "math.cos(query.anim_time * 300 - 100) * 2", 0]
				},
				"Tail4": {
					"rotation": ["math.cos(query.anim_time * 600 - 150) * -2", "math.cos(query.anim_time * 300 - 150) * 3", 0]
				},
				"Tail5": {
					"rotation": ["math.cos(query.anim_time * 600 - 200) * -3", "math.cos(query.anim_time * 300 - 200) * 4", 0]
				},
				"Tail6": {
					"rotation": ["math.cos(query.anim_time * 600 - 250) * -5", "math.cos(query.anim_time * 300 - 250) * 7", 0]
				},
				"leftFeet": {
					"rotation": ["-32.5+math.cos(query.anim_time * 300 + 100) * 20", 0, 0]
				},
				"leftFeet2": {
					"rotation": ["-2.5+math.cos(query.anim_time * 300 - 140) * 20", 0, 0]
				},
				"rightThigh": {
					"rotation": ["7.5+math.cos(query.anim_time * 300) * -20", 0, 0]
				},
				"rightFeet3": {
					"rotation": ["-32.5+math.cos(query.anim_time * 300 + 100) * -20", 0, 0]
				},
				"rightFeet4": {
					"rotation": ["-2.5+math.cos(query.anim_time * 300 - 140) * -20", 0, 0]
				},
				"leftArm": {
					"rotation": ["math.cos(query.anim_time * 300 + 50) * 5", 0, 0]
				},
				"leftFarm": {
					"rotation": ["math.cos(query.anim_time * 600 -150) * 3", 0, 0]
				},
				"leftHand": {
					"rotation": ["10+math.cos(query.anim_time * 300 - 50) * 10", 0, 0]
				},
				"rightArm": {
					"rotation": ["math.cos(query.anim_time * 300 + 50) * -5", 0, 0]
				},
				"rightFarm": {
					"rotation": ["math.cos(query.anim_time * 600 -150) * 3", 0, 0]
				},
				"rightHand": {
					"rotation": ["10+math.cos(query.anim_time * 300 - 50) * -10", 0, 0]
				},
				"leftShin": {
					"rotation": [27.5, 0, 0]
				},
				"rightShin": {
					"rotation": [27.5, 0, 0]
				},
				"leftBodyFin": {
					"rotation": [-10, 0, 0]
				},
				"rightBodyFin": {
					"rotation": [-7.5, 0, 0]
				},
				"Tail7": {
					"rotation": ["-6+math.cos(query.anim_time * 600) * -1", "math.cos(query.anim_time * 300) * 2", 0]
				},
				"Tail8": {
					"rotation": ["math.cos(query.anim_time * 600 - 50) * -1", "math.cos(query.anim_time * 300 - 50) * 2", 0]
				},
				"Tail9": {
					"rotation": ["math.cos(query.anim_time * 600 - 100) * -2", "math.cos(query.anim_time * 300 - 100) * 2", 0]
				},
				"Tail10": {
					"rotation": ["math.cos(query.anim_time * 600 - 150) * -2", "math.cos(query.anim_time * 300 - 150) * 3", 0]
				},
				"Tail11": {
					"rotation": ["math.cos(query.anim_time * 600 - 200) * -3", "math.cos(query.anim_time * 300 - 200) * 4", 0]
				},
				"Tail12": {
					"rotation": ["math.cos(query.anim_time * 600 - 250) * -5", "math.cos(query.anim_time * 300 - 250) * 7", 0]
				},
				"Tail13": {
					"rotation": ["-6+math.cos(query.anim_time * 600) * -1", "math.cos(query.anim_time * 300) * 2", 0]
				},
				"Tail14": {
					"rotation": ["math.cos(query.anim_time * 600 - 50) * -1", "math.cos(query.anim_time * 300 - 50) * 2", 0]
				},
				"Tail15": {
					"rotation": ["math.cos(query.anim_time * 600 - 100) * -2", "math.cos(query.anim_time * 300 - 100) * 2", 0]
				},
				"Tail16": {
					"rotation": ["math.cos(query.anim_time * 600 - 150) * -2", "math.cos(query.anim_time * 300 - 150) * 3", 0]
				},
				"Tail17": {
					"rotation": ["math.cos(query.anim_time * 600 - 200) * -3", "math.cos(query.anim_time * 300 - 200) * 4", 0]
				},
				"Tail18": {
					"rotation": ["math.cos(query.anim_time * 600 - 250) * -5", "math.cos(query.anim_time * 300 - 250) * 7", 0]
				},
				"leftPupil": {
					"scale": [1, 0.3, 0.2]
				},
				"undefined": {
					"scale": [1, 0.3, 0.2]
				},
				"rightPupil": {
					"scale": [1, 0.3, 0.2]
				},
				"leftUpperEyelid": {
					"scale": [1, 0.1, 1]
				},
				"leftLowerEyelid": {
					"scale": [1, 0.1, 1]
				},
				"rightUpperEyelid": {
					"scale": [1, 0.1, 1]
				},
				"rightLowerEyelid": {
					"scale": [1, 0.1, 1]
				}
			}
		},
		"SpeedStingerRun": {
			"loop": true,
			"animation_length": 0.6,
			"bones": {
				"leftThigh": {
					"rotation": ["math.cos(query.anim_time * 600) * 40", 0, 0]
				},
				"Chest": {
					"position": [0, "math.cos(query.anim_time * 1200 +30) * -1", 0]
				},
				"Neck1": {
					"rotation": ["-5++12+math.cos(query.anim_time * 1200 + 50) * -4", 0, 0]
				},
				"Neck2": {
					"rotation": ["math.cos(query.anim_time * 1200) * 3", 0, 0]
				},
				"head": {
					"rotation": ["-7+math.cos(query.anim_time * 1200 - 50) * -5", 0, 0]
				},
				"Tail1": {
					"rotation": ["math.cos(query.anim_time * 1200) * -1", "math.cos(query.anim_time * 600) * 4", 0]
				},
				"Tail2": {
					"rotation": ["math.cos(query.anim_time * 1200 - 50) * -1", "math.cos(query.anim_time * 600 - 50) * 4", 0]
				},
				"Tail3": {
					"rotation": ["math.cos(query.anim_time * 1200 - 100) * -2", "math.cos(query.anim_time * 600 - 100) * 4", 0]
				},
				"Tail4": {
					"rotation": ["math.cos(query.anim_time * 1200 - 150) * -2", "math.cos(query.anim_time * 600 - 150) * 6", 0]
				},
				"Tail5": {
					"rotation": ["math.cos(query.anim_time * 1200 - 200) * -3", "math.cos(query.anim_time * 600 - 200) * 8", 0]
				},
				"Tail6": {
					"rotation": ["math.cos(query.anim_time * 1200 - 250) * -5", "math.cos(query.anim_time * 600 - 250) * 9", 0]
				},
				"leftFeet": {
					"rotation": ["math.cos(query.anim_time * 600 + 100) * 30", 0, 0]
				},
				"leftFeet2": {
					"rotation": ["-5+math.cos(query.anim_time * 600 - 140) * 40", 0, 0]
				},
				"rightThigh": {
					"rotation": ["math.cos(query.anim_time * 600) * -40", 0, 0]
				},
				"rightFeet3": {
					"rotation": ["math.cos(query.anim_time * 600 + 100) * -30", 0, 0]
				},
				"rightFeet4": {
					"rotation": ["-5+math.cos(query.anim_time * 600 - 140) * -40", 0, 0]
				},
				"leftArm": {
					"rotation": ["math.cos(query.anim_time * 600 + 50) * 10", 0, 0]
				},
				"leftFarm": {
					"rotation": ["math.cos(query.anim_time * 1200 -150) * 5", 0, 0]
				},
				"leftHand": {
					"rotation": ["10+math.cos(query.anim_time * 600 - 50) * 10", 0, 0]
				},
				"rightArm": {
					"rotation": ["math.cos(query.anim_time * 600 + 50) * -10", 0, 0]
				},
				"rightFarm": {
					"rotation": ["math.cos(query.anim_time * 1200 -150) * 5", 0, 0]
				},
				"rightHand": {
					"rotation": ["10+math.cos(query.anim_time * 600 - 50) * -10", 0, 0]
				},
				"Tail7": {
					"rotation": ["math.cos(query.anim_time * 1200) * -1", "math.cos(query.anim_time * 600) * 4", 0]
				},
				"Tail8": {
					"rotation": ["math.cos(query.anim_time * 1200 - 50) * -1", "math.cos(query.anim_time * 600 - 50) * 4", 0]
				},
				"Tail9": {
					"rotation": ["math.cos(query.anim_time * 1200 - 100) * -2", "math.cos(query.anim_time * 600 - 100) * 4", 0]
				},
				"Tail10": {
					"rotation": ["math.cos(query.anim_time * 1200 - 150) * -2", "math.cos(query.anim_time * 600 - 150) * 6", 0]
				},
				"Tail11": {
					"rotation": ["math.cos(query.anim_time * 1200 - 200) * -3", "math.cos(query.anim_time * 600 - 200) * 8", 0]
				},
				"Tail12": {
					"rotation": ["math.cos(query.anim_time * 1200 - 250) * -5", "math.cos(query.anim_time * 600 - 250) * 9", 0]
				},
				"Tail13": {
					"rotation": ["math.cos(query.anim_time * 1200) * -1", "math.cos(query.anim_time * 600) * 4", 0]
				},
				"Tail14": {
					"rotation": ["math.cos(query.anim_time * 1200 - 50) * -1", "math.cos(query.anim_time * 600 - 50) * 4", 0]
				},
				"Tail15": {
					"rotation": ["math.cos(query.anim_time * 1200 - 100) * -2", "math.cos(query.anim_time * 600 - 100) * 4", 0]
				},
				"Tail16": {
					"rotation": ["math.cos(query.anim_time * 1200 - 150) * -2", "math.cos(query.anim_time * 600 - 150) * 6", 0]
				},
				"Tail17": {
					"rotation": ["math.cos(query.anim_time * 1200 - 200) * -3", "math.cos(query.anim_time * 600 - 200) * 8", 0]
				},
				"Tail18": {
					"rotation": ["math.cos(query.anim_time * 1200 - 250) * -5", "math.cos(query.anim_time * 600 - 250) * 9", 0]
				},
				"leftPupil": {
					"scale": [1, 0.3, 0.2]
				},
				"undefined": {
					"scale": [1, 0.3, 0.2]
				},
				"rightPupil": {
					"scale": [1, 0.3, 0.2]
				},
				"leftUpperEyelid": {
					"scale": [1, 0.1, 1]
				},
				"leftLowerEyelid": {
					"scale": [1, 0.1, 1]
				},
				"rightUpperEyelid": {
					"scale": [1, 0.1, 1]
				},
				"rightLowerEyelid": {
					"scale": [1, 0.1, 1]
				}
			}
		},
		"SpeedStingerSit": {
			"loop": true,
			"animation_length": 1.76,
			"bones": {
				"Chest": {
					"rotation": [-32.5, 0, 0],
					"position": [0, "-10+math.cos(query.anim_time * 200) * 0.1", 8]
				},
				"Neck1": {
					"rotation": ["-7.5+math.cos(query.anim_time * 200) * 2", 0, 0]
				},
				"Neck2": {
					"rotation": ["17.5+math.cos(query.anim_time * 200) * -1", 0, 0]
				},
				"head": {
					"rotation": ["22.5+math.cos(query.anim_time * 200 + 50) * 1", 0, 0]
				},
				"HeadFinspike": {
					"rotation": ["-10+math.cos(query.anim_time * 200 - 70) * 1", 0, 0]
				},
				"Tail1": {
					"rotation": [27.5, 32.5, 15],
					"position": [0, "math.cos(query.anim_time * 200) * -0.1", 0]
				},
				"Tail2": {
					"rotation": [0, 32.5, 0]
				},
				"Tail3": {
					"rotation": [0, 45, 0]
				},
				"Tail4": {
					"rotation": [-5, "45+math.cos(query.anim_time * 200) * 1", 0]
				},
				"Tail5": {
					"rotation": [-12.5, "47.5+math.cos(query.anim_time * 200 - 25) * 2", 0]
				},
				"Tail6": {
					"rotation": [-5, "-35+math.cos(query.anim_time * 200 - 50) * 3", 0]
				},
				"leftThigh": {
					"rotation": [-74, -7.5, -5],
					"position": [0, "math.cos(query.anim_time * 200) * -0.1", 0]
				},
				"leftShin": {
					"rotation": [30, 0, 0]
				},
				"leftFeet": {
					"rotation": [22.5, 0, 0]
				},
				"leftFeet2": {
					"rotation": [55, 0, 0]
				},
				"rightThigh": {
					"rotation": [-69, 5, 2.5],
					"position": [0, "math.cos(query.anim_time * 200) * -0.1", 0]
				},
				"rightShin": {
					"rotation": [30, 0, 0]
				},
				"rightFeet3": {
					"rotation": [12.5, 0, 0]
				},
				"rightFeet4": {
					"rotation": [62.5, 0, 0]
				},
				"leftArm": {
					"rotation": [5, 0, 5],
					"position": [0, "math.cos(query.anim_time * 200) * -0.1", 0]
				},
				"leftFarm": {
					"rotation": [72.5, 0, 0]
				},
				"leftHand": {
					"rotation": [-117.5, 0, -2.5]
				},
				"rightArm": {
					"rotation": [5, 0, -7.5],
					"position": [0, "math.cos(query.anim_time * 200) * -0.1", 0]
				},
				"rightFarm": {
					"rotation": [70, 0, 0]
				},
				"rightHand": {
					"rotation": [-115, 0, 5]
				},
				"Tail7": {
					"rotation": [27.5, 32.5, 15],
					"position": [0, "math.cos(query.anim_time * 200) * -0.1", 0]
				},
				"Tail8": {
					"rotation": [0, 32.5, 0]
				},
				"Tail9": {
					"rotation": [0, 45, 0]
				},
				"Tail10": {
					"rotation": [-5, "45+math.cos(query.anim_time * 200) * 1", 0]
				},
				"Tail11": {
					"rotation": [-12.5, "47.5+math.cos(query.anim_time * 200 - 25) * 2", 0]
				},
				"Tail12": {
					"rotation": [-5, "-35+math.cos(query.anim_time * 200 - 50) * 3", 0]
				},
				"Tail13": {
					"rotation": [27.5, 32.5, 15],
					"position": [0, "math.cos(query.anim_time * 200) * -0.1", 0]
				},
				"Tail14": {
					"rotation": [0, 32.5, 0]
				},
				"Tail15": {
					"rotation": [0, 45, 0]
				},
				"Tail16": {
					"rotation": [-5, "45+math.cos(query.anim_time * 200) * 1", 0]
				},
				"Tail17": {
					"rotation": [-12.5, "47.5+math.cos(query.anim_time * 200 - 25) * 2", 0]
				},
				"Tail18": {
					"rotation": [-5, "-35+math.cos(query.anim_time * 200 - 50) * 3", 0]
				},
				"leftPupil": {
					"scale": [1, 0.3, 0.2]
				},
				"undefined": {
					"scale": [1, 0.3, 0.2]
				},
				"rightPupil": {
					"scale": [1, 0.3, 0.2]
				},
				"leftUpperEyelid": {
					"scale": [1, 0.1, 1]
				},
				"leftLowerEyelid": {
					"scale": [1, 0.1, 1]
				},
				"rightUpperEyelid": {
					"scale": [1, 0.1, 1]
				},
				"rightLowerEyelid": {
					"scale": [1, 0.1, 1]
				}
			}
		},
		"SpeedStingerSting": {
			"animation_length": 1.04,
			"bones": {
				"Chest": {
					"rotation": {
						"0.0": [0, 0, 0],
						"0.28": [15, 0, 0],
						"0.44": [25, 0, 0],
						"0.84": [0, 0, 0]
					},
					"position": {
						"0.0": [0, 0, 0],
						"0.28": [0, -2, -0.5],
						"0.44": [0, -3.5, -0.5],
						"0.84": [0, 0, 0]
					}
				},
				"Neck1": {
					"rotation": {
						"0.0": [0, 0, 0],
						"0.28": [-12.5, 0, -10],
						"0.44": [-12.5, 0, -15],
						"0.84": [0, 0, 0]
					}
				},
				"Neck2": {
					"rotation": {
						"0.0": [0, 0, 0],
						"0.28": [-12.5, 0, -10],
						"0.44": [-12.5, 0, -17.5],
						"0.84": [0, 0, 0]
					}
				},
				"head": {
					"rotation": {
						"0.0": [0, 0, 0],
						"0.28": [0, 0, -10],
						"0.44": [-5, 0, -12.5],
						"0.84": [0, 0, 0]
					}
				},
				"Jaw1": {
					"rotation": {
						"0.0": [0, 0, 0],
						"0.08": [0, 0, 0],
						"0.56": [17.5, 0, 0],
						"1.04": [0, 0, 0]
					}
				},
				"HeadFinspike": {
					"rotation": {
						"0.0": [0, 0, 0],
						"0.28": [5, 0, 0],
						"0.44": [5, 0, 0],
						"0.84": [0, 0, 0]
					}
				},
				"Tail1": {
					"rotation": {
						"0.0": [0, 0, 0],
						"0.28": [2.5, 0, 0],
						"0.44": [27.5, 0, 0],
						"0.6": [27.5, 0, 0],
						"0.84": [13.5, 0, 0],
						"1.04": [0, 0, 0]
					}
				},
				"Tail2": {
					"rotation": {
						"0.0": [0, 0, 0],
						"0.28": [17.5, 0, 0],
						"0.44": [40, 0, 0],
						"0.6": [40, 0, 0],
						"0.84": [21, 0, 0],
						"1.04": [0, 0, 0]
					}
				},
				"Tail3": {
					"rotation": {
						"0.0": [0, 0, 0],
						"0.28": [42.5, 0, 0],
						"0.44": [62.5, 0, 0],
						"0.6": [62.5, 0, 0],
						"0.84": [42.5, 0, 0],
						"1.04": [0, 0, 0]
					}
				},
				"Tail4": {
					"rotation": {
						"0.0": [0, 0, 0],
						"0.28": [62.5, 0, 0],
						"0.44": [35, 0, 0],
						"0.6": [35, 0, 0],
						"0.84": [31.5, 0, 0],
						"1.04": [0, 0, 0]
					}
				},
				"Tail5": {
					"rotation": {
						"0.0": [0, 0, 0],
						"0.28": [45, 0, 0],
						"0.44": [25, 0, 0],
						"0.6": [25, 0, 0],
						"0.84": [47.5, 0, 0],
						"1.04": [0, 0, 0]
					}
				},
				"Tail6": {
					"rotation": {
						"0.0": [0, 0, 0],
						"0.28": [22.5, 0, 0],
						"0.44": [-20, 0, 0],
						"0.6": [-20, 0, 0],
						"0.84": [27, 0, 0],
						"1.04": [0, 0, 0]
					}
				},
				"leftThigh": {
					"rotation": {
						"0.0": [0, 0, 0],
						"0.28": [-15, 0, 0],
						"0.44": [-25, 0, 0],
						"0.84": [0, 0, 0]
					}
				},
				"rightThigh": {
					"rotation": {
						"0.0": [0, 0, 0],
						"0.28": [-15, 0, 0],
						"0.44": [-25, 0, 0],
						"0.84": [0, 0, 0]
					}
				},
				"leftArm": {
					"rotation": {
						"0.0": [0, 0, 0],
						"0.28": [-2.5, 0, 0],
						"0.44": [-17.5, 0, 0],
						"0.84": [0, 0, 0]
					}
				},
				"rightArm": {
					"rotation": {
						"0.0": [0, 0, 0],
						"0.28": [-20, 0, 0],
						"0.44": [-27.5, 0, 0],
						"0.84": [0, 0, 0]
					}
				},
				"Tail7": {
					"rotation": {
						"0.0": [0, 0, 0],
						"0.28": [2.5, 0, 0],
						"0.44": [27.5, 0, 0],
						"0.6": [27.5, 0, 0],
						"0.84": [13.5, 0, 0],
						"1.04": [0, 0, 0]
					}
				},
				"Tail8": {
					"rotation": {
						"0.0": [0, 0, 0],
						"0.28": [17.5, 0, 0],
						"0.44": [40, 0, 0],
						"0.6": [40, 0, 0],
						"0.84": [21, 0, 0],
						"1.04": [0, 0, 0]
					}
				},
				"Tail9": {
					"rotation": {
						"0.0": [0, 0, 0],
						"0.28": [42.5, 0, 0],
						"0.44": [62.5, 0, 0],
						"0.6": [62.5, 0, 0],
						"0.84": [42.5, 0, 0],
						"1.04": [0, 0, 0]
					}
				},
				"Tail10": {
					"rotation": {
						"0.0": [0, 0, 0],
						"0.28": [62.5, 0, 0],
						"0.44": [35, 0, 0],
						"0.6": [35, 0, 0],
						"0.84": [31.5, 0, 0],
						"1.04": [0, 0, 0]
					}
				},
				"Tail11": {
					"rotation": {
						"0.0": [0, 0, 0],
						"0.28": [45, 0, 0],
						"0.44": [25, 0, 0],
						"0.6": [25, 0, 0],
						"0.84": [47.5, 0, 0],
						"1.04": [0, 0, 0]
					}
				},
				"Tail12": {
					"rotation": {
						"0.0": [0, 0, 0],
						"0.28": [22.5, 0, 0],
						"0.44": [-20, 0, 0],
						"0.6": [-20, 0, 0],
						"0.84": [27, 0, 0],
						"1.04": [0, 0, 0]
					}
				},
				"Tail13": {
					"rotation": {
						"0.0": [0, 0, 0],
						"0.28": [2.5, 0, 0],
						"0.44": [27.5, 0, 0],
						"0.6": [27.5, 0, 0],
						"0.84": [13.5, 0, 0],
						"1.04": [0, 0, 0]
					}
				},
				"Tail14": {
					"rotation": {
						"0.0": [0, 0, 0],
						"0.28": [17.5, 0, 0],
						"0.44": [40, 0, 0],
						"0.6": [40, 0, 0],
						"0.84": [21, 0, 0],
						"1.04": [0, 0, 0]
					}
				},
				"Tail15": {
					"rotation": {
						"0.0": [0, 0, 0],
						"0.28": [42.5, 0, 0],
						"0.44": [62.5, 0, 0],
						"0.6": [62.5, 0, 0],
						"0.84": [42.5, 0, 0],
						"1.04": [0, 0, 0]
					}
				},
				"Tail16": {
					"rotation": {
						"0.0": [0, 0, 0],
						"0.28": [62.5, 0, 0],
						"0.44": [35, 0, 0],
						"0.6": [35, 0, 0],
						"0.84": [31.5, 0, 0],
						"1.04": [0, 0, 0]
					}
				},
				"Tail17": {
					"rotation": {
						"0.0": [0, 0, 0],
						"0.28": [45, 0, 0],
						"0.44": [25, 0, 0],
						"0.6": [25, 0, 0],
						"0.84": [47.5, 0, 0],
						"1.04": [0, 0, 0]
					}
				},
				"Tail18": {
					"rotation": {
						"0.0": [0, 0, 0],
						"0.28": [22.5, 0, 0],
						"0.44": [-20, 0, 0],
						"0.6": [-20, 0, 0],
						"0.84": [27, 0, 0],
						"1.04": [0, 0, 0]
					}
				},
				"leftPupil": {
					"scale": [1, 0.3, 0.2]
				},
				"undefined": {
					"scale": [1, 0.3, 0.2]
				},
				"rightPupil": {
					"scale": [1, 0.3, 0.2]
				},
				"leftUpperEyelid": {
					"scale": [1, 0.1, 1]
				},
				"leftLowerEyelid": {
					"scale": [1, 0.1, 1]
				},
				"rightUpperEyelid": {
					"scale": [1, 0.1, 1]
				},
				"rightLowerEyelid": {
					"scale": [1, 0.1, 1]
				}
			}
		},
		"animation.SpeedStinger.Alert": {
			"animation_length": 1.68,
			"bones": {
				"Chest": {
					"rotation": {
						"0.0": [0, 0, 0],
						"0.48": [-35, 0, 0],
						"1.0": [-35, 0, 0],
						"1.48": [0, 0, 0]
					},
					"position": {
						"0.0": [0, 0, 0],
						"0.48": [0, 3.5, 3],
						"1.0": [0, 3.5, 3],
						"1.48": [0, 0, 0]
					}
				},
				"Neck1": {
					"rotation": {
						"0.0": [0, 0, 0],
						"0.48": [0, -12.5, -15],
						"0.52": [0, -12.5, -15],
						"1.0": [0, 15, "20+o"],
						"1.48": [0, 0, 0]
					}
				},
				"Neck2": {
					"rotation": {
						"0.0": [0, 0, 0],
						"0.48": [15, -7.5, -15],
						"0.52": [15, -7.5, -15],
						"0.72": [18.33, -2.29, -5.63],
						"1.0": [5, 5, 7.5],
						"1.48": [0, 0, 0]
					}
				},
				"head": {
					"rotation": {
						"0.0": [0, 0, 0],
						"0.48": [30, -15, -5],
						"0.64": [30, -15, -5],
						"0.72": [31.11, -7.78, -0.56],
						"1.0": [-10, 17.5, 15],
						"1.48": [0, 0, 0]
					}
				},
				"Jaw1": {
					"rotation": {
						"0.0": [0, 0, 0],
						"0.48": [17.5, 0, 0],
						"0.72": [0, 0, 0],
						"1.0": [37.5, 0, 0],
						"1.32": [0, 0, 0],
						"1.48": [0, 0, 0]
					}
				},
				"Tail1": {
					"rotation": {
						"0.0": [0, 0, 0],
						"0.24": [0, 0, 0],
						"0.48": [-7.5, 0, 0],
						"1.0": [-7.5, 0, 0],
						"1.24": [-10, 0, 0],
						"1.48": [0, 0, 0]
					}
				},
				"Tail2": {
					"rotation": {
						"0.0": [0, 0, 0],
						"0.24": [0, 0, 0],
						"0.48": [-7.5, 0, 0],
						"1.0": [-7.5, 0, 0],
						"1.24": [-10, 0, 0],
						"1.48": [0, 0, 0]
					}
				},
				"Tail3": {
					"rotation": {
						"0.0": [0, 0, 0],
						"0.24": [0, 0, 0],
						"0.48": [27.5, 0, 0],
						"1.0": [27.5, 0, 0],
						"1.24": [6.25, 0, 0],
						"1.48": [0, 0, 0]
					}
				},
				"Tail4": {
					"rotation": {
						"0.0": [0, 0, 0],
						"0.24": [0, 0, 0],
						"0.48": [22.5, 0, 0],
						"1.0": [22.5, 0, 0],
						"1.24": [16.25, 0, 0],
						"1.48": [0, 0, 0]
					}
				},
				"Tail5": {
					"rotation": {
						"0.0": [0, 0, 0],
						"0.48": [2.5, 0, 0],
						"1.0": [2.5, 0, 0],
						"1.24": [4.69, 0, 0],
						"1.32": [8.75, 0, 0],
						"1.48": [0, 0, 0]
					}
				},
				"Tail6": {
					"rotation": {
						"0.0": [0, 0, 0],
						"0.48": [-2.5, 0, 0],
						"1.0": [-2.5, 0, 0],
						"1.36": [-14.38, 0, 0],
						"1.48": [0, 0, 0]
					}
				},
				"leftThigh": {
					"rotation": {
						"0.0": [0, 0, 0],
						"0.48": [35, 0, 0],
						"1.0": [35, 0, 0],
						"1.48": [0, 0, 0]
					}
				},
				"rightThigh": {
					"rotation": {
						"0.0": [0, 0, 0],
						"0.48": [35, 0, 0],
						"1.0": [35, 0, 0],
						"1.48": [0, 0, 0]
					}
				},
				"leftArm": {
					"rotation": {
						"0.0": [0, 0, 0],
						"0.48": [55, 0, 0],
						"1.0": [32.5, 0, 0],
						"1.48": [0, 0, 0]
					}
				},
				"leftHand": {
					"rotation": {
						"0.0": [0, 0, 0],
						"0.48": [30, 0, 0],
						"1.48": [0, 0, 0]
					}
				},
				"rightArm": {
					"rotation": {
						"0.0": [0, 0, 0],
						"0.48": [35, 0, 0],
						"1.0": [50, 0, 0],
						"1.48": [0, 0, 0]
					}
				},
				"rightHand": {
					"rotation": {
						"0.0": [0, 0, 0],
						"1.0": [40, 0, 0],
						"1.48": [0, 0, 0]
					}
				},
				"Tail7": {
					"rotation": {
						"0.0": [0, 0, 0],
						"0.24": [0, 0, 0],
						"0.48": [-7.5, 0, 0],
						"1.0": [-7.5, 0, 0],
						"1.24": [-10, 0, 0],
						"1.48": [0, 0, 0]
					}
				},
				"Tail8": {
					"rotation": {
						"0.0": [0, 0, 0],
						"0.24": [0, 0, 0],
						"0.48": [-7.5, 0, 0],
						"1.0": [-7.5, 0, 0],
						"1.24": [-10, 0, 0],
						"1.48": [0, 0, 0]
					}
				},
				"Tail9": {
					"rotation": {
						"0.0": [0, 0, 0],
						"0.24": [0, 0, 0],
						"0.48": [27.5, 0, 0],
						"1.0": [27.5, 0, 0],
						"1.24": [6.25, 0, 0],
						"1.48": [0, 0, 0]
					}
				},
				"Tail10": {
					"rotation": {
						"0.0": [0, 0, 0],
						"0.24": [0, 0, 0],
						"0.48": [22.5, 0, 0],
						"1.0": [22.5, 0, 0],
						"1.24": [16.25, 0, 0],
						"1.48": [0, 0, 0]
					}
				},
				"Tail11": {
					"rotation": {
						"0.0": [0, 0, 0],
						"0.48": [2.5, 0, 0],
						"1.0": [2.5, 0, 0],
						"1.24": [4.69, 0, 0],
						"1.32": [8.75, 0, 0],
						"1.48": [0, 0, 0]
					}
				},
				"Tail12": {
					"rotation": {
						"0.0": [0, 0, 0],
						"0.48": [-2.5, 0, 0],
						"1.0": [-2.5, 0, 0],
						"1.36": [-14.38, 0, 0],
						"1.48": [0, 0, 0]
					}
				},
				"Tail13": {
					"rotation": {
						"0.0": [0, 0, 0],
						"0.24": [0, 0, 0],
						"0.48": [-7.5, 0, 0],
						"1.0": [-7.5, 0, 0],
						"1.24": [-10, 0, 0],
						"1.48": [0, 0, 0]
					}
				},
				"Tail14": {
					"rotation": {
						"0.0": [0, 0, 0],
						"0.24": [0, 0, 0],
						"0.48": [-7.5, 0, 0],
						"1.0": [-7.5, 0, 0],
						"1.24": [-10, 0, 0],
						"1.48": [0, 0, 0]
					}
				},
				"Tail15": {
					"rotation": {
						"0.0": [0, 0, 0],
						"0.24": [0, 0, 0],
						"0.48": [27.5, 0, 0],
						"1.0": [27.5, 0, 0],
						"1.24": [6.25, 0, 0],
						"1.48": [0, 0, 0]
					}
				},
				"Tail16": {
					"rotation": {
						"0.0": [0, 0, 0],
						"0.24": [0, 0, 0],
						"0.48": [22.5, 0, 0],
						"1.0": [22.5, 0, 0],
						"1.24": [16.25, 0, 0],
						"1.48": [0, 0, 0]
					}
				},
				"Tail17": {
					"rotation": {
						"0.0": [0, 0, 0],
						"0.48": [2.5, 0, 0],
						"1.0": [2.5, 0, 0],
						"1.24": [4.69, 0, 0],
						"1.32": [8.75, 0, 0],
						"1.48": [0, 0, 0]
					}
				},
				"Tail18": {
					"rotation": {
						"0.0": [0, 0, 0],
						"0.48": [-2.5, 0, 0],
						"1.0": [-2.5, 0, 0],
						"1.36": [-14.38, 0, 0],
						"1.48": [0, 0, 0]
					}
				},
				"leftPupil": {
					"scale": [1, 0.3, 0.2]
				},
				"undefined": {
					"scale": [1, 0.3, 0.2]
				},
				"rightPupil": {
					"scale": [1, 0.3, 0.2]
				},
				"leftUpperEyelid": {
					"scale": [1, 0.1, 1]
				},
				"leftLowerEyelid": {
					"scale": [1, 0.1, 1]
				},
				"rightUpperEyelid": {
					"scale": [1, 0.1, 1]
				},
				"rightLowerEyelid": {
					"scale": [1, 0.1, 1]
				}
			}
		},
		"animation.SpeedStinger.HeadGrowl": {
			"animation_length": 1.24,
			"bones": {
				"Neck1": {
					"rotation": {
						"0.0": [0, 0, 0],
						"0.36": [-5, 0, 0],
						"0.52": [7.5, 0, 0],
						"0.8": [2.5, 0, 0],
						"1.04": [2.5, 0, 0],
						"1.24": [0, 0, 0]
					}
				},
				"Neck2": {
					"rotation": {
						"0.0": [0, 0, 0],
						"0.36": [-10, 0, 0],
						"0.52": [7.5, 0, 0],
						"0.8": [0, 0, 0],
						"1.04": [15, 0, 0],
						"1.24": [0, 0, 0]
					}
				},
				"head": {
					"rotation": {
						"0.0": [0, 0, 0],
						"0.36": [25, 0, 0],
						"0.52": [-27.5, 0, 0],
						"0.8": [17.5, 0, 0],
						"1.04": [-20, 0, 0],
						"1.24": [0, 0, 0]
					}
				},
				"Jaw1": {
					"rotation": {
						"0.0": [0, 0, 0],
						"0.36": [0, 0, 0],
						"0.52": [17.5, 0, 0],
						"0.8": [0, 0, 0],
						"1.04": [27.5, 0, 0],
						"1.24": [0, 0, 0]
					}
				},
				"HeadFinspike": {
					"rotation": {
						"0.0": [0, 0, 0],
						"0.36": [-5, 0, 0],
						"0.52": [-5, 0, 0],
						"0.8": [-5, 0, 0],
						"1.04": [-5, 0, 0],
						"1.24": [0, 0, 0]
					}
				}
			}
		},
		"SpeedStingerSleep": {
			"loop": true,
			"animation_length": 1.76,
			"bones": {
				"Chest": {
					"rotation": [-10, 0, 0],
					"position": [0, "-12+math.cos(query.anim_time * 200) * 0.1", 3]
				},
				"Neck1": {
					"rotation": ["42.5+math.cos(query.anim_time * 200) * 1", -17.5, 0]
				},
				"Neck2": {
					"rotation": [-7.5, -32.5, -12.5]
				},
				"head": {
					"rotation": ["12.5+math.cos(query.anim_time * 200 + 50) * 0.5", -35, -35]
				},
				"MuzzleFin": {
					"rotation": [-10, 0, 0]
				},
				"HeadFinspike": {
					"rotation": [-20, 12.5, -25]
				},
				"TailBase": {
					"rotation": [-10, 0, 0]
				},
				"Tail1": {
					"rotation": [0, 25, 0],
					"position": [0, "math.cos(query.anim_time * 200) * -0.1", 0]
				},
				"Tail2": {
					"rotation": [5, 32.5, 5]
				},
				"Tail3": {
					"rotation": [0, 42.5, 0]
				},
				"Tail4": {
					"rotation": [0, "35+math.cos(query.anim_time * 200) * -.2", 10]
				},
				"Tail5": {
					"rotation": [0, "35+math.cos(query.anim_time * 200 - 25) * -0.5", 15]
				},
				"Tail6": {
					"rotation": [-10, "35+math.cos(query.anim_time * 200 - 150) * -2", 0]
				},
				"leftThigh": {
					"rotation": [-96.5, -15, 0],
					"position": [0, "math.cos(query.anim_time * 200) * -0.1", 0]
				},
				"leftShin": {
					"rotation": [27.5, 0, 0]
				},
				"leftFeet": {
					"rotation": [27.5, 0, 0]
				},
				"leftFeet2": {
					"rotation": [50, 0, 0]
				},
				"rightThigh": {
					"rotation": [-80, -5, 0],
					"position": [0, "math.cos(query.anim_time * 200) * -0.1", 0]
				},
				"rightFeet3": {
					"rotation": [27.5, 0, 0]
				},
				"rightFeet4": {
					"rotation": [65, 0, 0]
				},
				"leftArm": {
					"rotation": [7.5, -40, 0],
					"position": [0, "math.cos(query.anim_time * 200) * -0.1", 0]
				},
				"leftFarm": {
					"rotation": [-10, 0, 0]
				},
				"leftHand": {
					"rotation": [-62.5, 0, 0]
				},
				"leftFinger1": {
					"rotation": [0, 0, -2.5]
				},
				"rightArm": {
					"rotation": [-37.5, -15, 0],
					"position": [0, "math.cos(query.anim_time * 200) * -0.1", 0]
				},
				"rightFarm": {
					"rotation": [32.5, 0, 0]
				},
				"rightHand": {
					"rotation": [-60, 0, 0]
				},
				"leftBodyFin": {
					"rotation": [-15, 0, 0]
				},
				"rightBodyFin": {
					"rotation": [-15, 0, 0]
				},
				"TailBase3": {
					"rotation": [-10, 0, 0]
				},
				"Tail7": {
					"rotation": [0, 25, 0],
					"position": [0, "math.cos(query.anim_time * 200) * -0.1", 0]
				},
				"Tail8": {
					"rotation": [5, 32.5, 5]
				},
				"Tail9": {
					"rotation": [0, 42.5, 0]
				},
				"Tail10": {
					"rotation": [0, "35+math.cos(query.anim_time * 200) * -.2", 10]
				},
				"Tail11": {
					"rotation": [0, "35+math.cos(query.anim_time * 200 - 25) * -0.5", 15]
				},
				"Tail12": {
					"rotation": [-10, "35+math.cos(query.anim_time * 200 - 150) * -2", 0]
				},
				"TailBase5": {
					"rotation": [-10, 0, 0]
				},
				"Tail13": {
					"rotation": [0, 25, 0],
					"position": [0, "math.cos(query.anim_time * 200) * -0.1", 0]
				},
				"Tail14": {
					"rotation": [5, 32.5, 5]
				},
				"Tail15": {
					"rotation": [0, 42.5, 0]
				},
				"Tail16": {
					"rotation": [0, "35+math.cos(query.anim_time * 200) * -.2", 10]
				},
				"Tail17": {
					"rotation": [0, "35+math.cos(query.anim_time * 200 - 25) * -0.5", 15]
				},
				"Tail18": {
					"rotation": [-10, "35+math.cos(query.anim_time * 200 - 150) * -2", 0]
				},
				"leftPupil": {
					"scale": [1, 0.3, 0.2]
				},
				"undefined": {
					"scale": [1, 0.3, 0.2]
				},
				"rightPupil": {
					"scale": [1, 0.3, 0.2]
				}
			}
		},
		"SpeedStingerBite": {
			"animation_length": 0.56,
			"bones": {
				"Neck1": {
					"rotation": {
						"0.0": [0, 0, 0],
						"0.12": [-10, 0, 0],
						"0.32": [25, 0, -12.5],
						"0.4": [22.5, 0, -2.5],
						"0.56": [0, 0, 0]
					}
				},
				"Neck2": {
					"rotation": {
						"0.0": [0, 0, 0],
						"0.12": [-32.5, 0, 0],
						"0.32": [-12.5, 0, -12.5],
						"0.4": [-7.5, 0, -7.5],
						"0.56": [0, 0, 0]
					}
				},
				"head": {
					"rotation": {
						"0.0": [0, 0, 0],
						"0.12": [50, 0, -7.5],
						"0.32": [-45, 0, -12.5],
						"0.4": [-10, 0, -7.5],
						"0.56": [0, 0, 0]
					}
				},
				"Jaw1": {
					"rotation": {
						"0.0": [0, 0, 0],
						"0.12": [20, 0, 0],
						"0.32": [67.5, 0, 0],
						"0.44": [-2.5, 0, 0],
						"0.56": [0, 0, 0]
					}
				}
			}
		}
	}
}