{
	"format_version": "1.8.0",
	"animations": {
		"stinger.idle": {
			"loop": true,
			"animation_length": 18,
			"bones": {
				"Chest1": {
					"rotation": {
						"vector": ["3+math.sin(query.anim_time*150+50)*1", "math.cos(query.anim_time*75)*1", 0]
					}
				},
				"Neck1": {
					"rotation": {
						"0.0": {
							"vector": ["math.sin(query.anim_time*150+100)*1", "math.cos(query.anim_time*75+100)*1", 0]
						},
						"0.875": {
							"vector": ["-17.5+math.sin(query.anim_time*150+100)*1", "0+math.cos(query.anim_time*75+100)*1", 0],
							"easing": "easeOutQuad"
						},
						"3.3333": {
							"vector": ["-17.5+math.sin(query.anim_time*150+100)*1", "0+math.cos(query.anim_time*75+100)*1", 0],
							"easing": "easeOutQuad"
						},
						"4.75": {
							"vector": ["math.sin(query.anim_time*150+100)*1", "math.cos(query.anim_time*75+100)*1", 0],
							"easing": "easeOutCubic"
						}
					}
				},
				"Neck2": {
					"rotation": {
						"0.0": {
							"vector": ["math.cos(query.anim_time*150+150)*1", 0, 0]
						},
						"1.0417": {
							"vector": ["-7.5+math.cos(query.anim_time*150+150)*1", 0, 0],
							"easing": "easeOutCubic"
						},
						"3.3333": {
							"vector": ["-7.5+math.cos(query.anim_time*150+150)*1", 0, 0],
							"easing": "easeOutCubic"
						},
						"4.75": {
							"vector": ["math.cos(query.anim_time*150+150)*1", 0, 0],
							"easing": "easeOutCubic"
						}
					}
				},
				"head": {
					"rotation": {
						"0.0": {
							"vector": ["-5-math.sin(query.anim_time*150)*3", "math.cos(query.anim_time*75)*1", 0]
						},
						"1.0417": {
							"vector": ["27.5-math.sin(query.anim_time*200+50)* 1", "0-math.sin(query.anim_time*400+50)* 5", "--math.sin(query.anim_time*400+50)* -5"],
							"easing": "easeOutQuint"
						},
						"2.4583": {
							"vector": ["27.5-math.sin(query.anim_time*100+50)* 1", "0-math.sin(query.anim_time*200+50)* 5", "--math.sin(query.anim_time*200+50)* -5"],
							"easing": "easeOutQuint"
						},
						"3.3333": {
							"vector": ["26.1563-math.sin(query.anim_time*150)*3", "24.1137+math.cos(query.anim_time*75)*1", -6.78186],
							"easing": "easeOutQuart"
						},
						"5.5833": {
							"vector": ["12.5297-math.sin(query.anim_time*150)*3", "-24.8452+math.cos(query.anim_time*75)*1", 12.13563],
							"easing": "easeOutQuint"
						},
						"7.7083": {
							"vector": ["-5-math.sin(query.anim_time*150)*3", "math.cos(query.anim_time*75)*1", 0],
							"easing": "easeOutCubic"
						},
						"8.7917": {
							"vector": ["-16.101-math.sin(query.anim_time*150)*3", "-12.5564+math.cos(query.anim_time*75)*1", -3.59698],
							"easing": "easeInOutQuad"
						},
						"9.875": {
							"vector": ["-16.101-math.sin(query.anim_time*150)*3", "-12.5564+math.cos(query.anim_time*75)*1", -3.59698],
							"easing": "easeInOutQuad"
						},
						"11.0": {
							"vector": ["-7.3433-math.sin(query.anim_time*150)*3", "1.9559+math.cos(query.anim_time*75)*1", 14.29881],
							"easing": "easeInOutQuint"
						},
						"11.9583": {
							"vector": ["-7.3433-math.sin(query.anim_time*150)*3", "1.9559+math.cos(query.anim_time*75)*1", 14.29881],
							"easing": "easeOutQuad"
						},
						"13.0833": {
							"vector": ["-5-math.sin(query.anim_time*150)*3", "math.cos(query.anim_time*75)*1", 0],
							"easing": "easeInOutCubic"
						}
					}
				},
				"Jaw": {
					"rotation": {
						"0.0": {
							"vector": ["8+math.sin(query.anim_time*75)*4", 0, 0]
						},
						"0.2917": {
							"vector": ["28+math.sin(query.anim_time*75)*4", 0, 0]
						},
						"0.5833": {
							"vector": ["8+math.sin(query.anim_time*75)*4", 0, 0]
						},
						"1.0417": {
							"vector": ["30.5+math.sin(query.anim_time*800)*4", 0, 0]
						},
						"2.4167": {
							"vector": ["30.5+math.sin(query.anim_time*800)*4", 0, 0]
						},
						"3.3333": {
							"vector": ["8+math.sin(query.anim_time*75)*4", 0, 0],
							"easing": "easeOutExpo"
						},
						"4.4583": {
							"vector": ["8+math.sin(query.anim_time*75)*4", 0, 0],
							"easing": "easeOutCubic"
						},
						"4.7083": {
							"vector": ["23+math.sin(query.anim_time*75)*4", 0, 0]
						},
						"5.1667": {
							"vector": ["8+math.sin(query.anim_time*75)*4", 0, 0],
							"easing": "easeOutCubic"
						},
						"5.875": {
							"vector": ["8+math.sin(query.anim_time*75)*4", 0, 0],
							"easing": "easeOutCubic"
						}
					}
				},
				"Chain2": {
					"rotation": {
						"0.0": {
							"vector": ["math.sin(query.anim_time*150 - 25)*4", 0, 0]
						},
						"0.5": {
							"vector": ["-10+math.sin(query.anim_time*300 - 25)* 40", 0, 0],
							"easing": "easeOutQuint"
						},
						"1.6667": {
							"vector": ["17.5+math.sin(query.anim_time*150 - 25)*15", 0, 0]
						},
						"2.5": {
							"vector": ["math.sin(query.anim_time*150 - 25)*4", 0, 0]
						},
						"3.0833": {
							"vector": ["math.sin(query.anim_time*150 - 25)*4", 0, 0]
						},
						"4.2083": {
							"vector": ["-10+math.sin(query.anim_time*300 - 25)* -15", 0, 0],
							"easing": "easeOutQuint"
						},
						"5.5": {
							"vector": ["math.sin(query.anim_time*150 - 25)*4", 0, 0]
						}
					}
				},
				"leftWingFArm": {
					"rotation": {
						"0.0": {
							"vector": [0, "0-math.sin(query.anim_time*300-50)*-2", 0]
						},
						"1.7083": {
							"vector": [7.22164, 5.18957, "-0.5336+Math.sin(query.anim_time * 500-50)*-40"],
							"easing": "easeInOutSine"
						},
						"3.625": {
							"vector": [7.22164, 5.18957, "-0.5336+Math.sin(query.anim_time * 400-50)*-40"],
							"easing": "easeInOutSine"
						},
						"5.3333": {
							"vector": [0, "0-math.sin(query.anim_time*300-50)*-2", 0]
						}
					}
				},
				"rightWingFArm": {
					"rotation": {
						"0.0": {
							"vector": [0, "0-math.sin(query.anim_time*300-50)*2", 0]
						},
						"1.7083": {
							"vector": [7.22164, -5.18957, "0.5336+Math.sin(query.anim_time * 500-50)*40"],
							"easing": "easeInOutSine"
						},
						"3.625": {
							"vector": [7.22164, -5.18957, "0.5336+Math.sin(query.anim_time * 400-50)*40"],
							"easing": "easeInOutSine"
						},
						"5.3333": {
							"vector": [0, "0-math.sin(query.anim_time*300-50)*2", 0]
						}
					}
				},
				"Tail1": {
					"rotation": {
						"vector": ["math.sin(query.anim_time*150)", "math.cos(query.anim_time*75) * 2", 0]
					}
				},
				"Tail2": {
					"rotation": {
						"0.0": {
							"vector": ["math.sin(query.anim_time*150-25)*2", 0, "math.cos(query.anim_time*75+50) * 3"]
						},
						"1.5": {
							"vector": ["15+math.sin(query.anim_time*150-25)*2", 0, "math.cos(query.anim_time*75+50) * 3"],
							"easing": "easeOutQuint"
						},
						"2.625": {
							"vector": ["15+math.sin(query.anim_time*150-25)*2", 0, "math.cos(query.anim_time*75+50) * 3"]
						},
						"4.0833": {
							"vector": ["math.sin(query.anim_time*150-25)*2", 0, "math.cos(query.anim_time*75+50) * 3"],
							"easing": "easeOutSine"
						}
					}
				},
				"Tail3": {
					"rotation": {
						"0.0": {
							"vector": ["math.sin(query.anim_time*150-50)", 0, "math.cos(query.anim_time*75+75) * 3"]
						},
						"1.5": {
							"vector": ["17.5+math.sin(query.anim_time*150-50)", 0, "0+math.cos(query.anim_time*75+75) * 3"],
							"easing": "easeOutQuint"
						},
						"2.625": {
							"vector": ["17.5+math.sin(query.anim_time*150-50)", 0, "0+math.cos(query.anim_time*75+75) * 3"]
						},
						"4.0833": {
							"vector": ["math.sin(query.anim_time*150-50)", 0, "math.cos(query.anim_time*75+75) * 3"],
							"easing": "easeOutSine"
						}
					}
				},
				"Tail4": {
					"rotation": {
						"0.0": {
							"vector": ["math.sin(query.anim_time*150-75)*3", 0, "math.cos(query.anim_time*75+100) * 4"]
						},
						"1.5": {
							"vector": ["22.5+math.sin(query.anim_time*150-75)*3", 0, "0+math.cos(query.anim_time*75+100) * 4"],
							"easing": "easeOutQuint"
						},
						"2.625": {
							"vector": ["22.5+math.sin(query.anim_time*150-75)*3", 0, "0+math.cos(query.anim_time*75+100) * 4"]
						},
						"4.0833": {
							"vector": ["math.sin(query.anim_time*150-75)*3", 0, "math.cos(query.anim_time*75+100) * 4"],
							"easing": "easeOutSine"
						}
					}
				},
				"Body": {
					"rotation": {
						"0.0": {
							"vector": [0, 0, 0]
						},
						"0.1667": {
							"vector": [0, 0, 5],
							"easing": "easeInOutSine"
						},
						"0.5417": {
							"vector": [0, 0, 0],
							"easing": "easeInSine"
						},
						"0.75": {
							"vector": [0, 0, -5]
						},
						"1.0": {
							"vector": [0, 0, 0]
						},
						"4.0417": {
							"vector": [0, 0, 0]
						},
						"4.25": {
							"vector": [0, 0, 2.5]
						},
						"4.4583": {
							"vector": [0, 0, 0]
						},
						"4.75": {
							"vector": [0, 0, -4]
						},
						"4.9583": {
							"vector": [0, 0, 0]
						}
					},
					"position": {
						"0.0": {
							"vector": [0, "math.cos(query.anim_time*150)*0.4", 0]
						},
						"0.5417": {
							"vector": [0, "math.cos(query.anim_time*150)*0.4", 0],
							"easing": "easeInSine"
						},
						"1.0": {
							"vector": [0, "math.cos(query.anim_time*150)*0.4", 0]
						},
						"4.0417": {
							"vector": [0, "math.cos(query.anim_time*150)*0.4", 0]
						},
						"4.4583": {
							"vector": [0, "math.cos(query.anim_time*150)*0.4", 0]
						},
						"4.9583": {
							"vector": [0, "math.cos(query.anim_time*150)*0.4", 0]
						}
					}
				},
				"Chain1": {
					"rotation": {
						"0.0": {
							"vector": ["math.sin(query.anim_time*150 - 25)*4", 0, 0]
						},
						"0.5": {
							"vector": ["-2.5+math.sin(query.anim_time*300 - 25)* 30", 0, 0],
							"easing": "easeOutQuint"
						},
						"1.6667": {
							"vector": ["25+math.sin(query.anim_time*150 - 25)* 10", 0, 0]
						},
						"2.5": {
							"vector": ["math.sin(query.anim_time*150 - 25)*4", 0, 0]
						},
						"3.0833": {
							"vector": ["math.sin(query.anim_time*150 - 25)*4", 0, 0]
						},
						"4.2083": {
							"vector": ["-2.5+math.sin(query.anim_time*300 - 25)* -15", 0, 0],
							"easing": "easeOutQuint"
						},
						"5.5": {
							"vector": ["math.sin(query.anim_time*150 - 25)*4", 0, 0]
						}
					}
				},
				"leftThigh": {
					"rotation": {
						"0.0": {
							"vector": [0, 0, 0]
						},
						"0.1667": {
							"vector": [-0.38153, -2.29193, -5.02691],
							"easing": "easeInOutSine"
						},
						"0.5417": {
							"vector": [0, 0, 0],
							"easing": "easeInSine"
						},
						"0.75": {
							"vector": [-4.27253, 3.47518, 3.63319]
						},
						"1.0": {
							"vector": [23.90878, -2.17019, -7.31632]
						},
						"4.0417": {
							"vector": [23.90878, -2.17019, -7.31632]
						},
						"4.25": {
							"vector": [24.33136, -2.7509, -9.27601]
						},
						"4.4583": {
							"vector": [23.90878, -2.17019, -7.31632]
						},
						"4.75": {
							"vector": [-1.86116, 5.56141, -5.0743]
						},
						"4.9583": {
							"vector": [0, 0, 0]
						}
					},
					"position": {
						"0.0": {
							"vector": [0, "math.cos(query.anim_time*150)*-0.4", 0]
						},
						"0.1667": {
							"vector": [0, "0.3-math.cos(query.anim_time*150)*-0.4", 0],
							"easing": "easeInOutSine"
						},
						"1.0": {
							"vector": [0, "-1.6-math.cos(query.anim_time*150)*0.4", 0]
						},
						"4.0417": {
							"vector": [0, "-1.6-math.cos(query.anim_time*150)*0.4", 0]
						},
						"4.4583": {
							"vector": [0, "-1.6-math.cos(query.anim_time*150)*0.4", 0]
						},
						"4.75": {
							"vector": [0, "math.cos(query.anim_time*150)*-0.4", 0]
						},
						"4.9583": {
							"vector": [0, "math.cos(query.anim_time*150)*-0.4", 0]
						}
					}
				},
				"rightThigh": {
					"rotation": {
						"0.0": {
							"vector": [0, 0, 0]
						},
						"0.1667": {
							"vector": [-17.5, 0, 0],
							"easing": "easeInSine"
						},
						"0.375": {
							"vector": [-21.91415, -3.18673, 2.67614]
						},
						"0.5417": {
							"vector": [-19.41415, -3.18673, 2.67614]
						},
						"0.75": {
							"vector": [-17.73463, -0.40059, 6.75567]
						},
						"1.0": {
							"vector": [-19.41415, -3.18673, 2.67614]
						},
						"4.0417": {
							"vector": [-19.41415, -3.18673, 2.67614]
						},
						"4.25": {
							"vector": [-17.5, 0, 0],
							"easing": "easeInSine"
						},
						"4.4583": {
							"vector": [0, 0, 0]
						},
						"4.75": {
							"vector": [2.14758, -1.06663, 5.14289],
							"easing": "easeOutSine"
						},
						"4.9583": {
							"vector": [0, 0, 0]
						}
					},
					"position": {
						"0.0": {
							"vector": [0, "math.cos(query.anim_time*150)*-0.4", -0.8]
						},
						"0.5417": {
							"vector": [0, "math.cos(query.anim_time*150)*-0.4", 0]
						},
						"0.75": {
							"vector": [0, "1.1+math.cos(query.anim_time*150)*0", 0]
						},
						"1.0": {
							"vector": [0, "0-math.cos(query.anim_time*150)*0.4", 0]
						},
						"4.0417": {
							"vector": [0, "math.cos(query.anim_time*150)*-0.4", 0]
						},
						"4.4583": {
							"vector": [0, "math.cos(query.anim_time*150)*-0.4", -1]
						},
						"4.75": {
							"vector": [0, "math.cos(query.anim_time*150)*+0.8", -2],
							"easing": "easeOutSine"
						},
						"4.9583": {
							"vector": [0, "math.cos(query.anim_time*150)*-0.4", -0.8]
						}
					}
				},
				"HeadMuzzle": {
					"rotation": {
						"vector": [0, 0, 0]
					}
				},
				"Leftlidtop": {
					"rotation": {
						"0.0": {
							"vector": [2.97956, -0.79457, 0.84812]
						},
						"0.3333": {
							"vector": [0, 0, 0],
							"easing": "easeInOutCubic"
						},
						"0.7083": {
							"vector": [11.97956, -0.79457, 0.84812],
							"easing": "easeOutQuad"
						},
						"2.125": {
							"vector": [11.97956, -0.79457, 0.84812],
							"easing": "easeOutQuad"
						},
						"2.5417": {
							"vector": [2.97956, -0.79457, 0.84812],
							"easing": "easeInOutCubic"
						}
					},
					"position": {
						"0.0": {
							"vector": [-0.65, 0.075, -0.5]
						},
						"0.3333": {
							"vector": [-0.65, 0, -0.5],
							"easing": "easeInOutCubic"
						},
						"0.7083": {
							"vector": [-0.65, 0.25, -0.625],
							"easing": "easeOutQuad"
						},
						"2.125": {
							"vector": [-0.65, 0.25, -0.625],
							"easing": "easeOutQuad"
						},
						"2.5417": {
							"vector": [-0.65, 0.075, -0.5],
							"easing": "easeInOutCubic"
						}
					},
					"scale": {
						"0.0": {
							"vector": [1, 0.21, 1.04]
						},
						"0.3333": {
							"vector": [1, 0.71, 1.01],
							"easing": "easeInOutCubic"
						},
						"0.7083": {
							"vector": [1, 0.41, 1.08],
							"easing": "easeOutQuad"
						},
						"2.125": {
							"vector": [1, 0.41, 1.08],
							"easing": "easeOutQuad"
						},
						"2.5417": {
							"vector": [1, 0.21, 1.04],
							"easing": "easeInOutCubic"
						}
					}
				},
				"Leftpupil": {
					"position": {
						"0.0": {
							"vector": [0, 0.425, -0.2]
						},
						"0.1667": {
							"vector": [0, 0.425, -0.2]
						},
						"0.4167": {
							"vector": [0, 0.425, -0.2]
						},
						"0.6667": {
							"vector": [0, 0.23, -0.4],
							"easing": "linear"
						},
						"1.7917": {
							"vector": [0, 0.23, -0.4],
							"easing": "linear"
						},
						"2.125": {
							"vector": [0, 0.23, -0.4],
							"easing": "linear"
						},
						"2.7917": {
							"vector": [0, 0.425, 0.4]
						},
						"3.2917": {
							"vector": [0, 0.425, 0.4]
						},
						"3.9167": {
							"vector": [0, 0.425, -0.5]
						},
						"6.0833": {
							"vector": [0, 0.425, -0.5],
							"easing": "easeInOutQuad"
						},
						"6.7917": {
							"vector": [0, 0.425, -0.2],
							"easing": "easeInOutCubic"
						},
						"9.5833": {
							"vector": [0, 0.425, -0.2]
						},
						"10.4167": {
							"vector": [0, 0.425, -0.7],
							"easing": "easeInOutQuart"
						},
						"11.8333": {
							"vector": [0, 0.425, -0.7],
							"easing": "easeInOutQuart"
						},
						"13.2083": {
							"vector": [0, 0.425, -0.2],
							"easing": "easeInOutQuart"
						}
					},
					"scale": {
						"0.0": {
							"vector": [1, 0.27, 0.3]
						},
						"0.1667": {
							"vector": [1, 0.27, 0.3]
						},
						"0.4167": {
							"vector": [1, 0.27, 0.6],
							"easing": "easeInOutCubic"
						},
						"0.6667": {
							"vector": [1, 0.17, 0.2],
							"easing": "linear"
						},
						"1.7917": {
							"vector": [1, 0.17, 0.2],
							"easing": "linear"
						},
						"2.125": {
							"vector": [1, 0.17, 0.4],
							"easing": "linear"
						},
						"2.5833": {
							"vector": [1, 0.27, 0.3]
						},
						"3.2917": {
							"vector": [1, 0.27, 0.3]
						},
						"3.9167": {
							"vector": [1, 0.27, 0.3]
						},
						"4.7083": {
							"vector": [1, 0.27, 0.5],
							"easing": "easeInOutCubic"
						},
						"5.25": {
							"vector": [1, 0.27, 0.5],
							"easing": "easeInOutCubic"
						},
						"6.0833": {
							"vector": [1, 0.27, 0.3],
							"easing": "easeInOutQuad"
						},
						"6.7917": {
							"vector": [1, 0.27, 0.3],
							"easing": "easeInOutCubic"
						},
						"9.5833": {
							"vector": [1, 0.27, 0.3]
						},
						"10.4167": {
							"vector": [1, 0.27, 0.3],
							"easing": "easeInOutQuart"
						},
						"11.8333": {
							"vector": [1, 0.27, 0.3],
							"easing": "easeInOutQuart"
						},
						"13.2083": {
							"vector": [1, 0.27, 0.3],
							"easing": "easeInOutQuart"
						}
					}
				},
				"Rightpupil": {
					"position": {
						"0.0": {
							"vector": [0, 0.425, -0.2]
						},
						"0.1667": {
							"vector": [0, 0.425, -0.2]
						},
						"0.4167": {
							"vector": [0, 0.425, -0.2]
						},
						"0.7083": {
							"vector": [0, 0.23, -0.4],
							"easing": "linear"
						},
						"1.7917": {
							"vector": [0, 0.23, -0.4],
							"easing": "linear"
						},
						"2.125": {
							"vector": [0, 0.23, -0.4],
							"easing": "linear"
						},
						"2.7917": {
							"vector": [0, 0.425, -0.7]
						},
						"3.2917": {
							"vector": [0, 0.425, -0.7]
						},
						"3.9167": {
							"vector": [0, 0.425, 0.3]
						},
						"6.0833": {
							"vector": [0, 0.425, 0.3],
							"easing": "easeInOutQuad"
						},
						"6.7917": {
							"vector": [0, 0.425, -0.2],
							"easing": "easeInOutCubic"
						},
						"9.5833": {
							"vector": [0, 0.425, -0.2]
						},
						"10.4167": {
							"vector": [0, 0.425, 0.6],
							"easing": "easeInOutQuart"
						},
						"11.8333": {
							"vector": [0, 0.425, 0.6],
							"easing": "easeInOutQuart"
						},
						"13.2083": {
							"vector": [0, 0.425, -0.2],
							"easing": "easeInOutQuart"
						}
					},
					"scale": {
						"0.0": {
							"vector": [1, 0.27, 0.3]
						},
						"0.1667": {
							"vector": [1, 0.27, 0.3]
						},
						"0.4167": {
							"vector": [1, 0.27, 0.6],
							"easing": "easeInOutCubic"
						},
						"0.7083": {
							"vector": [1, 0.17, 0.2],
							"easing": "linear"
						},
						"1.7917": {
							"vector": [1, 0.17, 0.2],
							"easing": "linear"
						},
						"2.125": {
							"vector": [1, 0.17, 0.4],
							"easing": "linear"
						},
						"2.5417": {
							"vector": [1, 0.27, 0.3]
						},
						"3.2917": {
							"vector": [1, 0.27, 0.3]
						},
						"3.9167": {
							"vector": [1, 0.27, 0.3]
						},
						"4.7083": {
							"vector": [1, 0.27, 0.5],
							"easing": "easeInOutCubic"
						},
						"5.25": {
							"vector": [1, 0.27, 0.5],
							"easing": "easeInOutCubic"
						},
						"6.0833": {
							"vector": [1, 0.27, 0.3],
							"easing": "easeInOutQuad"
						},
						"6.7917": {
							"vector": [1, 0.27, 0.3],
							"easing": "easeInOutCubic"
						},
						"9.5833": {
							"vector": [1, 0.27, 0.3]
						},
						"10.4167": {
							"vector": [1, 0.27, 0.3],
							"easing": "easeInOutQuart"
						},
						"11.8333": {
							"vector": [1, 0.27, 0.3],
							"easing": "easeInOutQuart"
						},
						"13.2083": {
							"vector": [1, 0.27, 0.3],
							"easing": "easeInOutQuart"
						}
					}
				},
				"leftWingArm": {
					"rotation": {
						"0.0": {
							"vector": [0, "0-math.sin(query.anim_time*300)*-1", 0]
						},
						"1.7083": {
							"vector": [-7.32302, -26.58041, "-35.6253+Math.sin(query.anim_time * 500)*-20"],
							"easing": "easeInOutSine"
						},
						"3.625": {
							"vector": [0.5983, -19.12261, "-55.8011+Math.sin(query.anim_time * 400)*-20"],
							"easing": "easeInOutSine"
						},
						"5.3333": {
							"vector": [0, "0-math.sin(query.anim_time*300)*-1", 0]
						}
					}
				},
				"rightWingArm": {
					"rotation": {
						"0.0": {
							"vector": [0, "0-math.sin(query.anim_time*300)*1", 0]
						},
						"1.7083": {
							"vector": [-7.32302, 26.58041, "35.6254+Math.sin(query.anim_time * 500)*20"],
							"easing": "easeInOutSine"
						},
						"3.625": {
							"vector": [0.5983, 19.12261, "55.8011+Math.sin(query.anim_time * 400)*20"],
							"easing": "easeInOutSine"
						},
						"5.3333": {
							"vector": [0, "0-math.sin(query.anim_time*300)*2", 0]
						}
					}
				},
				"Leftlidbottom": {
					"rotation": {
						"0.0": {
							"vector": [2.97956, -0.79457, 0.84812]
						},
						"0.3333": {
							"vector": [0, 0, 0],
							"easing": "easeInOutCubic"
						},
						"0.7083": {
							"vector": [9.97956, -0.79457, 0.84812],
							"easing": "easeOutQuad"
						},
						"2.125": {
							"vector": [9.97956, -0.79457, 0.84812],
							"easing": "easeOutQuad"
						},
						"2.5417": {
							"vector": [2.97956, -0.79457, 0.84812],
							"easing": "easeInOutCubic"
						}
					},
					"position": {
						"0.0": {
							"vector": [-0.65, -0.125, -0.5]
						},
						"0.3333": {
							"vector": [-0.65, -0.125, -0.5]
						},
						"0.7083": {
							"vector": [-0.65, -0.125, -0.45],
							"easing": "easeOutQuad"
						},
						"2.125": {
							"vector": [-0.65, -0.125, -0.45],
							"easing": "easeOutQuad"
						},
						"2.5417": {
							"vector": [-0.65, -0.125, -0.5],
							"easing": "easeInOutCubic"
						}
					},
					"scale": {
						"0.0": {
							"vector": [1, 0.21, 1.04]
						},
						"0.3333": {
							"vector": [1, 0.41, 1.01],
							"easing": "easeInOutCubic"
						},
						"0.7083": {
							"vector": [1, 0.31, 1.04],
							"easing": "easeOutQuad"
						},
						"2.125": {
							"vector": [1, 0.31, 1.04],
							"easing": "easeOutQuad"
						},
						"2.5417": {
							"vector": [1, 0.21, 1.04],
							"easing": "easeInOutCubic"
						}
					}
				},
				"Rightlidtop": {
					"rotation": {
						"0.0": {
							"vector": [2.97956, 0.79457, -0.84812]
						},
						"0.3333": {
							"vector": [0, 0, 0],
							"easing": "easeInOutCubic"
						},
						"0.7083": {
							"vector": [11.97956, 0.79457, -0.84812],
							"easing": "easeOutQuad"
						},
						"2.125": {
							"vector": [11.97956, 0.79457, -0.84812],
							"easing": "easeOutQuad"
						},
						"2.5417": {
							"vector": [2.97956, 0.79457, -0.84812],
							"easing": "easeInOutCubic"
						}
					},
					"position": {
						"0.0": {
							"vector": [0.65, 0.075, -0.5]
						},
						"0.3333": {
							"vector": [0.65, 0, -0.5],
							"easing": "easeInOutCubic"
						},
						"0.7083": {
							"vector": [0.65, 0.25, -0.625],
							"easing": "easeOutQuad"
						},
						"2.125": {
							"vector": [0.65, 0.25, -0.625],
							"easing": "easeOutQuad"
						},
						"2.5417": {
							"vector": [0.65, 0.075, -0.5],
							"easing": "easeInOutCubic"
						}
					},
					"scale": {
						"0.0": {
							"vector": [1, 0.21, 1.04]
						},
						"0.3333": {
							"vector": [1, 0.71, 1.01],
							"easing": "easeInOutCubic"
						},
						"0.7083": {
							"vector": [1, 0.41, 1.08],
							"easing": "easeOutQuad"
						},
						"2.125": {
							"vector": [1, 0.41, 1.08],
							"easing": "easeOutQuad"
						},
						"2.5417": {
							"vector": [1, 0.21, 1.04],
							"easing": "easeInOutCubic"
						}
					}
				},
				"Rightlidbottom": {
					"rotation": {
						"0.0": {
							"vector": [2.97956, 0.79457, -0.84812]
						},
						"0.3333": {
							"vector": [0, 0, 0],
							"easing": "easeInOutCubic"
						},
						"0.7083": {
							"vector": [9.97956, 0.79457, -0.84812],
							"easing": "easeOutQuad"
						},
						"2.125": {
							"vector": [9.97956, 0.79457, -0.84812],
							"easing": "easeOutQuad"
						},
						"2.5417": {
							"vector": [2.97956, 0.79457, -0.84812],
							"easing": "easeInOutCubic"
						}
					},
					"position": {
						"0.0": {
							"vector": [0.65, -0.125, -0.5]
						},
						"0.3333": {
							"vector": [0.65, -0.125, -0.5]
						},
						"0.7083": {
							"vector": [0.65, -0.125, -0.45],
							"easing": "easeOutQuad"
						},
						"2.125": {
							"vector": [0.65, -0.125, -0.45],
							"easing": "easeOutQuad"
						},
						"2.5417": {
							"vector": [0.65, -0.125, -0.5],
							"easing": "easeInOutCubic"
						}
					},
					"scale": {
						"0.0": {
							"vector": [1, 0.21, 1.04]
						},
						"0.3333": {
							"vector": [1, 0.41, 1.01],
							"easing": "easeInOutCubic"
						},
						"0.7083": {
							"vector": [1, 0.31, 1.04],
							"easing": "easeOutQuad"
						},
						"2.125": {
							"vector": [1, 0.31, 1.04],
							"easing": "easeOutQuad"
						},
						"2.5417": {
							"vector": [1, 0.21, 1.04],
							"easing": "easeInOutCubic"
						}
					}
				},
				"leftShin": {
					"rotation": {
						"0.0": {
							"vector": [0, 0, 0]
						},
						"0.5417": {
							"vector": [0, 0, 0]
						},
						"0.75": {
							"vector": [22.5, 0, 0]
						},
						"1.0": {
							"vector": [-10, 0, 0]
						},
						"4.0417": {
							"vector": [-10, 0, 0]
						},
						"4.4583": {
							"vector": [-10, 0, 0]
						},
						"4.75": {
							"vector": [20, 0, 0]
						},
						"4.9583": {
							"vector": [0, 0, 0]
						}
					}
				},
				"leftFeet": {
					"rotation": {
						"0.0": {
							"vector": [0, 0, 0]
						},
						"0.5417": {
							"vector": [0, 0, 0]
						},
						"0.75": {
							"vector": [-40, 0, 0]
						},
						"1.0": {
							"vector": [-7.5, 0, 0]
						},
						"4.0417": {
							"vector": [-7.5, 0, 0]
						},
						"4.4583": {
							"vector": [-7.5, 0, 0]
						},
						"4.75": {
							"vector": [-27.5, 0, 0]
						},
						"4.9583": {
							"vector": [0, 0, 0]
						}
					}
				},
				"leftFeet2": {
					"rotation": {
						"0.0": {
							"vector": [0, 0, 0]
						},
						"0.5417": {
							"vector": [0, 0, 0]
						},
						"0.75": {
							"vector": [52.5, 0, 0]
						},
						"1.0": {
							"vector": [-7.35832, 7.15102, 2.26708]
						},
						"4.0417": {
							"vector": [-7.35832, 7.15102, 2.26708]
						},
						"4.25": {
							"vector": [-7.3661, 5.95849, 1.89213]
						},
						"4.4583": {
							"vector": [-7.3661, 5.95849, 1.89213]
						},
						"4.625": {
							"vector": [27.60545, 3.04137, 3.9705]
						},
						"4.8333": {
							"vector": [19.7, 0, 0]
						},
						"4.9583": {
							"vector": [0, 0, 0]
						}
					}
				},
				"rightShin": {
					"rotation": {
						"0.0": {
							"vector": [0, 0, 0]
						},
						"0.1667": {
							"vector": [17.5, 0, 0],
							"easing": "easeInSine"
						},
						"0.375": {
							"vector": [-5, 0, 0]
						},
						"0.5417": {
							"vector": [-12.5, 0, 0]
						},
						"4.0417": {
							"vector": [-12.5, 0, 0]
						},
						"4.25": {
							"vector": [17.5, 0, 0],
							"easing": "easeInSine"
						},
						"4.4583": {
							"vector": [0, 0, 0]
						},
						"4.75": {
							"vector": [0, 0, 0]
						},
						"4.9583": {
							"vector": [0, 0, 0]
						}
					}
				},
				"rightFeet3": {
					"rotation": {
						"0.0": {
							"vector": [0, 0, 0]
						},
						"0.1667": {
							"vector": [-30, 0, 0],
							"easing": "easeInSine"
						},
						"0.375": {
							"vector": [-36.25, 0, 0]
						},
						"0.5417": {
							"vector": [23.75, 0, 0]
						},
						"4.0417": {
							"vector": [23.75, 0, 0]
						},
						"4.25": {
							"vector": [-30, 0, 0],
							"easing": "easeInSine"
						},
						"4.4583": {
							"vector": [0, 0, 0]
						},
						"4.75": {
							"vector": [0, 0, 0]
						},
						"4.9583": {
							"vector": [0, 0, 0]
						}
					}
				},
				"rightFeet4": {
					"rotation": {
						"0.0": {
							"vector": [0, 0, 0]
						},
						"0.1667": {
							"vector": [72.5, 0, 0],
							"easing": "easeInSine"
						},
						"0.375": {
							"vector": [68.75, 0, 0]
						},
						"0.625": {
							"vector": [0, 0, 0],
							"easing": "easeOutCubic"
						},
						"4.0417": {
							"vector": [0, 0, 0],
							"easing": "easeOutCubic"
						},
						"4.25": {
							"vector": [72.5, 0, 0],
							"easing": "easeInSine"
						},
						"4.4583": {
							"vector": [0, 0, 0]
						},
						"4.75": {
							"vector": [0, 0, 0]
						},
						"4.9583": {
							"vector": [0, 0, 0]
						}
					}
				}
			}
		},
		"stinger.walk": {
			"loop": true,
			"animation_length": 3.6,
			"bones": {
				"Body": {
					"rotation": {
						"vector": ["-6+math.cos(query.anim_time * 600+50)* 4", "0+math.cos(query.anim_time * 300-100)* 3.5", "math.cos(query.anim_time * 300+60)* -5"]
					},
					"position": {
						"vector": [0, "math.cos(query.anim_time * 600 - 75)*3.5", 0]
					}
				},
				"Chest1": {
					"rotation": {
						"vector": ["9+math.sin(query.anim_time*600)", "math.cos(query.anim_time*300)", 0]
					}
				},
				"Chain1": {
					"rotation": {
						"vector": ["math.sin(query.anim_time * 300 ) * 10", 0, "math.sin(query.anim_time * 300 ) * 4"]
					}
				},
				"Chain2": {
					"rotation": {
						"vector": ["10+math.sin(query.anim_time * 300) * 10", 0, "math.sin(query.anim_time * 300 + 50) * 8"]
					}
				},
				"leftWingArm": {
					"rotation": {
						"vector": [0, 0, "-math.sin(query.anim_time*300+50)* 10"]
					}
				},
				"leftWingMemHalf": {
					"rotation": {
						"vector": [0, "-10+math.sin(query.anim_time*600)*6", 0]
					}
				},
				"rightWingArm": {
					"rotation": {
						"vector": [0, 0, "math.sin(query.anim_time*300+50)* -10"]
					}
				},
				"rightWingMemHalf": {
					"rotation": {
						"vector": [0, "10+math.sin(query.anim_time*600)*-6", 0]
					}
				},
				"Neck1": {
					"rotation": {
						"vector": ["math.sin(query.anim_time * 600-100) * -5", 0, 0]
					}
				},
				"Neck2": {
					"rotation": {
						"vector": ["math.sin(query.anim_time * 600-50) * 8", 0, 0]
					}
				},
				"head": {
					"rotation": {
						"vector": ["-10+math.sin(query.anim_time * 600-50) * -5", "0+math.sin(query.anim_time * 300-25) * 5", "0+math.sin(query.anim_time * 300-25) * -2"]
					}
				},
				"Jaw": {
					"rotation": {
						"vector": ["15+math.sin(query.anim_time * 600-125) * -2.5", 0.8, 1]
					}
				},
				"Tail1": {
					"rotation": {
						"vector": ["4+math.sin(query.anim_time*600-50)*-1", "math.cos(query.anim_time*300 + 50)*2", 0]
					}
				},
				"Tail2": {
					"rotation": {
						"vector": ["math.sin(query.anim_time*600 - 50)*-1", 0, "math.cos(query.anim_time*300)*-4"]
					}
				},
				"Tail3": {
					"rotation": {
						"vector": ["math.sin(query.anim_time*600-100)*-4", 0, "math.cos(query.anim_time*300 - 50)*-6"]
					}
				},
				"Tail4": {
					"rotation": {
						"vector": ["math.sin(query.anim_time*600-150)*-6", 0, "math.cos(query.anim_time*300 - 100)*-6"]
					}
				},
				"leftThigh": {
					"rotation": {
						"vector": ["5+math.sin(query.anim_time * 300) * -30", 0, 0]
					},
					"position": {
						"vector": [0, "3-math.sin(query.anim_time * 300-100) * 3", 0]
					}
				},
				"leftShin": {
					"rotation": {
						"vector": ["-10+math.sin(query.anim_time * 300 + 100) * 10", 0, 0]
					},
					"position": {
						"vector": [0, "1+math.sin(query.anim_time * 300+50) * 1.5", 0]
					}
				},
				"leftFeet": {
					"rotation": {
						"vector": ["-7.5+math.sin(query.anim_time * 300 + 250) * 8", 0.2, 0.4]
					},
					"position": {
						"vector": [0, 0, 0]
					}
				},
				"leftFeet2": {
					"rotation": {
						"vector": ["42.5+math.sin(query.anim_time * 300 + 230) * -35", -3, -7]
					}
				},
				"rightThigh": {
					"rotation": {
						"vector": ["5+math.sin(query.anim_time * 300) * 30", 0, 0]
					},
					"position": {
						"vector": [0, "3-math.sin(query.anim_time * 300-100) * -3", 0]
					}
				},
				"rightShin": {
					"rotation": {
						"vector": ["-10+math.sin(query.anim_time * 300 + 100) * -10", 0, 0]
					},
					"position": {
						"vector": [0, "1+math.sin(query.anim_time * 300+50) * -1.5", 0]
					}
				},
				"rightFeet3": {
					"rotation": {
						"vector": ["-7.5+math.sin(query.anim_time * 300 + 250) * -8", 0.2, 0.4]
					},
					"position": {
						"vector": [0, 0, 0]
					}
				},
				"rightFeet4": {
					"rotation": {
						"vector": ["35+math.sin(query.anim_time * 300 + 230) * 35", 3, 7]
					}
				},
				"Leftpupil": {
					"position": {
						"0.0": {
							"vector": [0, 0.425, -0.2]
						},
						"0.1667": {
							"vector": [0, 0.425, -0.2]
						},
						"0.4167": {
							"vector": [0, 0.425, -0.2]
						},
						"0.6667": {
							"vector": [0, 0.425, -0.2]
						}
					},
					"scale": {
						"0.0": {
							"vector": [1, 0.27, 0.3]
						},
						"0.1667": {
							"vector": [1, 0.27, 0.3]
						},
						"0.4167": {
							"vector": [1, 0.39, 0.36]
						},
						"0.6667": {
							"vector": [1, 0.27, 0.3]
						}
					}
				},
				"Leftlidtop": {
					"rotation": {
						"0.0": {
							"vector": [2.97956, -0.79457, 0.84812]
						},
						"0.3333": {
							"vector": [0, 0, 0],
							"easing": "easeInOutCubic"
						},
						"0.7083": {
							"vector": [2.97956, -0.79457, 0.84812]
						}
					},
					"position": {
						"0.0": {
							"vector": [-0.65, 0.075, -0.5]
						},
						"0.3333": {
							"vector": [-0.65, 0, -0.5],
							"easing": "easeInOutCubic"
						},
						"0.7083": {
							"vector": [-0.65, 0.075, -0.5]
						}
					},
					"scale": {
						"0.0": {
							"vector": [1, 0.21, 1.04]
						},
						"0.3333": {
							"vector": [1, 0.71, 1.01],
							"easing": "easeInOutCubic"
						},
						"0.7083": {
							"vector": [1, 0.21, 1.04]
						}
					}
				},
				"Rightpupil": {
					"position": {
						"0.0": {
							"vector": [0, 0.425, -0.2]
						},
						"0.1667": {
							"vector": [0, 0.425, -0.2]
						},
						"0.4167": {
							"vector": [0, 0.425, -0.2]
						},
						"0.6667": {
							"vector": [0, 0.425, -0.2]
						}
					},
					"scale": {
						"0.0": {
							"vector": [1, 0.27, 0.3]
						},
						"0.1667": {
							"vector": [1, 0.27, 0.3]
						},
						"0.4167": {
							"vector": [1, 0.39, 0.36]
						},
						"0.6667": {
							"vector": [1, 0.27, 0.3]
						}
					}
				},
				"Leftlidbottom": {
					"rotation": {
						"0.0": {
							"vector": [2.97956, -0.79457, 0.84812]
						},
						"0.3333": {
							"vector": [0, 0, 0],
							"easing": "easeInOutCubic"
						},
						"0.7083": {
							"vector": [2.97956, -0.79457, 0.84812]
						}
					},
					"position": {
						"0.0": {
							"vector": [-0.65, -0.125, -0.5]
						},
						"0.3333": {
							"vector": [-0.65, -0.125, -0.5]
						},
						"0.7083": {
							"vector": [-0.65, -0.125, -0.5]
						}
					},
					"scale": {
						"0.0": {
							"vector": [1, 0.21, 1.04]
						},
						"0.3333": {
							"vector": [1, 0.41, 1.01],
							"easing": "easeInOutCubic"
						},
						"0.7083": {
							"vector": [1, 0.21, 1.04]
						}
					}
				},
				"Rightlidtop": {
					"rotation": {
						"0.0": {
							"vector": [2.97956, 0.79457, -0.84812]
						},
						"0.3333": {
							"vector": [0, 0, 0],
							"easing": "easeInOutCubic"
						},
						"0.7083": {
							"vector": [2.97956, 0.79457, -0.84812]
						}
					},
					"position": {
						"0.0": {
							"vector": [0.65, 0.075, -0.5]
						},
						"0.3333": {
							"vector": [0.65, 0, -0.5],
							"easing": "easeInOutCubic"
						},
						"0.7083": {
							"vector": [0.65, 0.075, -0.5]
						}
					},
					"scale": {
						"0.0": {
							"vector": [1, 0.21, 1.04]
						},
						"0.3333": {
							"vector": [1, 0.71, 1.01],
							"easing": "easeInOutCubic"
						},
						"0.7083": {
							"vector": [1, 0.21, 1.04]
						}
					}
				},
				"Rightlidbottom": {
					"rotation": {
						"0.0": {
							"vector": [2.97956, 0.79457, -0.84812]
						},
						"0.3333": {
							"vector": [0, 0, 0],
							"easing": "easeInOutCubic"
						},
						"0.7083": {
							"vector": [2.97956, 0.79457, -0.84812]
						}
					},
					"position": {
						"0.0": {
							"vector": [0.65, -0.125, -0.5]
						},
						"0.3333": {
							"vector": [0.65, -0.125, -0.5]
						},
						"0.7083": {
							"vector": [0.65, -0.125, -0.5]
						}
					},
					"scale": {
						"0.0": {
							"vector": [1, 0.21, 1.04]
						},
						"0.3333": {
							"vector": [1, 0.41, 1.01],
							"easing": "easeInOutCubic"
						},
						"0.7083": {
							"vector": [1, 0.21, 1.04]
						}
					}
				},
				"leftWingFArm": {
					"rotation": {
						"vector": [0, "-(math.sin(query.anim_time*300+50)* 5)", "-(math.sin(query.anim_time*600-100)*6)"]
					}
				},
				"rightWingFArm": {
					"rotation": {
						"vector": [0, "math.sin(query.anim_time*300+50)* 5", "math.sin(query.anim_time*600-100)*6"]
					}
				}
			}
		},
		"stinger.run": {
			"loop": true,
			"animation_length": 3.5833,
			"bones": {
				"Chest1": {
					"rotation": {
						"vector": ["24+math.sin(query.anim_time*800+50)* -2", "math.cos(query.anim_time*400)*3", 0]
					}
				},
				"Body": {
					"rotation": {
						"vector": ["-17+math.sin(query.anim_time*800+100)* 5", "0+math.sin(query.anim_time*400-50)* -1", "0+math.sin(query.anim_time*400+60)* -4"]
					},
					"position": {
						"vector": [0, "1.1+math.cos(query.anim_time * 800-70) * -2.5", 0]
					}
				},
				"Jaw": {
					"rotation": {
						"vector": ["21.5-math.sin(query.anim_time*600+300)* 2", 0, 0]
					}
				},
				"leftWingArm": {
					"rotation": {
						"vector": [0, 0, "-32.5-math.sin(query.anim_time*800 + 50)*-20"]
					}
				},
				"rightWingArm": {
					"rotation": {
						"vector": [0, 0, "32.5-math.sin(query.anim_time*800 + 50)*20"]
					}
				},
				"Chain1": {
					"rotation": {
						"vector": ["math.sin(query.anim_time * 600 + 150) * 30", 0, "math.sin(query.anim_time * 300 + 50) * 10"]
					}
				},
				"Chain2": {
					"rotation": {
						"vector": ["10+math.sin(query.anim_time * 600-50) * -40", 0, "math.sin(query.anim_time * 300 + 50) * 15"]
					}
				},
				"leftWingMemHalf": {
					"rotation": {
						"vector": [0, "-10+math.sin(query.anim_time*800 - 50)*10", 0]
					}
				},
				"rightWingMemHalf": {
					"rotation": {
						"vector": [0, "10+math.sin(query.anim_time*800 - 50)*-10", 0]
					}
				},
				"Neck1": {
					"rotation": {
						"vector": ["0+math.sin(query.anim_time*800-150)* 5", 0, 0]
					}
				},
				"Neck2": {
					"rotation": {
						"vector": ["0+math.sin(query.anim_time*800-200)* -10", 0, 0]
					}
				},
				"head": {
					"rotation": {
						"vector": ["-27.5+math.sin(query.anim_time*800-250)* 12", 0, 0]
					}
				},
				"Tail1": {
					"rotation": {
						"vector": ["0+math.sin(query.anim_time*800)* 5", "math.cos(query.anim_time*400)*3", 0]
					}
				},
				"Tail2": {
					"rotation": {
						"vector": ["12.5+math.sin(query.anim_time*800-50)* 5", 0, 0]
					}
				},
				"Tail3": {
					"rotation": {
						"vector": ["2.5+math.sin(query.anim_time*800-100)* 10", 0, "math.sin(query.anim_time*400-100)* 5"]
					}
				},
				"Tail4": {
					"rotation": {
						"vector": ["2.5+math.sin(query.anim_time*800-150)* 10", 0, 0]
					}
				},
				"leftThigh": {
					"rotation": {
						"vector": ["25+math.sin(query.anim_time * 400) * -50", "0+math.sin(query.anim_time * 400+100) * 5", "0+math.sin(query.anim_time * 400+200) * 5"]
					},
					"position": {
						"vector": [0, "4-math.sin(query.anim_time * 400-50) * 3", 0]
					}
				},
				"leftShin": {
					"rotation": {
						"vector": ["-10+math.sin(query.anim_time * 400 + 100) * 10", 0, 0]
					},
					"position": {
						"vector": [0, "3+math.sin(query.anim_time * 400-100) * -2", 0]
					}
				},
				"leftFeet": {
					"rotation": {
						"vector": ["2.5+math.sin(query.anim_time * 400 + 200) * 10", -0.2, -0.4]
					},
					"position": {
						"vector": [0, "math.sin(query.anim_time*400-100)* -1", "math.sin(query.anim_time*400-100)* -1"]
					}
				},
				"leftFeet2": {
					"rotation": {
						"vector": ["17.5+math.sin(query.anim_time * 400 + 220) * -55", -3, -7]
					}
				},
				"rightThigh": {
					"rotation": {
						"vector": ["25+math.sin(query.anim_time * 400) * 50", "0+math.sin(query.anim_time * 400+100) * -5", "0+math.sin(query.anim_time * 400+200) * -5"]
					},
					"position": {
						"vector": [0, "4-math.sin(query.anim_time * 400-50) * -3", 0]
					}
				},
				"rightShin": {
					"rotation": {
						"vector": ["-10+math.sin(query.anim_time * 400 + 100) * -10", 0, 0]
					},
					"position": {
						"vector": [0, "3+math.sin(query.anim_time * 400-100) * 2", 0]
					}
				},
				"rightFeet3": {
					"rotation": {
						"vector": ["2.5+math.sin(query.anim_time * 400 + 200) * -10", 0.2, 0.4]
					},
					"position": {
						"vector": [0, "math.sin(query.anim_time*400-100)* 1", "math.sin(query.anim_time*400-100)* 1"]
					}
				},
				"rightFeet4": {
					"rotation": {
						"vector": ["42.5+math.sin(query.anim_time * 400 + 230) * 55", -3, -7]
					}
				},
				"Leftpupil": {
					"position": {
						"0.0": {
							"vector": [0, 0.35, -0.225]
						},
						"0.1667": {
							"vector": [0, 0.35, -0.225]
						},
						"0.4167": {
							"vector": [0, 0.35, -0.225]
						},
						"0.6667": {
							"vector": [0, 0.35, -0.225]
						}
					},
					"scale": {
						"0.0": {
							"vector": [1, 0.2, 0.24]
						},
						"0.1667": {
							"vector": [1, 0.2, 0.24]
						},
						"0.4167": {
							"vector": [1, 0.2, 0.44]
						},
						"0.6667": {
							"vector": [1, 0.2, 0.24]
						}
					}
				},
				"Leftlidtop": {
					"rotation": {
						"0.0": {
							"vector": [6.97956, -0.79457, 0.84812]
						},
						"0.3333": {
							"vector": [0, 0, 0],
							"easing": "easeInOutCubic"
						},
						"0.7083": {
							"vector": [6.97956, -0.79457, 0.84812]
						}
					},
					"position": {
						"0.0": {
							"vector": [-0.65, 0.075, -0.5]
						},
						"0.3333": {
							"vector": [-0.65, 0, -0.5],
							"easing": "easeInOutCubic"
						},
						"0.7083": {
							"vector": [-0.65, 0.075, -0.5]
						}
					},
					"scale": {
						"0.0": {
							"vector": [1, 0.31, 1.14]
						},
						"0.3333": {
							"vector": [1, 0.71, 1.01],
							"easing": "easeInOutCubic"
						},
						"0.7083": {
							"vector": [1, 0.31, 1.14]
						}
					}
				},
				"Chest2": {
					"rotation": {
						"vector": ["2.5+math.sin(query.anim_time*800-100)* 3", 0, 0]
					}
				},
				"Rightpupil": {
					"position": {
						"0.0": {
							"vector": [0, 0.35, -0.225]
						},
						"0.1667": {
							"vector": [0, 0.35, -0.225]
						},
						"0.4167": {
							"vector": [0, 0.35, -0.225]
						},
						"0.6667": {
							"vector": [0, 0.35, -0.225]
						}
					},
					"scale": {
						"0.0": {
							"vector": [1, 0.2, 0.24]
						},
						"0.1667": {
							"vector": [1, 0.2, 0.24]
						},
						"0.4167": {
							"vector": [1, 0.2, 0.44]
						},
						"0.6667": {
							"vector": [1, 0.2, 0.24]
						}
					}
				},
				"leftWingFArm": {
					"rotation": {
						"vector": [-0.10412, 0.6599, "8.1626-math.sin(query.anim_time*800-50)*-30"]
					}
				},
				"rightWingFArm": {
					"rotation": {
						"vector": [-0.10412, -0.6599, "-8.1626-math.sin(query.anim_time*800-50)*30"]
					}
				},
				"Leftlidbottom": {
					"rotation": {
						"0.0": {
							"vector": [7.97956, -0.79457, 0.84812]
						},
						"0.3333": {
							"vector": [0, 0, 0],
							"easing": "easeInOutCubic"
						},
						"0.7083": {
							"vector": [7.97956, -0.79457, 0.84812]
						}
					},
					"position": {
						"0.0": {
							"vector": [-0.65, -0.125, -0.5]
						},
						"0.3333": {
							"vector": [-0.65, -0.125, -0.5]
						},
						"0.7083": {
							"vector": [-0.65, -0.125, -0.5]
						}
					},
					"scale": {
						"0.0": {
							"vector": [1, 0.31, 1.14]
						},
						"0.3333": {
							"vector": [1, 0.41, 1.01],
							"easing": "easeInOutCubic"
						},
						"0.7083": {
							"vector": [1, 0.31, 1.14]
						}
					}
				},
				"Rightlidtop": {
					"rotation": {
						"0.0": {
							"vector": [6.97956, 0.79457, -0.84812]
						},
						"0.3333": {
							"vector": [0, 0, 0],
							"easing": "easeInOutCubic"
						},
						"0.7083": {
							"vector": [6.97956, 0.79457, -0.84812]
						}
					},
					"position": {
						"0.0": {
							"vector": [0.65, 0.075, -0.5]
						},
						"0.3333": {
							"vector": [0.65, 0, -0.5],
							"easing": "easeInOutCubic"
						},
						"0.7083": {
							"vector": [0.65, 0.075, -0.5]
						}
					},
					"scale": {
						"0.0": {
							"vector": [1, 0.31, 1.14]
						},
						"0.3333": {
							"vector": [1, 0.71, 1.01],
							"easing": "easeInOutCubic"
						},
						"0.7083": {
							"vector": [1, 0.31, 1.14]
						}
					}
				},
				"Rightlidbottom": {
					"rotation": {
						"0.0": {
							"vector": [7.97956, 0.79457, -0.84812]
						},
						"0.3333": {
							"vector": [0, 0, 0],
							"easing": "easeInOutCubic"
						},
						"0.7083": {
							"vector": [7.97956, 0.79457, -0.84812]
						}
					},
					"position": {
						"0.0": {
							"vector": [0.65, -0.125, -0.5]
						},
						"0.3333": {
							"vector": [0.65, -0.125, -0.5]
						},
						"0.7083": {
							"vector": [0.65, -0.125, -0.5]
						}
					},
					"scale": {
						"0.0": {
							"vector": [1, 0.31, 1.14]
						},
						"0.3333": {
							"vector": [1, 0.41, 1.01],
							"easing": "easeInOutCubic"
						},
						"0.7083": {
							"vector": [1, 0.31, 1.14]
						}
					}
				}
			}
		},
		"stinger.sit": {
			"loop": true,
			"animation_length": 18.0417,
			"bones": {
				"Body": {
					"rotation": {
						"vector": [-25, 0, 0]
					},
					"position": {
						"vector": [0, "-25+math.sin(query.anim_time * 200) * 0.3", 0]
					}
				},
				"Chain1": {
					"rotation": {
						"vector": ["30+math.cos(query.anim_time*200)*3", 0, 0]
					}
				},
				"Tail1": {
					"rotation": {
						"vector": [5, "2.5-math.sin(query.anim_time*800+100)* -1", "-math.sin(query.anim_time*800+100)* 1"]
					}
				},
				"Tail2": {
					"rotation": {
						"vector": ["17.643+math.sin(query.anim_time*400+50)*0.5", 0, "-math.sin(query.anim_time*800+50)*3"]
					},
					"position": {
						"vector": [0, 0, "math.sin(query.anim_time * 200) * -0.3"]
					}
				},
				"Tail3": {
					"rotation": {
						"vector": ["29.997+math.sin(query.anim_time*400)*1", 0, "0-math.sin(query.anim_time*800)*5"]
					}
				},
				"Tail4": {
					"rotation": {
						"vector": ["25+math.sin(query.anim_time*400-50)*1", "-math.sin(query.anim_time*800-50)*-5", "-math.sin(query.anim_time*800-50)*5"]
					}
				},
				"leftThigh": {
					"rotation": {
						"vector": [-63, -5, 0]
					},
					"position": {
						"vector": [0, "math.sin(query.anim_time * 200) * -0.3", 0]
					}
				},
				"Chest1": {
					"rotation": {
						"vector": ["2.5+math.cos(query.anim_time*200 + 25)*0.7", 0, 0]
					}
				},
				"Neck1": {
					"rotation": {
						"0.0": {
							"vector": [-5, 0, 0]
						},
						"5.4583": {
							"vector": [-5, 0, 0]
						},
						"6.1667": {
							"vector": [-5, -4, -8],
							"easing": "easeInOutSine"
						},
						"6.9583": {
							"vector": [-5, -4, -8],
							"easing": "easeInOutSine"
						},
						"7.7917": {
							"vector": [-5, 0, 0],
							"easing": "easeInOutSine"
						}
					}
				},
				"Neck2": {
					"rotation": {
						"0.0": {
							"vector": ["-10+math.cos(query.anim_time*200 + 50)*2", 0, 0]
						},
						"0.5": {
							"vector": ["-10+math.cos(query.anim_time*200 + 50)*2", -5, -17],
							"easing": "easeInOutSine"
						},
						"1.0": {
							"vector": ["-10+math.cos(query.anim_time*200 + 50)*2", -5, -17],
							"easing": "easeInOutSine"
						},
						"1.5": {
							"vector": ["-10.4365+math.cos(query.anim_time*200 + 50)*2", 3, 7],
							"easing": "easeInOutQuad"
						},
						"2.625": {
							"vector": ["-10.4365+math.cos(query.anim_time*200 + 50)*2", 3, 7],
							"easing": "easeInOutQuad"
						},
						"3.375": {
							"vector": ["-10+math.cos(query.anim_time*200 + 50)*2", 0, 0],
							"easing": "easeInOutSine"
						},
						"4.375": {
							"vector": ["-10+math.cos(query.anim_time*200 + 50)*2", 0, 0]
						},
						"5.0833": {
							"vector": ["-10+math.cos(query.anim_time*200 + 50)*2", -5, -8],
							"easing": "easeInOutQuad"
						},
						"5.5833": {
							"vector": ["-10+math.cos(query.anim_time*200 + 50)*2", -5, -8],
							"easing": "easeInOutQuad"
						},
						"6.3333": {
							"vector": ["-9+math.cos(query.anim_time*200 + 50)*2", -7, -10],
							"easing": "easeInOutSine"
						},
						"7.0": {
							"vector": ["-9+math.cos(query.anim_time*200 + 50)*2", -7, -10],
							"easing": "easeInOutSine"
						},
						"7.7917": {
							"vector": ["-10+math.cos(query.anim_time*200 + 50)*2", 0, 0],
							"easing": "easeInOutSine"
						}
					}
				},
				"head": {
					"rotation": {
						"0.0": {
							"vector": ["17.5+math.cos(query.anim_time*200 + 100)*-2", 0, 0]
						},
						"0.5": {
							"vector": ["16.2302+math.cos(query.anim_time*200 + 100)*-2", 18.47564, -7.7958],
							"easing": "easeOutQuad"
						},
						"0.9167": {
							"vector": ["16.2302+math.cos(query.anim_time*200 + 100)*-2", 18.47564, -7.7958],
							"easing": "easeOutQuart"
						},
						"1.5": {
							"vector": ["31.8473+math.cos(query.anim_time*200 + 100)*-2", 9.16613, 21.36367],
							"easing": "easeInOutCubic"
						},
						"2.0": {
							"vector": ["31.9327+math.cos(query.anim_time*200 + 100)*-2", -3.22674, 23.00212],
							"easing": "easeInOutSine"
						},
						"2.625": {
							"vector": ["31.9327+math.cos(query.anim_time*200 + 100)*-2", -3.22674, 23.00212],
							"easing": "easeInOutCubic"
						},
						"3.375": {
							"vector": ["17.5+math.cos(query.anim_time*200 + 100)*-2", 0, 0],
							"easing": "easeInOutSine"
						},
						"4.5": {
							"vector": ["17.5+math.cos(query.anim_time*200 + 100)*-2", 0, 0]
						},
						"5.2083": {
							"vector": ["4+math.cos(query.anim_time*200 + 100)*-2", -7, -16],
							"easing": "easeInOutSine"
						},
						"5.7917": {
							"vector": ["4+math.cos(query.anim_time*200 + 100)*-2", -7, -16],
							"easing": "easeInOutSine"
						},
						"6.4583": {
							"vector": ["5.5+math.cos(query.anim_time*200 + 50)*2", -15, -18],
							"easing": "easeInOutQuad"
						},
						"7.1667": {
							"vector": ["5.5+math.cos(query.anim_time*200 + 50)*2", -15, -18],
							"easing": "easeInOutQuad"
						},
						"8.125": {
							"vector": ["17.5+math.cos(query.anim_time*200 + 100)*-2", 0, 0],
							"easing": "easeInOutCubic"
						}
					}
				},
				"Jaw": {
					"rotation": {
						"0.0": {
							"vector": ["8+math.sin(query.anim_time*200)*2", 0, 0]
						},
						"0.2917": {
							"vector": [17.4, 0, 0],
							"easing": "easeInSine"
						},
						"0.5417": {
							"vector": [5.98, 0, 0]
						},
						"1.25": {
							"vector": ["8+math.sin(query.anim_time*200)*2", 0, 0]
						},
						"3.7917": {
							"vector": ["8+math.sin(query.anim_time*200)*2", 0, 0]
						},
						"4.4167": {
							"vector": ["8+math.sin(query.anim_time*200)*2", 0, 0]
						},
						"4.7083": {
							"vector": ["18+math.sin(query.anim_time*200)*2", 0, 0],
							"easing": "easeInSine"
						},
						"5.0": {
							"vector": ["8+math.sin(query.anim_time*200)*2", 0, 0]
						}
					}
				},
				"leftWingArm": {
					"rotation": {
						"vector": [-22.39859, 0.45881, 49.70235]
					}
				},
				"leftWingMemHalf": {
					"rotation": {
						"vector": [0, "math.sin(query.anim_time*200 - 100)*-4", 0]
					}
				},
				"rightWingMemHalf": {
					"rotation": {
						"vector": [0, "math.sin(query.anim_time*200 - 100)*4", 0]
					}
				},
				"leftWingFArm": {
					"rotation": {
						"vector": [-0.84661, 14.47596, -23.0543]
					}
				},
				"rightWingFArm": {
					"rotation": {
						"vector": [-0.84661, -14.47596, 23.0543]
					}
				},
				"Chain1b": {
					"rotation": {
						"vector": [0, 0, 0]
					}
				},
				"Chain2": {
					"rotation": {
						"vector": ["math.sin(query.anim_time*200+25)*7", 0, 0]
					}
				},
				"Chain1b2": {
					"rotation": {
						"vector": [0, 0, 0]
					}
				},
				"rightWingArm": {
					"rotation": {
						"vector": [-22.39859, -0.45881, -49.70235]
					}
				},
				"leftShin": {
					"rotation": {
						"vector": [22.5, 0, 0]
					}
				},
				"leftFeet": {
					"rotation": {
						"vector": [-2.5, 0, -5]
					}
				},
				"leftFeet2": {
					"rotation": {
						"vector": [70, 0, 0]
					}
				},
				"leftClaw3": {
					"rotation": {
						"vector": [2.5, 0, 0]
					}
				},
				"rightThigh": {
					"rotation": {
						"vector": [-61.5, 5, 0]
					},
					"position": {
						"vector": [0, "math.sin(query.anim_time * 200) * -0.3", 0]
					}
				},
				"rightShin": {
					"rotation": {
						"vector": [22.5, 0, 0]
					}
				},
				"rightFeet3": {
					"rotation": {
						"vector": [-5, 0, 2.5]
					}
				},
				"rightFeet4": {
					"rotation": {
						"vector": [67.5, 0, 0]
					}
				},
				"Leftpupil": {
					"position": {
						"0.0": {
							"vector": [0, 0.425, -0.2]
						},
						"0.1667": {
							"vector": [0, 0.425, -0.2]
						},
						"0.4167": {
							"vector": [0, 0.425, -0.2]
						},
						"0.6667": {
							"vector": [0, 0.43, -0.6],
							"easing": "easeInOutCubic"
						},
						"1.4167": {
							"vector": [0, 0.43, -0.6],
							"easing": "easeInOutQuint"
						},
						"2.5": {
							"vector": [0, 0.43, -0.4],
							"easing": "easeInOutCubic"
						},
						"3.5833": {
							"vector": [0, 0.425, -0.2],
							"easing": "easeInOutSine"
						},
						"4.4167": {
							"vector": [0, 0.425, -0.2],
							"easing": "easeInOutSine"
						},
						"5.2917": {
							"vector": [0, 0.43, 0.5],
							"easing": "easeInOutQuad"
						},
						"6.4583": {
							"vector": [0, 0.43, 0.1]
						},
						"7.1667": {
							"vector": [0, 0.425, -0.8],
							"easing": "easeInOutQuart"
						},
						"8.4167": {
							"vector": [0, 0.425, -0.2],
							"easing": "easeInOutQuint"
						}
					},
					"scale": {
						"0.0": {
							"vector": [1, 0.27, 0.3]
						},
						"0.1667": {
							"vector": [1, 0.27, 0.3]
						},
						"0.4167": {
							"vector": [1, 0.39, 0.36]
						},
						"1.4167": {
							"vector": [1, 0.27, 0.6],
							"easing": "easeInOutQuad"
						},
						"2.5": {
							"vector": [1, 0.27, 0.6],
							"easing": "easeInOutCubic"
						},
						"3.5833": {
							"vector": [1, 0.27, 0.3],
							"easing": "easeInOutSine"
						},
						"4.4167": {
							"vector": [1, 0.27, 0.3],
							"easing": "easeInOutSine"
						},
						"7.1667": {
							"vector": [1, 0.27, 0.3],
							"easing": "easeInOutQuart"
						},
						"8.4167": {
							"vector": [1, 0.27, 0.3],
							"easing": "easeInOutQuint"
						}
					}
				},
				"Leftlidtop": {
					"rotation": {
						"0.0": {
							"vector": [2.97956, -0.79457, 0.84812]
						},
						"0.3333": {
							"vector": [0, 0, 0],
							"easing": "easeInOutCubic"
						},
						"0.7083": {
							"vector": [2.97956, -0.79457, 0.84812]
						}
					},
					"position": {
						"0.0": {
							"vector": [-0.65, 0.075, -0.5]
						},
						"0.3333": {
							"vector": [-0.65, 0, -0.5],
							"easing": "easeInOutCubic"
						},
						"0.7083": {
							"vector": [-0.65, 0.075, -0.5]
						}
					},
					"scale": {
						"0.0": {
							"vector": [1, 0.21, 1.04]
						},
						"0.3333": {
							"vector": [1, 0.71, 1.01],
							"easing": "easeInOutCubic"
						},
						"0.7083": {
							"vector": [1, 0.21, 1.04]
						}
					}
				},
				"tongue": {
					"rotation": {
						"vector": [0, 0, 0]
					},
					"position": {
						"vector": [0, 0, 0]
					},
					"scale": {
						"vector": [1, 1, 1]
					}
				},
				"mid": {
					"rotation": {
						"vector": [0, 0, 0]
					},
					"position": {
						"vector": [0, 0, 0]
					},
					"scale": {
						"vector": [1, 1, 1]
					}
				},
				"small": {
					"rotation": {
						"vector": [0, 0, 0]
					},
					"position": {
						"vector": [0, 0, 0]
					},
					"scale": {
						"vector": [1, 1, 1]
					}
				},
				"Rightpupil": {
					"position": {
						"0.0": {
							"vector": [0, 0.425, -0.2]
						},
						"0.1667": {
							"vector": [0, 0.425, -0.2]
						},
						"0.4167": {
							"vector": [0, 0.425, -0.2]
						},
						"0.6667": {
							"vector": [0, 0.43, 0],
							"easing": "easeInOutCubic"
						},
						"1.4167": {
							"vector": [0, 0.43, -0.2],
							"easing": "easeInOutQuint"
						},
						"2.5": {
							"vector": [0, 0.43, -0.4],
							"easing": "easeInOutCubic"
						},
						"3.5833": {
							"vector": [0, 0.425, -0.2],
							"easing": "easeInOutSine"
						},
						"4.4167": {
							"vector": [0, 0.425, -0.2],
							"easing": "easeInOutSine"
						},
						"5.2917": {
							"vector": [0, 0.43, -0.7],
							"easing": "easeInOutQuad"
						},
						"6.4583": {
							"vector": [0, 0.43, -0.5],
							"easing": "easeInOutQuart"
						},
						"7.1667": {
							"vector": [0, 0.425, 0.5],
							"easing": "easeInOutQuart"
						},
						"8.4167": {
							"vector": [0, 0.425, -0.2],
							"easing": "easeInOutQuint"
						}
					},
					"scale": {
						"0.0": {
							"vector": [1, 0.27, 0.3]
						},
						"0.1667": {
							"vector": [1, 0.27, 0.3]
						},
						"0.4167": {
							"vector": [1, 0.39, 0.36]
						},
						"1.4167": {
							"vector": [1, 0.27, 0.6],
							"easing": "easeInOutQuad"
						},
						"2.5": {
							"vector": [1, 0.27, 0.6],
							"easing": "easeInOutCubic"
						},
						"3.5833": {
							"vector": [1, 0.27, 0.3],
							"easing": "easeInOutSine"
						},
						"4.4167": {
							"vector": [1, 0.27, 0.3],
							"easing": "easeInOutSine"
						},
						"7.1667": {
							"vector": [1, 0.27, 0.3],
							"easing": "easeInOutQuart"
						},
						"8.4167": {
							"vector": [1, 0.27, 0.3],
							"easing": "easeInOutQuint"
						}
					}
				},
				"Leftlidbottom": {
					"rotation": {
						"0.0": {
							"vector": [2.97956, -0.79457, 0.84812]
						},
						"0.3333": {
							"vector": [0, 0, 0],
							"easing": "easeInOutCubic"
						},
						"0.7083": {
							"vector": [2.97956, -0.79457, 0.84812]
						}
					},
					"position": {
						"0.0": {
							"vector": [-0.65, -0.125, -0.5]
						},
						"0.3333": {
							"vector": [-0.65, -0.125, -0.5]
						},
						"0.7083": {
							"vector": [-0.65, -0.125, -0.5]
						}
					},
					"scale": {
						"0.0": {
							"vector": [1, 0.21, 1.04]
						},
						"0.3333": {
							"vector": [1, 0.41, 1.01],
							"easing": "easeInOutCubic"
						},
						"0.7083": {
							"vector": [1, 0.21, 1.04]
						}
					}
				},
				"Rightlidtop": {
					"rotation": {
						"0.0": {
							"vector": [2.97956, 0.79457, -0.84812]
						},
						"0.3333": {
							"vector": [0, 0, 0],
							"easing": "easeInOutCubic"
						},
						"0.7083": {
							"vector": [2.97956, 0.79457, -0.84812]
						}
					},
					"position": {
						"0.0": {
							"vector": [0.65, 0.075, -0.5]
						},
						"0.3333": {
							"vector": [0.65, 0, -0.5],
							"easing": "easeInOutCubic"
						},
						"0.7083": {
							"vector": [0.65, 0.075, -0.5]
						}
					},
					"scale": {
						"0.0": {
							"vector": [1, 0.21, 1.04]
						},
						"0.3333": {
							"vector": [1, 0.71, 1.01],
							"easing": "easeInOutCubic"
						},
						"0.7083": {
							"vector": [1, 0.21, 1.04]
						}
					}
				},
				"Rightlidbottom": {
					"rotation": {
						"0.0": {
							"vector": [2.97956, 0.79457, -0.84812]
						},
						"0.3333": {
							"vector": [0, 0, 0],
							"easing": "easeInOutCubic"
						},
						"0.7083": {
							"vector": [2.97956, 0.79457, -0.84812]
						}
					},
					"position": {
						"0.0": {
							"vector": [0.65, -0.125, -0.5]
						},
						"0.3333": {
							"vector": [0.65, -0.125, -0.5]
						},
						"0.7083": {
							"vector": [0.65, -0.125, -0.5]
						}
					},
					"scale": {
						"0.0": {
							"vector": [1, 0.21, 1.04]
						},
						"0.3333": {
							"vector": [1, 0.41, 1.01],
							"easing": "easeInOutCubic"
						},
						"0.7083": {
							"vector": [1, 0.21, 1.04]
						}
					}
				}
			}
		},
		"stinger.jump": {
			"loop": true,
			"animation_length": 3.5833,
			"bones": {
				"leftWingArm": {
					"rotation": {
						"vector": [0, 15, "-40+Math.sin(query.anim_time * 1000)*-40"]
					}
				},
				"rightWingArm": {
					"rotation": {
						"vector": [0, -15, "40+Math.sin(query.anim_time * 1000)*40"]
					}
				},
				"leftThigh": {
					"rotation": {
						"vector": ["-16.6901+Math.sin(query.anim_time * 500 - 50) * 2", -14.38628, 8.97449]
					}
				},
				"rightThigh": {
					"rotation": {
						"vector": ["-16.6901+Math.sin(query.anim_time * 500 - 50) * 2", 14.38628, -8.97449]
					}
				},
				"Tail1": {
					"rotation": {
						"vector": ["-3.5+math.sin(query.anim_time*500 - 50)*2 ", "Math.sin(query.anim_time * 500) * 2", 0]
					}
				},
				"Body": {
					"rotation": {
						"vector": ["-40+Math.sin(query.anim_time * 500) * 1", 0, 0]
					},
					"position": {
						"vector": [0, "-7+Math.sin(query.anim_time * 500)*0.7", 0]
					}
				},
				"Chest1": {
					"rotation": {
						"vector": [20, 0, 0]
					}
				},
				"Neck1": {
					"rotation": {
						"vector": ["12.5+math.sin(query.anim_time*500 + 50)*1", 0, 0]
					}
				},
				"Chain1": {
					"rotation": {
						"vector": ["13.1605+math.sin(query.anim_time*600 - 100)* 5", "-21.9346+math.sin(query.anim_time*600)*3", 24.60388]
					}
				},
				"Chain2": {
					"rotation": {
						"vector": ["18.9123+math.sin(query.anim_time*600 - 150)*15", -3.75444, "32.3061-math.sin(query.anim_time*600 - 100)*-6"]
					}
				},
				"Neck2": {
					"rotation": {
						"vector": ["17.5+math.sin(query.anim_time*500 + 100)*2", 0, 0]
					}
				},
				"head": {
					"rotation": {
						"vector": ["-10+math.sin(query.anim_time*500 + 300)*2", 0, 0]
					}
				},
				"Jaw": {
					"rotation": {
						"vector": ["42.5+Math.sin(query.anim_time * 600 - 50) * 2", 0, 0]
					}
				},
				"leftWingMemHalf": {
					"rotation": {
						"vector": [0, "Math.sin(query.anim_time * 1000 - 100) * -40", 0]
					}
				},
				"rightWingMemHalf": {
					"rotation": {
						"vector": [0, "Math.sin(query.anim_time * 1000 - 100) * 40", 0]
					}
				},
				"Tail2": {
					"rotation": {
						"vector": ["22.5+math.sin(query.anim_time*500 - 100)*2.5", 0, "Math.sin(query.anim_time * 500 - 20) * -2"]
					}
				},
				"Tail3": {
					"rotation": {
						"vector": ["27.5+math.sin(query.anim_time*500 - 150)*4", 0, "Math.sin(query.anim_time * 500 - 40) * -3"]
					}
				},
				"Tail4": {
					"rotation": {
						"vector": ["35+math.sin(query.anim_time*500 - 200)*6", 0, "Math.sin(query.anim_time * 500 - 60) * -6"]
					}
				},
				"leftShin": {
					"rotation": {
						"vector": [2.5, 0, 0]
					}
				},
				"leftFeet": {
					"rotation": {
						"vector": [-62.93659, 6.73717, -7.40702]
					}
				},
				"leftFeet2": {
					"rotation": {
						"vector": [100, 0, 0]
					}
				},
				"rightShin": {
					"rotation": {
						"vector": [2.5, 0, 0]
					}
				},
				"rightFeet3": {
					"rotation": {
						"vector": [-60.43855, -7.05302, 7.10708]
					}
				},
				"rightFeet4": {
					"rotation": {
						"vector": [97.5, 0, 0]
					}
				},
				"Leftpupil": {
					"position": {
						"0.0": {
							"vector": [0, 0.425, -0.2]
						},
						"0.1667": {
							"vector": [0, 0.425, -0.2]
						},
						"0.4167": {
							"vector": [0, 0.55, 0.2]
						},
						"0.6667": {
							"vector": [0, 0.425, -0.2]
						}
					},
					"scale": {
						"0.0": {
							"vector": [1, 0.27, 0.3]
						},
						"0.1667": {
							"vector": [1, 0.27, 0.3]
						},
						"0.4167": {
							"vector": [1, 0.39, 0.36]
						},
						"0.6667": {
							"vector": [1, 0.27, 0.3]
						}
					}
				},
				"Leftlidtop": {
					"rotation": {
						"0.0": {
							"vector": [2.97956, -0.79457, 0.84812]
						},
						"0.3333": {
							"vector": [0, 0, 0],
							"easing": "easeInOutCubic"
						},
						"0.7083": {
							"vector": [2.97956, -0.79457, 0.84812]
						}
					},
					"position": {
						"0.0": {
							"vector": [-0.65, 0.075, -0.5]
						},
						"0.3333": {
							"vector": [-0.65, 0, -0.5],
							"easing": "easeInOutCubic"
						},
						"0.7083": {
							"vector": [-0.65, 0.075, -0.5]
						}
					},
					"scale": {
						"0.0": {
							"vector": [1, 0.21, 1.04]
						},
						"0.3333": {
							"vector": [1, 0.71, 1.01],
							"easing": "easeInOutCubic"
						},
						"0.7083": {
							"vector": [1, 0.21, 1.04]
						}
					}
				},
				"tongue": {
					"rotation": {
						"vector": ["-5+Math.sin(query.anim_time * 600 - 100) * 1", "-22.5+Math.sin(query.anim_time * 300 - 100) * 1", 0]
					},
					"position": {
						"vector": [0.6, 0, -2.8]
					}
				},
				"mid": {
					"rotation": {
						"vector": [
							"7.5+Math.sin(query.anim_time * 600 - 150) * 3",
							"-15+Math.sin(query.anim_time * 600 - 150) * 5",
							"0+Math.sin(query.anim_time * 300 - 150) * -3"
						]
					},
					"position": {
						"vector": [0, 0, 0]
					},
					"scale": {
						"vector": [1, 1, 1.6]
					}
				},
				"small": {
					"rotation": {
						"vector": [
							"7+Math.sin(query.anim_time * 600 - 200) * 3",
							"-12+Math.sin(query.anim_time * 600 - 200) * 5",
							"+Math.sin(query.anim_time * 300 - 200) * -3"
						]
					},
					"position": {
						"vector": [0, -0.1, -0.4]
					}
				},
				"Rightpupil": {
					"position": {
						"0.0": {
							"vector": [0, 0.425, -0.2]
						},
						"0.1667": {
							"vector": [0, 0.425, -0.2]
						},
						"0.4167": {
							"vector": [0, 0.55, 0.2]
						},
						"0.6667": {
							"vector": [0, 0.425, -0.2]
						}
					},
					"scale": {
						"0.0": {
							"vector": [1, 0.27, 0.3]
						},
						"0.1667": {
							"vector": [1, 0.27, 0.3]
						},
						"0.4167": {
							"vector": [1, 0.39, 0.36]
						},
						"0.6667": {
							"vector": [1, 0.27, 0.3]
						}
					}
				},
				"rightWingFArm": {
					"rotation": {
						"vector": [0, 0, 0]
					}
				},
				"Leftlidbottom": {
					"rotation": {
						"0.0": {
							"vector": [2.97956, -0.79457, 0.84812]
						},
						"0.3333": {
							"vector": [0, 0, 0],
							"easing": "easeInOutCubic"
						},
						"0.7083": {
							"vector": [2.97956, -0.79457, 0.84812]
						}
					},
					"position": {
						"0.0": {
							"vector": [-0.65, -0.125, -0.5]
						},
						"0.3333": {
							"vector": [-0.65, -0.125, -0.5]
						},
						"0.7083": {
							"vector": [-0.65, -0.125, -0.5]
						}
					},
					"scale": {
						"0.0": {
							"vector": [1, 0.21, 1.04]
						},
						"0.3333": {
							"vector": [1, 0.41, 1.01],
							"easing": "easeInOutCubic"
						},
						"0.7083": {
							"vector": [1, 0.21, 1.04]
						}
					}
				},
				"Rightlidtop": {
					"rotation": {
						"0.0": {
							"vector": [2.97956, 0.79457, -0.84812]
						},
						"0.3333": {
							"vector": [0, 0, 0],
							"easing": "easeInOutCubic"
						},
						"0.7083": {
							"vector": [2.97956, 0.79457, -0.84812]
						}
					},
					"position": {
						"0.0": {
							"vector": [0.65, 0.075, -0.5]
						},
						"0.3333": {
							"vector": [0.65, 0, -0.5],
							"easing": "easeInOutCubic"
						},
						"0.7083": {
							"vector": [0.65, 0.075, -0.5]
						}
					},
					"scale": {
						"0.0": {
							"vector": [1, 0.21, 1.04]
						},
						"0.3333": {
							"vector": [1, 0.71, 1.01],
							"easing": "easeInOutCubic"
						},
						"0.7083": {
							"vector": [1, 0.21, 1.04]
						}
					}
				},
				"Rightlidbottom": {
					"rotation": {
						"0.0": {
							"vector": [2.97956, 0.79457, -0.84812]
						},
						"0.3333": {
							"vector": [0, 0, 0],
							"easing": "easeInOutCubic"
						},
						"0.7083": {
							"vector": [2.97956, 0.79457, -0.84812]
						}
					},
					"position": {
						"0.0": {
							"vector": [0.65, -0.125, -0.5]
						},
						"0.3333": {
							"vector": [0.65, -0.125, -0.5]
						},
						"0.7083": {
							"vector": [0.65, -0.125, -0.5]
						}
					},
					"scale": {
						"0.0": {
							"vector": [1, 0.21, 1.04]
						},
						"0.3333": {
							"vector": [1, 0.41, 1.01],
							"easing": "easeInOutCubic"
						},
						"0.7083": {
							"vector": [1, 0.21, 1.04]
						}
					}
				}
			}
		},
		"stinger.bite": {
			"loop": true,
			"animation_length": 0.6667,
			"bones": {
				"Chest1": {
					"rotation": {
						"0.0": {
							"vector": [0, 0, 0]
						},
						"0.125": {
							"vector": [-7.5, 0, 0]
						},
						"0.25": {
							"vector": [27.88, 0, 0]
						},
						"0.6667": {
							"vector": [0, 0, 0]
						}
					}
				},
				"Neck1": {
					"rotation": {
						"0.0": {
							"vector": [0, 0, 0]
						},
						"0.2083": {
							"vector": [-17.5, 0, 0]
						},
						"0.3333": {
							"vector": [6.73, 7.5, -10]
						},
						"0.6667": {
							"vector": [0, 0, 0]
						}
					}
				},
				"Chain1": {
					"rotation": {
						"vector": ["math.sin(query.anim_time * 550 - 70) * -20", 0, "math.sin(query.anim_time * 550) * 30"]
					}
				},
				"Chain2": {
					"rotation": {
						"vector": ["math.sin(query.anim_time * 550 - 200) * 30", 0, 0]
					}
				},
				"Neck2": {
					"rotation": {
						"0.0": {
							"vector": [0, 0, 0]
						},
						"0.2083": {
							"vector": [-2.5, 0, 0]
						},
						"0.3333": {
							"vector": [0.96, 0, -10]
						},
						"0.6667": {
							"vector": [0, 0, 0]
						}
					}
				},
				"head": {
					"rotation": {
						"0.0": {
							"vector": [0, 0, 0]
						},
						"0.2083": {
							"vector": [21.45165, 19.03771, -6.24605]
						},
						"0.3333": {
							"vector": [-51.04228, -0.48598, -24.99558]
						},
						"0.6667": {
							"vector": [0, 0, 0]
						}
					}
				},
				"Jaw": {
					"rotation": {
						"0.0": {
							"vector": [0, 0, 0]
						},
						"0.1667": {
							"vector": [85, 0, 0]
						},
						"0.2917": {
							"vector": [85, 0, 0]
						},
						"0.4167": {
							"vector": [0, 0, 0]
						},
						"0.6667": {
							"vector": [0, 0, 0]
						}
					}
				},
				"leftWingArm": {
					"rotation": {
						"vector": ["math.sin(query.anim_time * 550 + 150) * 30", 0, "math.sin(query.anim_time * 550 - 70) * -20"]
					}
				},
				"leftWingMemHalf": {
					"rotation": {
						"vector": [0, "math.sin(query.anim_time * 550 - 150) * -40", 0]
					}
				},
				"rightWingArm": {
					"rotation": {
						"vector": ["math.sin(query.anim_time * 550 + 150) * 30", 0, "math.sin(query.anim_time * 550 - 70) * 20"]
					}
				},
				"rightWingMemHalf": {
					"rotation": {
						"vector": [0, "math.sin(query.anim_time * 550 - 150) * 40", 0]
					}
				},
				"Leftpupil": {
					"rotation": {
						"0.0": {
							"vector": [0, 0, 0]
						},
						"0.125": {
							"vector": [0, 0, 0]
						},
						"0.5": {
							"vector": [0, 0, 0]
						},
						"0.6667": {
							"vector": [0, 0, 0]
						}
					},
					"position": {
						"0.0": {
							"vector": [0, 0.55, 0.2]
						},
						"0.125": {
							"vector": [0, 0.45, 0.2]
						},
						"0.5": {
							"vector": [0, 0.45, 0.2]
						},
						"0.6667": {
							"vector": [0, 0.55, 0.2]
						}
					},
					"scale": {
						"0.0": {
							"vector": [1, 0.24, 0.22]
						},
						"0.125": {
							"vector": [1, 0.39, 0.06]
						},
						"0.5": {
							"vector": [1, 0.39, 0.06]
						},
						"0.6667": {
							"vector": [1, 0.24, 0.22]
						}
					}
				},
				"Leftlidtop": {
					"rotation": {
						"0.0": {
							"vector": [2.97956, -0.79457, 0.84812]
						},
						"0.125": {
							"vector": [7.5, 0, 0]
						},
						"0.5": {
							"vector": [7.5, 0, 0]
						},
						"0.6667": {
							"vector": [2.97956, -0.79457, 0.84812]
						}
					},
					"position": {
						"0.0": {
							"vector": [-0.65, 0.075, -0.5]
						},
						"0.125": {
							"vector": [-0.65, 0.2, -0.55]
						},
						"0.5": {
							"vector": [-0.65, 0.2, -0.55]
						},
						"0.6667": {
							"vector": [-0.65, 0.075, -0.5]
						}
					},
					"scale": {
						"0.0": {
							"vector": [1, 0.21, 1.04]
						},
						"0.125": {
							"vector": [1, 0.41, 1.06]
						},
						"0.5": {
							"vector": [1, 0.41, 1.06]
						},
						"0.6667": {
							"vector": [1, 0.21, 1.04]
						}
					}
				},
				"Rightpupil": {
					"rotation": {
						"0.0": {
							"vector": [0, 0, 0]
						},
						"0.125": {
							"vector": [0, 0, 0]
						},
						"0.5": {
							"vector": [0, 0, 0]
						},
						"0.6667": {
							"vector": [0, 0, 0]
						}
					},
					"position": {
						"0.0": {
							"vector": [0, 0.55, 0.2]
						},
						"0.125": {
							"vector": [0, 0.45, 0.2]
						},
						"0.5": {
							"vector": [0, 0.45, 0.2]
						},
						"0.6667": {
							"vector": [0, 0.55, 0.2]
						}
					},
					"scale": {
						"0.0": {
							"vector": [1, 0.24, 0.22]
						},
						"0.125": {
							"vector": [1, 0.39, 0.06]
						},
						"0.5": {
							"vector": [1, 0.39, 0.06]
						},
						"0.6667": {
							"vector": [1, 0.24, 0.22]
						}
					}
				},
				"Leftlidbottom": {
					"rotation": {
						"0.0": {
							"vector": [2.97956, -0.79457, 0.84812]
						},
						"0.125": {
							"vector": [0, 0, 0]
						},
						"0.5": {
							"vector": [0, 0, 0]
						},
						"0.6667": {
							"vector": [2.97956, -0.79457, 0.84812]
						}
					},
					"position": {
						"0.0": {
							"vector": [-0.65, -0.125, -0.5]
						},
						"0.125": {
							"vector": [-0.65, -0.1, -0.5]
						},
						"0.5": {
							"vector": [-0.65, -0.1, -0.5]
						},
						"0.6667": {
							"vector": [-0.65, -0.125, -0.5]
						}
					},
					"scale": {
						"0.0": {
							"vector": [1, 0.21, 1.04]
						},
						"0.125": {
							"vector": [1, 0.45, 1.01]
						},
						"0.5": {
							"vector": [1, 0.45, 1.01]
						},
						"0.6667": {
							"vector": [1, 0.21, 1.04]
						}
					}
				},
				"Rightlidtop": {
					"rotation": {
						"0.0": {
							"vector": [2.97956, 0.79457, -0.84812]
						},
						"0.125": {
							"vector": [7.5, 0, 0]
						},
						"0.5": {
							"vector": [7.5, 0, 0]
						},
						"0.6667": {
							"vector": [2.97956, 0.79457, -0.84812]
						}
					},
					"position": {
						"0.0": {
							"vector": [0.65, 0.075, -0.5]
						},
						"0.125": {
							"vector": [0.65, 0.2, -0.55]
						},
						"0.5": {
							"vector": [0.65, 0.2, -0.55]
						},
						"0.6667": {
							"vector": [0.65, 0.075, -0.5]
						}
					},
					"scale": {
						"0.0": {
							"vector": [1, 0.21, 1.04]
						},
						"0.125": {
							"vector": [1, 0.41, 1.06]
						},
						"0.5": {
							"vector": [1, 0.41, 1.06]
						},
						"0.6667": {
							"vector": [1, 0.21, 1.04]
						}
					}
				},
				"Rightlidbottom": {
					"rotation": {
						"0.0": {
							"vector": [2.97956, 0.79457, -0.84812]
						},
						"0.125": {
							"vector": [0, 0, 0]
						},
						"0.5": {
							"vector": [0, 0, 0]
						},
						"0.6667": {
							"vector": [2.97956, 0.79457, -0.84812]
						}
					},
					"position": {
						"0.0": {
							"vector": [0.65, -0.125, -0.5]
						},
						"0.125": {
							"vector": [0.65, -0.1, -0.5]
						},
						"0.5": {
							"vector": [0.65, -0.1, -0.5]
						},
						"0.6667": {
							"vector": [0.65, -0.125, -0.5]
						}
					},
					"scale": {
						"0.0": {
							"vector": [1, 0.21, 1.04]
						},
						"0.125": {
							"vector": [1, 0.45, 1.01]
						},
						"0.5": {
							"vector": [1, 0.45, 1.01]
						},
						"0.6667": {
							"vector": [1, 0.21, 1.04]
						}
					}
				}
			}
		},
		"stinger.sleep": {
			"loop": true,
			"animation_length": 1.8,
			"bones": {
				"Body": {
					"rotation": {
						"vector": [-15, 0, 0]
					},
					"position": {
						"vector": [0, "-25+math.sin(query.anim_time *200) * -0.4 ", 0]
					}
				},
				"Chest1": {
					"rotation": {
						"vector": [37.5, 0, 0]
					}
				},
				"Neck1": {
					"rotation": {
						"vector": ["15+math.sin(query.anim_time *200 + 50)", 0, 0]
					}
				},
				"Neck2": {
					"rotation": {
						"vector": [-7.5, -35, 0]
					}
				},
				"head": {
					"rotation": {
						"vector": ["-47.5+math.sin(query.anim_time *200 + 100) * 2", -30, 0]
					}
				},
				"Chain1": {
					"rotation": {
						"vector": [-45, 0, -105]
					}
				},
				"Chain2": {
					"rotation": {
						"vector": [37.5, 0, 15]
					}
				},
				"leftWingArm": {
					"rotation": {
						"vector": [0, 0, "-18.5+math.sin(query.anim_time *200 - 100) * 3"]
					}
				},
				"leftWingFArm": {
					"rotation": {
						"vector": [-5, 0, 0]
					}
				},
				"leftWingMemHalf": {
					"rotation": {
						"vector": [0, -35, 0]
					}
				},
				"rightWingArm": {
					"rotation": {
						"vector": [0, 0, "18.5+math.sin(query.anim_time *200 - 100) * -3"]
					}
				},
				"rightWingFArm": {
					"rotation": {
						"vector": [-30, 0, 0]
					}
				},
				"Tail1": {
					"rotation": {
						"vector": [-17.5, 0, 0]
					}
				},
				"Tail2": {
					"rotation": {
						"vector": [20, 22.5, -47.5]
					},
					"position": {
						"vector": [0, 0, "math.sin(query.anim_time *200) * 0.4 "]
					}
				},
				"Tail3": {
					"rotation": {
						"vector": [0, 0, "-27.5+math.sin(query.anim_time *200 - 50)"]
					}
				},
				"Tail4": {
					"rotation": {
						"vector": [12.5, 5, "-45+math.sin(query.anim_time *200 - 100) * 3"]
					}
				},
				"leftThigh": {
					"rotation": {
						"vector": [-72.5, -15, 0]
					},
					"position": {
						"vector": [0, "math.sin(query.anim_time *200) * 0.4 ", 0]
					}
				},
				"leftShin": {
					"rotation": {
						"vector": [22.5, 0, 0]
					}
				},
				"leftFeet2": {
					"rotation": {
						"vector": [65, 0, 0]
					}
				},
				"rightThigh": {
					"rotation": {
						"vector": [-72.5, 0, 0]
					},
					"position": {
						"vector": [0, "math.sin(query.anim_time *200) * 0.4 ", 0]
					}
				},
				"rightShin": {
					"rotation": {
						"vector": [22.5, 0, 0]
					}
				},
				"rightFeet4": {
					"rotation": {
						"vector": [65, 0, 0]
					}
				},
				"leftWF1": {
					"rotation": {
						"vector": [0, -10, 0]
					}
				},
				"Leftpupil": {
					"rotation": {
						"vector": [0, 0, 0]
					},
					"position": {
						"vector": [0, 0.45, 0.2]
					},
					"scale": {
						"vector": [1, 0.39, 0.26]
					}
				},
				"Leftlidtop": {
					"rotation": {
						"vector": [0, 0, 0]
					},
					"position": {
						"vector": [-0.65, 0, -0.5]
					},
					"scale": {
						"vector": [1, 0.61, 1.01]
					}
				},
				"Rightpupil": {
					"rotation": {
						"vector": [0, 0, 0]
					},
					"position": {
						"vector": [0, 0.45, 0.2]
					},
					"scale": {
						"vector": [1, 0.39, 0.26]
					}
				},
				"Leftlidbottom": {
					"rotation": {
						"vector": [0, 0, 0]
					},
					"position": {
						"vector": [-0.65, -0.1, -0.5]
					},
					"scale": {
						"vector": [1, 0.45, 1.01]
					}
				},
				"Rightlidtop": {
					"rotation": {
						"vector": [0, 0, 0]
					},
					"position": {
						"vector": [0.65, 0, -0.5]
					},
					"scale": {
						"vector": [1, 0.61, 1.01]
					}
				},
				"Rightlidbottom": {
					"rotation": {
						"vector": [0, 0, 0]
					},
					"position": {
						"vector": [0.65, -0.1, -0.5]
					},
					"scale": {
						"vector": [1, 0.45, 1.01]
					}
				}
			}
		},
		"stinger.ram": {
			"loop": true,
			"animation_length": 0.4583,
			"bones": {
				"head": {
					"rotation": {
						"vector": [30, 0, "math.sin(query.anim_time * 800) * 5"]
					}
				},
				"Chain1": {
					"rotation": {
						"vector": [-20, 0, "math.sin(query.anim_time * 800 - 200) * 20"]
					}
				},
				"Chest1": {
					"rotation": {
						"vector": [10, 0, 0]
					}
				},
				"Neck1": {
					"rotation": {
						"vector": [12.5, 0, "math.sin(query.anim_time * 800 - 100) * 5"]
					}
				},
				"Chain2": {
					"rotation": {
						"vector": [0, 0, "math.sin(query.anim_time * 800 - 300) * 30"]
					}
				},
				"Neck2": {
					"rotation": {
						"vector": [0, 0, "math.sin(query.anim_time * 800 - 50) * 5"]
					}
				},
				"Jaw": {
					"rotation": {
						"0.0": {
							"vector": [17.5, 0, 0]
						},
						"0.2083": {
							"vector": [7.5, 0, 0]
						},
						"0.4583": {
							"vector": [17.5, 0, 0]
						}
					}
				},
				"Leftpupil": {
					"rotation": {
						"vector": [0, 0, 0]
					},
					"position": {
						"vector": [0, 0.45, 0.2]
					},
					"scale": {
						"vector": [1, 0.39, 0.06]
					}
				},
				"Leftlidtop": {
					"rotation": {
						"vector": [7.5, 0, 0]
					},
					"position": {
						"vector": [-0.65, 0.2, -0.55]
					},
					"scale": {
						"vector": [1, 0.41, 1.06]
					}
				},
				"Rightpupil": {
					"rotation": {
						"vector": [0, 0, 0]
					},
					"position": {
						"vector": [0, 0.45, 0.2]
					},
					"scale": {
						"vector": [1, 0.39, 0.06]
					}
				},
				"Leftlidbottom": {
					"rotation": {
						"vector": [0, 0, 0]
					},
					"position": {
						"vector": [-0.65, -0.1, -0.5]
					},
					"scale": {
						"vector": [1, 0.35, 1.01]
					}
				},
				"Rightlidtop": {
					"rotation": {
						"vector": [7.5, 0, 0]
					},
					"position": {
						"vector": [0.65, 0.2, -0.55]
					},
					"scale": {
						"vector": [1, 0.41, 1.06]
					}
				},
				"Rightlidbottom": {
					"rotation": {
						"vector": [0, 0, 0]
					},
					"position": {
						"vector": [0.65, -0.1, -0.5]
					},
					"scale": {
						"vector": [1, 0.45, 1.01]
					}
				}
			}
		}
	},
	"geckolib_format_version": 2
}