{
  "type": "generic",
  "pools": [
    {
      "rolls": 1,
      "entries": [
        {
          "type": "item",
          "weight": 1,
          "name": "isleofberk:triple_stryke_egg",
          "functions": [
            {
              "function": "set_count",
              "count": 1
            },
            {
              "function": "set_nbt",
              "tag": "{VariantName:alpha_speed_stryke}"
            }
          ]
        },
        {
          "type": "item",
          "weight": 1,
          "name": "isleofberk:triple_stryke_egg",
          "functions": [
            {
              "function": "set_count",
              "count": 1
            },
            {
              "function": "set_nbt",
              "tag": "{VariantName:albino_alpha_speed_stryke}"
            }
          ]
        },
        {
          "type": "item",
          "weight": 1,
          "name": "isleofberk:triple_stryke_egg",
          "functions": [
            {
              "function": "set_count",
              "count": 1
            },
            {
              "function": "set_nbt",
              "tag": "{VariantName:melanistic_alpha_speed_stryke}"
            }
          ]
        }
      ]
    }
  ]
}
