{
  "type": "generic",
  "pools": [
    {
      "rolls": 1,
      "entries": [
        {
          "type": "item",
          "weight": 1,
          "name": "isleofberk:light_fury_egg",
          "functions": [
            {
              "function": "set_count",
              "count": 1
            },
            {
              "function": "set_nbt",
              "tag": "{VariantName:changewing}"
            }
          ]
        },
        {
          "type": "item",
          "weight": 1,
          "name": "isleofberk:light_fury_egg",
          "functions": [
            {
              "function": "set_count",
              "count": 1
            },
            {
              "function": "set_nbt",
              "tag": "{VariantName:albino_changewing}"
            }
          ]
        },
        {
          "type": "item",
          "weight": 1,
          "name": "isleofberk:light_fury_egg",
          "functions": [
            {
              "function": "set_count",
              "count": 1
            },
            {
              "function": "set_nbt",
              "tag": "{VariantName:bushstalker}"
            }
          ]
        },
        {
          "type": "item",
          "weight": 1,
          "name": "isleofberk:light_fury_egg",
          "functions": [
            {
              "function": "set_count",
              "count": 1
            },
            {
              "function": "set_nbt",
              "tag": "{VariantName:dawn}"
            }
          ]
        },
        {
          "type": "item",
          "weight": 1,
          "name": "isleofberk:light_fury_egg",
          "functions": [
            {
              "function": "set_count",
              "count": 1
            },
            {
              "function": "set_nbt",
              "tag": "{VariantName:icewing}"
            }
          ]
        },
        {
          "type": "item",
          "weight": 1,
          "name": "isleofberk:light_fury_egg",
          "functions": [
            {
              "function": "set_count",
              "count": 1
            },
            {
              "function": "set_nbt",
              "tag": "{VariantName:melanistic_changewing}"
            }
          ]
        },
        {
          "type": "item",
          "weight": 1,
          "name": "isleofberk:light_fury_egg",
          "functions": [
            {
              "function": "set_count",
              "count": 1
            },
            {
              "function": "set_nbt",
              "tag": "{VariantName:purple}"
            }
          ]
        },
        {
          "type": "item",
          "weight": 1,
          "name": "isleofberk:light_fury_egg",
          "functions": [
            {
              "function": "set_count",
              "count": 1
            },
            {
              "function": "set_nbt",
              "tag": "{VariantName:snuffnut}"
            }
          ]
        },
        {
          "type": "item",
          "weight": 1,
          "name": "isleofberk:light_fury_egg",
          "functions": [
            {
              "function": "set_count",
              "count": 1
            },
            {
              "function": "set_nbt",
              "tag": "{VariantName:twilight}"
            }
          ]
        },
        {
          "type": "item",
          "weight": 1,
          "name": "isleofberk:light_fury_egg",
          "functions": [
            {
              "function": "set_count",
              "count": 1
            },
            {
              "function": "set_nbt",
              "tag": "{VariantName:twister}"
            }
          ]
        }
      ]
    }
  ]
}
