{
  "type": "generic",
  "pools": [
    {
      "rolls": 1,
      "entries": [
        {
          "type": "item",
          "weight": 1,
          "name": "isleofberk:nadder_egg",
          "functions": [
            {
              "function": "set_count",
              "count": 1
            },
            {
              "function": "set_nbt",
              "tag": "{VariantName:deathly_galeslash}"
            }
          ]
        },
        {
          "type": "item",
          "weight": 1,
          "name": "isleofberk:nadder_egg",
          "functions": [
            {
              "function": "set_count",
              "count": 1
            },
            {
              "function": "set_nbt",
              "tag": "{VariantName:albino_galeslash}"
            }
          ]
        },
        {
          "type": "item",
          "weight": 1,
          "name": "isleofberk:nadder_egg",
          "functions": [
            {
              "function": "set_count",
              "count": 1
            },
            {
              "function": "set_nbt",
              "tag": "{VariantName:celestial_royalwing}"
            }
          ]
        },
        {
          "type": "item",
          "weight": 1,
          "name": "isleofberk:nadder_egg",
          "functions": [
            {
              "function": "set_count",
              "count": 1
            },
            {
              "function": "set_nbt",
              "tag": "{VariantName:chocolateicecream}"
            }
          ]
        },
        {
          "type": "item",
          "weight": 1,
          "name": "isleofberk:nadder_egg",
          "functions": [
            {
              "function": "set_count",
              "count": 1
            },
            {
              "function": "set_nbt",
              "tag": "{VariantName:fog_stalker}"
            }
          ]
        },
        {
          "type": "item",
          "weight": 1,
          "name": "isleofberk:nadder_egg",
          "functions": [
            {
              "function": "set_count",
              "count": 1
            },
            {
              "function": "set_nbt",
              "tag": "{VariantName:frigid_galeslash}"
            }
          ]
        },
        {
          "type": "item",
          "weight": 1,
          "name": "isleofberk:nadder_egg",
          "functions": [
            {
              "function": "set_count",
              "count": 1
            },
            {
              "function": "set_nbt",
              "tag": "{VariantName:melanistic_galeslash}"
            }
          ]
        },
        {
          "type": "item",
          "weight": 1,
          "name": "isleofberk:nadder_egg",
          "functions": [
            {
              "function": "set_count",
              "count": 1
            },
            {
              "function": "set_nbt",
              "tag": "{VariantName:mint_choco}"
            }
          ]
        },
        {
          "type": "item",
          "weight": 1,
          "name": "isleofberk:nadder_egg",
          "functions": [
            {
              "function": "set_count",
              "count": 1
            },
            {
              "function": "set_nbt",
              "tag": "{VariantName:strawberryicecream}"
            }
          ]
        },
        {
          "type": "item",
          "weight": 1,
          "name": "isleofberk:nadder_egg",
          "functions": [
            {
              "function": "set_count",
              "count": 1
            },
            {
              "function": "set_nbt",
              "tag": "{VariantName:vanilla}"
            }
          ]
        },
        {
          "type": "item",
          "weight": 1,
          "name": "isleofberk:nadder_egg",
          "functions": [
            {
              "function": "set_count",
              "count": 1
            },
            {
              "function": "set_nbt",
              "tag": "{VariantName:copsekeep}"
            }
          ]
        }
      ]
    }
  ]
}
