{
    "type": "generic",
    "pools": [
      {
        "rolls": 1,
        "entries": [
          {
            "type": "loot_table",
            "weight": 1,
            "name": "additions:smokebreath",
            "functions": [
              {
                "function": "set_count",
                "count": 1
              }
            ]
          },
          {
            "type": "loot_table",
            "weight": 1,
            "name": "additions:changewing",
            "functions": [
              {
                "function": "set_count",
                "count": 1
              }
            ]
          },
          {
            "type": "loot_table",
            "weight": 1,
            "name": "additions:boneknapper",
            "functions": [
              {
                "function": "set_count",
                "count": 1
              }
            ]
          },
          {
            "type": "loot_table",
            "weight": 1,
            "name": "additions:armorwing",
            "functions": [
              {
                "function": "set_count",
                "count": 1
              }
            ]
          },
          {
            "type": "loot_table",
            "weight": 1,
            "name": "additions:snaptrapper",
            "functions": [
              {
                "function": "set_count",
                "count": 1
              }
            ]
          },
          {
            "type": "loot_table",
            "weight": 1,
            "name": "additions:zippleback",
            "functions": [
              {
                "function": "set_count",
                "count": 1
              }
            ]
          },
          {
            "type": "loot_table",
            "weight": 1,
            "name": "additions:dramillion",
            "functions": [
              {
                "function": "set_count",
                "count": 1
              }
            ]
          },
          {
            "type": "loot_table",
            "weight": 1,
            "name": "additions:flightmare",
            "functions": [
              {
                "function": "set_count",
                "count": 1
              }
            ]
          }
        ]
      }
    ]
  }