{
  "type": "generic",
  "pools": [
    {
      "rolls": 1,
      "entries": [
        {
          "type": "item",
          "weight": 5,
          "name": "isleofberk:gronckle_egg",
          "functions": [
            {
              "function": "set_count",
              "count": 1
            },
            {
              "function": "set_nbt",
              "tag": "{VariantName:zogler}"
            }
          ]
        },
        {
          "type": "item",
          "weight": 5,
          "name": "isleofberk:monstrous_nightmare_egg",
          "functions": [
            {
              "function": "set_count",
              "count": 1
            },
            {
              "function": "set_nbt",
              "tag": "{VariantName:netherwing}"
            }
          ]
        },
        {
          "type": "item",
          "weight": 5,
          "name": "isleofberk:light_fury_egg",
          "functions": [
            {
              "function": "set_count",
              "count": 1
            },
            {
              "function": "set_nbt",
              "tag": "{VariantName:brimstone}"
            }
          ]
        },
        {
          "type": "item",
          "weight": 5,
          "name": "isleofberk:nadder_egg",
          "functions": [
            {
              "function": "set_count",
              "count": 1
            },
            {
              "function": "set_nbt",
              "tag": "{VariantName:hells_grave}"
            }
          ]
        },
        {
          "type": "item",
          "weight": 5,
          "name": "isleofberk:gronckle_egg",
          "functions": [
            {
              "function": "set_count",
              "count": 1
            },
            {
              "function": "set_nbt",
              "tag": "{VariantName:blistering_belcher}"
            }
          ]
        },
        {
          "type": "item",
          "weight": 5,
          "name": "isleofberk:nadder_egg",
          "functions": [
            {
              "function": "set_count",
              "count": 1
            },
            {
              "function": "set_nbt",
              "tag": "{VariantName:blazeboggle}"
            }
          ]
        },
        {
          "type": "item",
          "weight": 5,
          "name": "isleofberk:nadder_egg",
          "functions": [
            {
              "function": "set_count",
              "count": 1
            },
            {
              "function": "set_nbt",
              "tag": "{VariantName:crimson_slash}"
            }
          ]
        },
        {
          "type": "item",
          "weight": 5,
          "name": "isleofberk:nadder_egg",
          "functions": [
            {
              "function": "set_count",
              "count": 1
            },
            {
              "function": "set_nbt",
              "tag": "{VariantName:soul_screamer}"
            }
          ]
        },
        {
          "type": "item",
          "weight": 5,
          "name": "isleofberk:monstrous_nightmare_egg",
          "functions": [
            {
              "function": "set_count",
              "count": 1
            },
            {
              "function": "set_nbt",
              "tag": "{VariantName:hell_keeper}"
            }
          ]
        },
        {
          "type": "item",
          "weight": 5,
          "name": "isleofberk:monstrous_nightmare_egg",
          "functions": [
            {
              "function": "set_count",
              "count": 1
            },
            {
              "function": "set_nbt",
              "tag": "{VariantName:witherbone}"
            }
          ]
        },
        {
          "type": "item",
          "weight": 5,
          "name": "isleofberk:terrible_terror_egg",
          "functions": [
            {
              "function": "set_count",
              "count": 1
            },
            {
              "function": "set_nbt",
              "tag": "{VariantName:magmabreath}"
            }
          ]
        },
        {
          "type": "item",
          "weight": 5,
          "name": "isleofberk:monstrous_nightmare_egg",
          "functions": [
            {
              "function": "set_count",
              "count": 1
            },
            {
              "function": "set_nbt",
              "tag": "{VariantName:warpstorm}"
            }
          ]
        },
        {
          "type": "item",
          "weight": 5,
          "name": "isleofberk:skrill_egg",
          "functions": [
            {
              "function": "set_count",
              "count": 1
            },
            {
              "function": "set_nbt",
              "tag": "{VariantName:hellbone}"
            }
          ]
        },
        {
          "type": "item",
          "weight": 5,
          "name": "isleofberk:skrill_egg",
          "functions": [
            {
              "function": "set_count",
              "count": 1
            },
            {
              "function": "set_nbt",
              "tag": "{VariantName:soulknapper}"
            }
          ]
        }
      ]
    }
  ]
}
