{
  "type": "generic",
  "pools": [
    {
      "rolls": 1,
      "entries": [
        {
          "type": "item",
          "weight": 1,
          "name": "isleofberk:nadder_egg",
          "functions": [
            {
              "function": "set_count",
              "count": 1
            },
            {
              "function": "set_nbt",
              "tag": "{VariantName:razorwhip}"
            }
          ]
        },
        {
          "type": "item",
          "weight": 1,
          "name": "isleofberk:nadder_egg",
          "functions": [
            {
              "function": "set_count",
              "count": 1
            },
            {
              "function": "set_nbt",
              "tag": "{VariantName:albino_razorwhip}"
            }
          ]
        },
        {
          "type": "item",
          "weight": 1,
          "name": "isleofberk:nadder_egg",
          "functions": [
            {
              "function": "set_count",
              "count": 1
            },
            {
              "function": "set_nbt",
              "tag": "{VariantName:copperwhip}"
            }
          ]
        },
        {
          "type": "item",
          "weight": 1,
          "name": "isleofberk:nadder_egg",
          "functions": [
            {
              "function": "set_count",
              "count": 1
            },
            {
              "function": "set_nbt",
              "tag": "{VariantName:crimson_slash}"
            }
          ]
        },
        {
          "type": "item",
          "weight": 1,
          "name": "isleofberk:nadder_egg",
          "functions": [
            {
              "function": "set_count",
              "count": 1
            },
            {
              "function": "set_nbt",
              "tag": "{VariantName:diamondwhip}"
            }
          ]
        },
        {
          "type": "item",
          "weight": 1,
          "name": "isleofberk:nadder_egg",
          "functions": [
            {
              "function": "set_count",
              "count": 1
            },
            {
              "function": "set_nbt",
              "tag": "{VariantName:goldenwhip}"
            }
          ]
        },
        {
          "type": "item",
          "weight": 1,
          "name": "isleofberk:nadder_egg",
          "functions": [
            {
              "function": "set_count",
              "count": 1
            },
            {
              "function": "set_nbt",
              "tag": "{VariantName:jade_blade}"
            }
          ]
        },
        {
          "type": "item",
          "weight": 1,
          "name": "isleofberk:nadder_egg",
          "functions": [
            {
              "function": "set_count",
              "count": 1
            },
            {
              "function": "set_nbt",
              "tag": "{VariantName:melanistic_razorwhip}"
            }
          ]
        },
        {
          "type": "item",
          "weight": 1,
          "name": "isleofberk:nadder_egg",
          "functions": [
            {
              "function": "set_count",
              "count": 1
            },
            {
              "function": "set_nbt",
              "tag": "{VariantName:windshear}"
            }
          ]
        },
        {
          "type": "item",
          "weight": 1,
          "name": "isleofberk:nadder_egg",
          "functions": [
            {
              "function": "set_count",
              "count": 1
            },
            {
              "function": "set_nbt",
              "tag": "{VariantName:wingnutt}"
            }
          ]
        },
        {
          "type": "item",
          "weight": 1,
          "name": "isleofberk:nadder_egg",
          "functions": [
            {
              "function": "set_count",
              "count": 1
            },
            {
              "function": "set_nbt",
              "tag": "{VariantName:netherwhip}"
            }
          ]
        }
      ]
    }
  ]
}
