{
  "type": "generic",
  "pools": [
    {
      "rolls": 1,
      "entries": [
        {
          "type": "item",
          "weight": 1,
          "name": "isleofberk:monstrous_nightmare_egg",
          "functions": [
            {
              "function": "set_count",
              "count": 1
            },
            {
              "function": "set_nbt",
              "tag": "{VariantName:albino_sentinel}"
            }
          ]
        },
        {
          "type": "item",
          "weight": 1,
          "name": "isleofberk:monstrous_nightmare_egg",
          "functions": [
            {
              "function": "set_count",
              "count": 1
            },
            {
              "function": "set_nbt",
              "tag": "{VariantName:bizzaregoyle}"
            }
          ]
        },
        {
          "type": "item",
          "weight": 1,
          "name": "isleofberk:monstrous_nightmare_egg",
          "functions": [
            {
              "function": "set_count",
              "count": 1
            },
            {
              "function": "set_nbt",
              "tag": "{VariantName:clean_sentinel}"
            }
          ]
        },
        {
          "type": "item",
          "weight": 1,
          "name": "isleofberk:monstrous_nightmare_egg",
          "functions": [
            {
              "function": "set_count",
              "count": 1
            },
            {
              "function": "set_nbt",
              "tag": "{VariantName:diamond_sentinel}"
            }
          ]
        },
        {
          "type": "item",
          "weight": 1,
          "name": "isleofberk:monstrous_nightmare_egg",
          "functions": [
            {
              "function": "set_count",
              "count": 1
            },
            {
              "function": "set_nbt",
              "tag": "{VariantName:dreadel}"
            }
          ]
        },
        {
          "type": "item",
          "weight": 1,
          "name": "isleofberk:monstrous_nightmare_egg",
          "functions": [
            {
              "function": "set_count",
              "count": 1
            },
            {
              "function": "set_nbt",
              "tag": "{VariantName:glitzy_guardian}"
            }
          ]
        },
        {
          "type": "item",
          "weight": 1,
          "name": "isleofberk:monstrous_nightmare_egg",
          "functions": [
            {
              "function": "set_count",
              "count": 1
            },
            {
              "function": "set_nbt",
              "tag": "{VariantName:hell_keeper}"
            }
          ]
        },
        {
          "type": "item",
          "weight": 1,
          "name": "isleofberk:monstrous_nightmare_egg",
          "functions": [
            {
              "function": "set_count",
              "count": 1
            },
            {
              "function": "set_nbt",
              "tag": "{VariantName:melanistic_sentinel}"
            }
          ]
        },
        {
          "type": "item",
          "weight": 1,
          "name": "isleofberk:monstrous_nightmare_egg",
          "functions": [
            {
              "function": "set_count",
              "count": 1
            },
            {
              "function": "set_nbt",
              "tag": "{VariantName:mossy_cobble}"
            }
          ]
        },
        {
          "type": "item",
          "weight": 1,
          "name": "isleofberk:monstrous_nightmare_egg",
          "functions": [
            {
              "function": "set_count",
              "count": 1
            },
            {
              "function": "set_nbt",
              "tag": "{VariantName:sandstone}"
            }
          ]
        }
      ]
    }
  ]
}
