{
  "type": "generic",
  "pools": [
    {
      "rolls": 1,
      "entries": [
        {
          "type": "item",
          "weight": 1,
          "name": "isleofberk:monstrous_nightmare_egg",
          "functions": [
            {
              "function": "set_count",
              "count": 1
            },
            {
              "function": "set_nbt",
              "tag": "{VariantName:storming_hookfang}"
            }
          ]
        },
        {
          "type": "item",
          "weight": 1,
          "name": "isleofberk:monstrous_nightmare_egg",
          "functions": [
            {
              "function": "set_count",
              "count": 1
            },
            {
              "function": "set_nbt",
              "tag": "{VariantName:albino_stormingnightmare}"
            }
          ]
        },
        {
          "type": "item",
          "weight": 1,
          "name": "isleofberk:monstrous_nightmare_egg",
          "functions": [
            {
              "function": "set_count",
              "count": 1
            },
            {
              "function": "set_nbt",
              "tag": "{VariantName:atlantic}"
            }
          ]
        },
        {
          "type": "item",
          "weight": 1,
          "name": "isleofberk:monstrous_nightmare_egg",
          "functions": [
            {
              "function": "set_count",
              "count": 1
            },
            {
              "function": "set_nbt",
              "tag": "{VariantName:greenwind_storm}"
            }
          ]
        },
        {
          "type": "item",
          "weight": 1,
          "name": "isleofberk:monstrous_nightmare_egg",
          "functions": [
            {
              "function": "set_count",
              "count": 1
            },
            {
              "function": "set_nbt",
              "tag": "{VariantName:melanistic_stormingnightmare}"
            }
          ]
        },
        {
          "type": "item",
          "weight": 1,
          "name": "isleofberk:monstrous_nightmare_egg",
          "functions": [
            {
              "function": "set_count",
              "count": 1
            },
            {
              "function": "set_nbt",
              "tag": "{VariantName:thunder}"
            }
          ]
        },
        {
          "type": "item",
          "weight": 1,
          "name": "isleofberk:monstrous_nightmare_egg",
          "functions": [
            {
              "function": "set_count",
              "count": 1
            },
            {
              "function": "set_nbt",
              "tag": "{VariantName:violet_storm}"
            }
          ]
        },
        {
          "type": "item",
          "weight": 1,
          "name": "isleofberk:monstrous_nightmare_egg",
          "functions": [
            {
              "function": "set_count",
              "count": 1
            },
            {
              "function": "set_nbt",
              "tag": "{VariantName:host}"
            }
          ]
        },
        {
          "type": "item",
          "weight": 1,
          "name": "isleofberk:monstrous_nightmare_egg",
          "functions": [
            {
              "function": "set_count",
              "count": 1
            },
            {
              "function": "set_nbt",
              "tag": "{VariantName:pixel}"
            }
          ]
        },
        {
          "type": "item",
          "weight": 1,
          "name": "isleofberk:monstrous_nightmare_egg",
          "functions": [
            {
              "function": "set_count",
              "count": 1
            },
            {
              "function": "set_nbt",
              "tag": "{VariantName:tempest}"
            }
          ]
        }
      ]
    }
  ]
}
