{
    "redirects": [{
            "name": "albino_alpha_light_fury",
            "egg_item_name": "entity.iobvariantloader.egg.light_fury.light_fury_alpha",
            "egg_name": "entity.iobvariantloader.egg.light_fury.light_fury_alpha",
            "dragon_name": "entity.iobvariantloader.light_fury.light_fury_alpha",
			"egg_texture": "isleofberk:textures/dragons/light_fury/light_fury_alpha_egg.png"
        },
		{
            "name": "melanistic_alpha_light_fury",
            "egg_item_name": "entity.iobvariantloader.egg.light_fury.light_fury_alpha",
            "egg_name": "entity.iobvariantloader.egg.light_fury.light_fury_alpha",
            "dragon_name": "entity.iobvariantloader.light_fury.light_fury_alpha",
			"egg_texture": "isleofberk:textures/dragons/light_fury/light_fury_alpha_egg.png"
        },
		{
            "name": "drottinn_alpha",
            "egg_item_name": "entity.iobvariantloader.egg.light_fury.light_fury_alpha",
            "egg_name": "entity.iobvariantloader.egg.light_fury.light_fury_alpha",
            "dragon_name": "entity.iobvariantloader.light_fury.light_fury_alpha",
			"egg_texture": "isleofberk:textures/dragons/light_fury/light_fury_alpha_egg.png"
        },
		{
            "name": "drottinn_grogaldr_alpha",
            "egg_item_name": "entity.iobvariantloader.egg.light_fury.light_fury_alpha",
            "egg_name": "entity.iobvariantloader.egg.light_fury.light_fury_alpha",
            "dragon_name": "entity.iobvariantloader.light_fury.light_fury_alpha",
			"egg_texture": "isleofberk:textures/dragons/light_fury/light_fury_alpha_egg.png"
        },
		{
            "name": "grogaldr_alpha",
            "egg_item_name": "entity.iobvariantloader.egg.light_fury.light_fury_alpha",
            "egg_name": "entity.iobvariantloader.egg.light_fury.light_fury_alpha",
            "dragon_name": "entity.iobvariantloader.light_fury.light_fury_alpha",
			"egg_texture": "isleofberk:textures/dragons/light_fury/light_fury_alpha_egg.png"
        },
		{
            "name": "light_fury_alpha",
            "egg_item_name": "entity.iobvariantloader.egg.light_fury.light_fury_alpha",
            "egg_name": "entity.iobvariantloader.egg.light_fury.light_fury_alpha",
            "dragon_name": "entity.iobvariantloader.light_fury.light_fury_alpha",
			"egg_texture": "isleofberk:textures/dragons/light_fury/light_fury_alpha_egg.png"
        },
		{
            "name": "sveinn_alpha",
            "egg_item_name": "entity.iobvariantloader.egg.light_fury.light_fury_alpha",
            "egg_name": "entity.iobvariantloader.egg.light_fury.light_fury_alpha",
            "dragon_name": "entity.iobvariantloader.light_fury.light_fury_alpha",
			"egg_texture": "isleofberk:textures/dragons/light_fury/light_fury_alpha_egg.png"
        },
		{
            "name": "sveinn_grogaldr_alpha",
            "egg_item_name": "entity.iobvariantloader.egg.light_fury.light_fury_alpha",
            "egg_name": "entity.iobvariantloader.egg.light_fury.light_fury_alpha",
            "dragon_name": "entity.iobvariantloader.light_fury.light_fury_alpha",
			"egg_texture": "isleofberk:textures/dragons/light_fury/light_fury_alpha_egg.png"
        },
		
		
		
		
		
		{
            "name": "changewing",
			"texture": "additions:textures/changewing/changewing.png",
			"saddle": "additions:textures/changewing/change_saddle.png",
            "model": "additions:geo/changewing.geo.json",
            "animation": "additions:animations/changewing.animation.json",
            "egg_item_name": "entity.iobvariantloader.egg.light_fury.changewing",
            "egg_name": "entity.iobvariantloader.egg.light_fury.changewing",
            "dragon_name": "entity.iobvariantloader.light_fury.changewing",
			"egg_texture": "additions:textures/changewing/changewing_egg.png",
			"egg_item_model": "additions:changewing_egg"
        },
		{
            "name": "albino_changewing",
			"texture": "additions:textures/changewing/albino_changewing.png",
			"saddle": "additions:textures/changewing/change_saddle.png",
            "model": "additions:geo/changewing.geo.json",
            "animation": "additions:animations/changewing.animation.json",
            "egg_item_name": "entity.iobvariantloader.egg.light_fury.changewing",
            "egg_name": "entity.iobvariantloader.egg.light_fury.changewing",
            "dragon_name": "entity.iobvariantloader.light_fury.changewing",
			"egg_texture": "additions:textures/changewing/changewing_egg.png",
			"egg_item_model": "additions:changewing_egg"
		},
        {
            "name": "bushstalker",
			"texture": "additions:textures/changewing/bushstalker.png",
			"saddle": "additions:textures/changewing/change_saddle.png",
            "model": "additions:geo/changewing.geo.json",
            "animation": "additions:animations/changewing.animation.json",
            "egg_item_name": "entity.iobvariantloader.egg.light_fury.changewing",
            "egg_name": "entity.iobvariantloader.egg.light_fury.changewing",
            "dragon_name": "entity.iobvariantloader.light_fury.changewing",
			"egg_texture": "additions:textures/changewing/changewing_egg.png",
			"egg_item_model": "additions:changewing_egg"
		},
        {
            "name": "dawn",
			"texture": "additions:textures/changewing/dawn.png",
			"saddle": "additions:textures/changewing/change_saddle.png",
            "model": "additions:geo/changewing.geo.json",
            "animation": "additions:animations/changewing.animation.json",
            "egg_item_name": "entity.iobvariantloader.egg.light_fury.changewing",
            "egg_name": "entity.iobvariantloader.egg.light_fury.changewing",
            "dragon_name": "entity.iobvariantloader.light_fury.changewing",
			"egg_texture": "additions:textures/changewing/changewing_egg.png",
			"egg_item_model": "additions:changewing_egg"
        },
		{
            "name": "icewing",
			"texture": "additions:textures/changewing/icewing.png",
			"saddle": "additions:textures/changewing/change_saddle.png",
            "model": "additions:geo/changewing.geo.json",
            "animation": "additions:animations/changewing.animation.json",
            "egg_item_name": "entity.iobvariantloader.egg.light_fury.changewing",
            "egg_name": "entity.iobvariantloader.egg.light_fury.changewing",
            "dragon_name": "entity.iobvariantloader.light_fury.changewing",
			"egg_texture": "additions:textures/changewing/changewing_egg.png",
			"egg_item_model": "additions:changewing_egg"
        },
		{
            "name": "melanistic_changewing",
			"texture": "additions:textures/changewing/melanistic_changewing.png",
			"saddle": "additions:textures/changewing/change_saddle.png",
            "model": "additions:geo/changewing.geo.json",
            "animation": "additions:animations/changewing.animation.json",
            "egg_item_name": "entity.iobvariantloader.egg.light_fury.changewing",
            "egg_name": "entity.iobvariantloader.egg.light_fury.changewing",
            "dragon_name": "entity.iobvariantloader.light_fury.changewing",
			"egg_texture": "additions:textures/changewing/changewing_egg.png",
			"egg_item_model": "additions:changewing_egg"
        },
        {
            "name": "purple",
			"texture": "additions:textures/changewing/purple.png",
			"saddle": "additions:textures/changewing/change_saddle.png",
            "model": "additions:geo/changewing.geo.json",
            "animation": "additions:animations/changewing.animation.json",
            "egg_item_name": "entity.iobvariantloader.egg.light_fury.changewing",
            "egg_name": "entity.iobvariantloader.egg.light_fury.changewing",
            "dragon_name": "entity.iobvariantloader.light_fury.changewing",
			"egg_texture": "additions:textures/changewing/changewing_egg.png",
			"egg_item_model": "additions:changewing_egg"
        },
        {
            "name": "snuffnut",
			"texture": "additions:textures/changewing/snuffnut.png",
			"saddle": "additions:textures/changewing/change_saddle.png",
            "model": "additions:geo/changewing.geo.json",
            "animation": "additions:animations/changewing.animation.json",
            "egg_item_name": "entity.iobvariantloader.egg.light_fury.changewing",
            "egg_name": "entity.iobvariantloader.egg.light_fury.changewing",
            "dragon_name": "entity.iobvariantloader.light_fury.changewing",
			"egg_texture": "additions:textures/changewing/changewing_egg.png",
			"egg_item_model": "additions:changewing_egg"
        },
        {
            "name": "twilight",
			"texture": "additions:textures/changewing/twilight.png",
			"saddle": "additions:textures/changewing/change_saddle.png",
            "model": "additions:geo/changewing.geo.json",
            "animation": "additions:animations/changewing.animation.json",
            "egg_item_name": "entity.iobvariantloader.egg.light_fury.changewing",
            "egg_name": "entity.iobvariantloader.egg.light_fury.changewing",
            "dragon_name": "entity.iobvariantloader.light_fury.changewing",
			"egg_texture": "additions:textures/changewing/changewing_egg.png",
			"egg_item_model": "additions:changewing_egg"
        },
		{
            "name": "twister",
			"texture": "additions:textures/changewing/twister.png",
			"saddle": "additions:textures/changewing/change_saddle.png",
            "model": "additions:geo/changewing.geo.json",
            "animation": "additions:animations/changewing.animation.json",
            "egg_item_name": "entity.iobvariantloader.egg.light_fury.changewing",
            "egg_name": "entity.iobvariantloader.egg.light_fury.changewing",
            "dragon_name": "entity.iobvariantloader.light_fury.changewing",
			"egg_texture": "additions:textures/changewing/changewing_egg.png",
			"egg_item_model": "additions:changewing_egg"
        },
		
		
		
		
		
        {
            "name": "flightmare",
			"texture": "additions:textures/flightmare/flightmare.png",
			"saddle": "additions:textures/flightmare/flightmare_saddle.png",
            "model": "additions:geo/flightmare.geo.json",
            "animation": "additions:animations/flightmare.animation.json",
            "egg_item_name": "entity.iobvariantloader.egg.light_fury.flightmare",
            "egg_name": "entity.iobvariantloader.egg.light_fury.flightmare",
            "dragon_name": "entity.iobvariantloader.light_fury.flightmare",
			"egg_texture": "additions:textures/flightmare/flightmare_egg.png",
			"egg_item_model": "additions:flightmare_egg"
		},
        {
            "name": "albino_aura",
			"texture": "additions:textures/flightmare/albino_aura.png",
			"saddle": "additions:textures/flightmare/flightmare_saddle.png",
            "model": "additions:geo/flightmare.geo.json",
            "animation": "additions:animations/flightmare.animation.json",
            "egg_item_name": "entity.iobvariantloader.egg.light_fury.flightmare",
            "egg_name": "entity.iobvariantloader.egg.light_fury.flightmare",
            "dragon_name": "entity.iobvariantloader.light_fury.flightmare",
			"egg_texture": "additions:textures/flightmare/flightmare_egg.png",
			"egg_item_model": "additions:flightmare_egg"
        },
        {
            "name": "brimstone",
			"texture": "additions:textures/flightmare/brimstone.png",
			"saddle": "additions:textures/flightmare/flightmare_saddle.png",
            "model": "additions:geo/flightmare.geo.json",
            "animation": "additions:animations/flightmare.animation.json",
            "egg_item_name": "entity.iobvariantloader.egg.light_fury.flightmare",
            "egg_name": "entity.iobvariantloader.egg.light_fury.flightmare",
            "dragon_name": "entity.iobvariantloader.light_fury.flightmare",
			"egg_texture": "additions:textures/flightmare/flightmare_egg.png",
			"egg_item_model": "additions:flightmare_egg"
        },
        {
            "name": "ecto",
			"texture": "additions:textures/flightmare/ecto.png",
			"saddle": "additions:textures/flightmare/flightmare_saddle.png",
            "model": "additions:geo/flightmare.geo.json",
            "animation": "additions:animations/flightmare.animation.json",
            "egg_item_name": "entity.iobvariantloader.egg.light_fury.flightmare",
            "egg_name": "entity.iobvariantloader.egg.light_fury.flightmare",
            "dragon_name": "entity.iobvariantloader.light_fury.flightmare",
			"egg_texture": "additions:textures/flightmare/flightmare_egg.png",
			"egg_item_model": "additions:flightmare_egg"
        },
		{
            "name": "flaredawn",
			"texture": "additions:textures/flightmare/flaredawn.png",
			"saddle": "additions:textures/flightmare/flightmare_saddle.png",
            "model": "additions:geo/flightmare.geo.json",
            "animation": "additions:animations/flightmare.animation.json",
            "egg_item_name": "entity.iobvariantloader.egg.light_fury.flightmare",
            "egg_name": "entity.iobvariantloader.egg.light_fury.flightmare",
            "dragon_name": "entity.iobvariantloader.light_fury.flightmare",
			"egg_texture": "additions:textures/flightmare/flightmare_egg.png",
			"egg_item_model": "additions:flightmare_egg"
        },
        {
            "name": "jewel",
			"texture": "additions:textures/flightmare/jewel.png",
			"saddle": "additions:textures/flightmare/flightmare_saddle.png",
            "model": "additions:geo/flightmare.geo.json",
            "animation": "additions:animations/flightmare.animation.json",
            "egg_item_name": "entity.iobvariantloader.egg.light_fury.flightmare",
            "egg_name": "entity.iobvariantloader.egg.light_fury.flightmare",
            "dragon_name": "entity.iobvariantloader.light_fury.flightmare",
			"egg_texture": "additions:textures/flightmare/flightmare_egg.png",
			"egg_item_model": "additions:flightmare_egg"
        },
		{
            "name": "lux_divina",
			"texture": "additions:textures/flightmare/lux_divina.png",
			"saddle": "additions:textures/flightmare/flightmare_saddle.png",
            "model": "additions:geo/flightmare.geo.json",
            "animation": "additions:animations/flightmare.animation.json",
            "egg_item_name": "entity.iobvariantloader.egg.light_fury.flightmare",
            "egg_name": "entity.iobvariantloader.egg.light_fury.flightmare",
            "dragon_name": "entity.iobvariantloader.light_fury.flightmare",
			"egg_texture": "additions:textures/flightmare/flightmare_egg.png",
			"egg_item_model": "additions:flightmare_egg"
        },
		{
            "name": "melanistic_flightmare",
			"texture": "additions:textures/flightmare/melanistic_flightmare.png",
			"saddle": "additions:textures/flightmare/flightmare_saddle.png",
            "model": "additions:geo/flightmare.geo.json",
            "animation": "additions:animations/flightmare.animation.json",
            "egg_item_name": "entity.iobvariantloader.egg.light_fury.flightmare",
            "egg_name": "entity.iobvariantloader.egg.light_fury.flightmare",
            "dragon_name": "entity.iobvariantloader.light_fury.flightmare",
			"egg_texture": "additions:textures/flightmare/flightmare_egg.png",
			"egg_item_model": "additions:flightmare_egg"
        },
        {
            "name": "shockwave",
			"texture": "additions:textures/flightmare/shockwave.png",
			"saddle": "additions:textures/flightmare/flightmare_saddle.png",
            "model": "additions:geo/flightmare.geo.json",
            "animation": "additions:animations/flightmare.animation.json",
            "egg_item_name": "entity.iobvariantloader.egg.light_fury.flightmare",
            "egg_name": "entity.iobvariantloader.egg.light_fury.flightmare",
            "dragon_name": "entity.iobvariantloader.light_fury.flightmare",
			"egg_texture": "additions:textures/flightmare/flightmare_egg.png",
			"egg_item_model": "additions:flightmare_egg"
        },
		{
            "name": "summershine",
			"texture": "additions:textures/flightmare/summershine.png",
			"saddle": "additions:textures/flightmare/flightmare_saddle.png",
            "model": "additions:geo/flightmare.geo.json",
            "animation": "additions:animations/flightmare.animation.json",
            "egg_item_name": "entity.iobvariantloader.egg.light_fury.flightmare",
            "egg_name": "entity.iobvariantloader.egg.light_fury.flightmare",
            "dragon_name": "entity.iobvariantloader.light_fury.flightmare",
			"egg_texture": "additions:textures/flightmare/flightmare_egg.png",
			"egg_item_model": "additions:flightmare_egg"
        },
		{
            "name": "trancemare",
			"texture": "additions:textures/flightmare/trancemare.png",
			"saddle": "additions:textures/flightmare/flightmare_saddle.png",
            "model": "additions:geo/flightmare.geo.json",
            "animation": "additions:animations/flightmare.animation.json",
            "egg_item_name": "entity.iobvariantloader.egg.light_fury.flightmare",
            "egg_name": "entity.iobvariantloader.egg.light_fury.flightmare",
            "dragon_name": "entity.iobvariantloader.light_fury.flightmare",
			"egg_texture": "additions:textures/flightmare/flightmare_egg.png",
			"egg_item_model": "additions:flightmare_egg"
        },
		
		
		
		
		
        {
            "name": "sidon",
			"texture": "additions:textures/sandwraith/sidon.png",
			"saddle": "additions:textures/sandwraith/saddle.png",
            "model": "additions:geo/sandwraith.geo.json",
            "animation": "additions:animations/sandwraith.animation.json",
            "egg_item_name": "entity.iobvariantloader.egg.light_fury.sandwraith",
            "egg_name": "entity.iobvariantloader.egg.light_fury.sandwraith",
            "dragon_name": "entity.iobvariantloader.light_fury.sandwraith",
			"egg_texture": "additions:textures/sandwraith/sandwraith_egg.png",
			"egg_item_model": "additions:sandwraith_egg"
		},
        {
            "name": "mipha",
			"texture": "additions:textures/sandwraith/mipha.png",
			"saddle": "additions:textures/sandwraith/saddle.png",
            "model": "additions:geo/sandwraith.geo.json",
            "animation": "additions:animations/sandwraith.animation.json",
            "egg_item_name": "entity.iobvariantloader.egg.light_fury.sandwraith",
            "egg_name": "entity.iobvariantloader.egg.light_fury.sandwraith",
            "dragon_name": "entity.iobvariantloader.light_fury.sandwraith",
			"egg_texture": "additions:textures/sandwraith/sandwraith_egg.png",
			"egg_item_model": "additions:sandwraith_egg"
        },
        {
            "name": "amber",
			"texture": "additions:textures/sandwraith/amber.png",
			"saddle": "additions:textures/sandwraith/ds_saddle.png",
            "model": "additions:geo/sandwraith.geo.json",
            "animation": "additions:animations/sandwraith.animation.json",
            "egg_item_name": "entity.iobvariantloader.egg.light_fury.sandwraith",
            "egg_name": "entity.iobvariantloader.egg.light_fury.sandwraith",
            "dragon_name": "entity.iobvariantloader.light_fury.sandwraith",
			"egg_texture": "additions:textures/sandwraith/sandwraith_egg.png",
			"egg_item_model": "additions:sandwraith_egg"
        },
        {
            "name": "cynder",
			"texture": "additions:textures/sandwraith/cynder.png",
			"saddle": "additions:textures/sandwraith/c_saddle.png",
            "model": "additions:geo/sandwraith.geo.json",
            "animation": "additions:animations/sandwraith.animation.json",
            "egg_item_name": "entity.iobvariantloader.egg.light_fury.sandwraith",
            "egg_name": "entity.iobvariantloader.egg.light_fury.sandwraith",
            "dragon_name": "entity.iobvariantloader.light_fury.sandwraith",
			"egg_texture": "additions:textures/sandwraith/sandwraith_egg.png",
			"egg_item_model": "additions:sandwraith_egg"
        },
        {
            "name": "dune",
			"texture": "additions:textures/sandwraith/dune.png",
			"saddle": "additions:textures/sandwraith/d_saddle.png",
            "model": "additions:geo/sandwraith.geo.json",
            "animation": "additions:animations/sandwraith.animation.json",
            "egg_item_name": "entity.iobvariantloader.egg.light_fury.sandwraith",
            "egg_name": "entity.iobvariantloader.egg.light_fury.sandwraith",
            "dragon_name": "entity.iobvariantloader.light_fury.sandwraith",
			"egg_texture": "additions:textures/sandwraith/sandwraith_egg.png",
			"egg_item_model": "additions:sandwraith_egg"
        },
        {
            "name": "haili",
			"texture": "additions:textures/sandwraith/haili.png",
			"saddle": "additions:textures/sandwraith/h_saddle.png",
            "model": "additions:geo/sandwraith.geo.json",
            "animation": "additions:animations/sandwraith.animation.json",
            "egg_item_name": "entity.iobvariantloader.egg.light_fury.sandwraith",
            "egg_name": "entity.iobvariantloader.egg.light_fury.sandwraith",
            "dragon_name": "entity.iobvariantloader.light_fury.sandwraith",
			"egg_texture": "additions:textures/sandwraith/sandwraith_egg.png",
			"egg_item_model": "additions:sandwraith_egg"
        },
		{
            "name": "melanistic_sw",
			"texture": "additions:textures/sandwraith/melanistic_sw.png",
			"saddle": "additions:textures/sandwraith/m_saddle.png",
            "model": "additions:geo/sandwraith.geo.json",
            "animation": "additions:animations/sandwraith.animation.json",
            "egg_item_name": "entity.iobvariantloader.egg.light_fury.sandwraith",
            "egg_name": "entity.iobvariantloader.egg.light_fury.sandwraith",
            "dragon_name": "entity.iobvariantloader.light_fury.sandwraith",
			"egg_texture": "additions:textures/sandwraith/sandwraith_egg.png",
			"egg_item_model": "additions:sandwraith_egg"
        },
        {
            "name": "mudwraith",
			"texture": "additions:textures/sandwraith/mudwraith.png",
			"saddle": "additions:textures/sandwraith/mw_saddle.png",
            "model": "additions:geo/sandwraith.geo.json",
            "animation": "additions:animations/sandwraith.animation.json",
            "egg_item_name": "entity.iobvariantloader.egg.light_fury.sandwraith",
            "egg_name": "entity.iobvariantloader.egg.light_fury.sandwraith",
            "dragon_name": "entity.iobvariantloader.light_fury.sandwraith",
			"egg_texture": "additions:textures/sandwraith/sandwraith_egg.png",
			"egg_item_model": "additions:sandwraith_egg"
        },
        {
            "name": "pie",
			"texture": "additions:textures/sandwraith/pie.png",
			"saddle": "additions:textures/sandwraith/p_saddle.png",
            "model": "additions:geo/sandwraith.geo.json",
            "animation": "additions:animations/sandwraith.animation.json",
            "egg_item_name": "entity.iobvariantloader.egg.light_fury.sandwraith",
            "egg_name": "entity.iobvariantloader.egg.light_fury.sandwraith",
            "dragon_name": "entity.iobvariantloader.light_fury.sandwraith",
			"egg_texture": "additions:textures/sandwraith/sandwraith_egg.png",
			"egg_item_model": "additions:sandwraith_egg"
        },
        {
            "name": "seafoam",
			"texture": "additions:textures/sandwraith/seafoam.png",
			"saddle": "additions:textures/sandwraith/sf_saddle.png",
            "model": "additions:geo/sandwraith.geo.json",
            "animation": "additions:animations/sandwraith.animation.json",
            "egg_item_name": "entity.iobvariantloader.egg.light_fury.sandwraith",
            "egg_name": "entity.iobvariantloader.egg.light_fury.sandwraith",
            "dragon_name": "entity.iobvariantloader.light_fury.sandwraith",
			"egg_texture": "additions:textures/sandwraith/sandwraith_egg.png",
			"egg_item_model": "additions:sandwraith_egg"
        }
    ]
}