{
    "redirects": [
		{

            "name": "dark_beast",
			"texture": "additions:textures/woolly_howl/dark_beast.png",
            "model": "additions:geo/woolly_howl.geo.json",
            "animation": "additions:animations/woolly_howl.animation.json",
            "egg_item_name": "entity.iobvariantloader.egg.night_fury.woolly_howl",
            "egg_name": "entity.iobvariantloader.egg.night_fury.woolly_howl",
            "dragon_name": "dark_beast_gannon",
			"egg_texture": "additions:textures/woolly_howl/woolly_howl_egg.png",
			"egg_item_model": "additions:woolly_howl_egg"
        }
    ]
}