                {
    "variants": [

        {
            "name": "mipha",
            "weight": 1000,
            "allowed_biomes": {
                "biome": [
                    "minecraft:beach",
                    "minecraft:snowy_beach",
                    "minecraft:warm_ocean"
                ]
            },
            "banned_biomes": {
                "biome": [
                    "minecraft:frozen_peaks",
                    "minecraft:jagged_peaks",
                    "minecraft:windswept_forest",
                    "minecraft:river",
                    "minecraft:frozen_river",
                    "minecraft:forest",
                    "minecraft:taiga",
                    "minecraft:old_growth_pine_taiga"
                ]
            }
        },
        {
            "name": "sidon",
            "weight": 10000,
            "allowed_biomes": {
                "biome": [
                    "minecraft:beach",
                    "minecraft:snowy_beach",
                    "minecraft:warm_ocean"
                ]
            },
            "banned_biomes": {
                "biome": [
                    "minecraft:frozen_peaks",
                    "minecraft:jagged_peaks",
                    "minecraft:windswept_forest",
                    "minecraft:river",
                    "minecraft:frozen_river",
                    "minecraft:forest",
                    "minecraft:taiga",
                    "minecraft:old_growth_pine_taiga"
                               ]
            }
        }
    ]
}