{
    "variants": [
        {
            "name": "urbosa",
            "weight": 10000,
            "allowed_biomes": {
                "biome": [
                    "minecraft:desert",
                    "minecraft:savanna"
                ]
            },
            "banned_biomes": {
                "biome": [
                    "minecraft:dark_forest",
                    "minecraft:dripstone_caves",
                    "minecraft:flower_forest",
                    "minecraft:meadow",
                    "minecraft:jagged_peaks",
                    "minecraft:lush_caves",
                    "minecraft:old_growth_pine_taiga",
                    "minecraft:old_growth_spruce_taiga",
                    "minecraft:snowy_plains",
                    "minecraft:savanna_plateau",
                    "minecraft:sunflower_plains",
                    "minecraft:sparse_jungle",
                    "minecraft:stony_shore",
                    "minecraft:taiga",
                    "minecraft:windswept_forest",
                    "minecraft:windswept_hills",
                    "minecraft:windswept_savanna"
                               ]
            }
        }
    ]
}