{
	"format_version": "1.12.0",
	"minecraft:geometry": [
		{
			"description": {
				"identifier": "geometry.NightFuryModel",
				"texture_width": 256,
				"texture_height": 192,
				"visible_bounds_width": 19,
				"visible_bounds_height": 11,
				"visible_bounds_offset": [0, -0.5, 0]
			},
			"bones": [
				{
					"name": "root",
					"pivot": [0, 0, 0]
				},
				{
					"name": "rotation",
					"parent": "root",
					"pivot": [0, 25, 0]
				},
				{
					"name": "Chest",
					"parent": "rotation",
					"pivot": [0, 24.5, 0],
					"rotation": [1, 0, 0],
					"cubes": [
						{"origin": [-8, 12.60207, -6.48827], "size": [16, 12, 15], "uv": [75, 71]},
						{"origin": [-7, 15.60207, 8.51173], "size": [14, 9, 17], "pivot": [0, 24.60207, 8.51173], "rotation": [-10, 0, 0], "uv": [75, 99]},
						{"origin": [-6.5, 12.90207, 4.51173], "size": [13, 9, 4], "pivot": [5.5, 12.90207, 8.51173], "rotation": [-83.5, 0, 0], "uv": [41, 112]}
					]
				},
				{
					"name": "bone4",
					"parent": "Chest",
					"pivot": [0.5, 24.35207, 4.51173],
					"rotation": [0, 0, 22.5]
				},
				{
					"name": "bone3",
					"parent": "Chest",
					"pivot": [0.6, 22.75207, 4.31173],
					"rotation": [-18.5, 0, 0],
					"cubes": [
						{"origin": [-0.48894, 21.32278, -3.84132], "size": [1, 2, 2], "inflate": -0.1, "pivot": [0.11141, 23.03582, -3.78827], "rotation": [-33, 0, 0], "uv": [0, 9]},
						{"origin": [-0.48921, 27.40283, 5.56392], "size": [1, 2, 1], "pivot": [0.01079, 26.2937, 6.41553], "rotation": [-46.5, 0, 0], "uv": [7, 0]},
						{"origin": [-0.48921, 27.34045, 5.22709], "size": [1, 2, 1], "pivot": [0.01079, 26.2937, 6.41553], "rotation": [-52.5, 0, 0], "uv": [7, 0]},
						{"origin": [-0.48921, 25.41371, 5.97365], "size": [1, 2, 1], "inflate": 0.19, "pivot": [0.01079, 26.2937, 6.41553], "rotation": [-27, 0, 0], "uv": [4, 6]},
						{"origin": [-0.48921, 25.49405, 5.50708], "size": [1, 2, 1], "inflate": 0.2, "pivot": [0.01079, 26.2937, 6.41553], "rotation": [-44.5, 0, 0], "uv": [7, 0]},
						{"origin": [-0.98921, 22.59958, 5.02785], "size": [2, 3, 3], "pivot": [0.01079, 26.2937, 6.41553], "rotation": [-37.5, 0, 0], "uv": [0, 0]},
						{"origin": [-0.48894, 22.62278, -0.84132], "size": [1, 2, 2], "inflate": -0.1, "pivot": [0.11141, 23.33582, -0.88827], "rotation": [-30.5, 0, 0], "uv": [0, 9]}
					]
				},
				{
					"name": "leftWingBase",
					"parent": "Chest",
					"pivot": [7, 24.60481, -1.54054],
					"rotation": [-7.5, 0, 0]
				},
				{
					"name": "leftWingArmM",
					"parent": "leftWingBase",
					"pivot": [6, 23.60481, -2.29054],
					"cubes": [
						{"origin": [6.1, 23.35906, -1.53197], "size": [16, 0, 27], "uv": [-27, 123], "mirror": true}
					]
				},
				{
					"name": "leftWingArm",
					"parent": "leftWingArmM",
					"pivot": [6, 23.40871, -2.53197],
					"rotation": [0, -15, 0],
					"cubes": [
						{"origin": [5.99549, 22.1581, -4.54882], "size": [17, 3, 4], "inflate": 0.1, "uv": [57, 171], "mirror": true}
					]
				},
				{
					"name": "bone20",
					"parent": "leftWingArm",
					"pivot": [19.04289, 23.90871, -6.3571],
					"rotation": [0, -20, 0],
					"cubes": [
						{"origin": [17.89778, 22.90871, -6.80843], "size": [2, 2, 3], "uv": [176, 182], "mirror": true},
						{"origin": [17.3, 23.40871, -10.83197], "size": [1, 1, 3], "pivot": [9.7, 23.90871, -2.03197], "rotation": [0, -12.5, 0], "uv": [157, 182], "mirror": true}
					]
				},
				{
					"name": "bone22",
					"parent": "leftWingArm",
					"pivot": [4, 23.40871, -2.53197],
					"cubes": [
						{"origin": [10.89778, 22.90871, -6.80843], "size": [2, 2, 3], "pivot": [11.92528, 23.90871, -6.13973], "rotation": [0, -20, 0], "uv": [176, 182], "mirror": true},
						{"origin": [11.2722, 23.40871, -8.45728], "size": [1, 1, 3], "pivot": [11.92528, 23.90871, -6.13973], "rotation": [0, -32.5, 0], "uv": [157, 182], "mirror": true}
					]
				},
				{
					"name": "leftWingFArmM",
					"parent": "leftWingArmM",
					"pivot": [22, 23.40871, -4.53197],
					"cubes": [
						{"origin": [21.9, 23.40931, -2.53197], "size": [22, 0, 45], "uv": [110, 89], "mirror": true},
						{"origin": [-1.25, 22.90871, -4.53197], "size": [45, 1, 1], "pivot": [43.75, 23.40871, -4.03197], "rotation": [0, 67.5, 0], "uv": [0, 178], "mirror": true}
					]
				},
				{
					"name": "leftWFHalf",
					"parent": "leftWingFArmM",
					"pivot": [43.9, 23.40871, -5.38197],
					"rotation": [0, -180, 0],
					"cubes": [
						{"origin": [-8.1, 22.90871, -6.38197], "size": [51, 1, 1], "pivot": [42.9, 22.90871, -5.38197], "rotation": [0, -90, 0], "uv": [0, 180], "mirror": true},
						{"origin": [34.9, 23.54822, -53.3771], "size": [8, 0, 44], "uv": [94, 90], "mirror": true}
					]
				},
				{
					"name": "leftWFa",
					"parent": "leftWFHalf",
					"pivot": [42.9, 23.48371, -5.38197],
					"cubes": [
						{"origin": [-13.1, 22.98371, -6.38197], "size": [56, 1, 1], "pivot": [42.9, 22.98371, -5.38197], "rotation": [0, -67.5, 0], "uv": [0, 190], "mirror": true},
						{"origin": [14.9, 23.48371, -54.38197], "size": [28, 0, 47], "uv": [153, 87], "mirror": true}
					]
				},
				{
					"name": "leftWFb",
					"parent": "leftWFa",
					"pivot": [42.9, 23.55871, -5.38197],
					"cubes": [
						{"origin": [-23.1, 23.05871, -6.38197], "size": [66, 1, 1], "pivot": [42.9, 23.05871, -5.38197], "rotation": [0, -45, 0], "uv": [0, 188], "mirror": true},
						{"origin": [-6.1, 23.55871, -50.38197], "size": [48, 0, 43], "uv": [117, 43], "mirror": true}
					]
				},
				{
					"name": "leftWFc",
					"parent": "leftWFb",
					"pivot": [42.9, 23.65871, -5.38197],
					"cubes": [
						{"origin": [-34.1, 23.15871, -6.38197], "size": [77, 1, 1], "pivot": [42.9, 23.15871, -5.38197], "rotation": [0, -22.5, 0], "uv": [0, 186], "mirror": true},
						{"origin": [-25.1, 23.5192, -37.38684], "size": [66, 0, 30], "uv": [94, 151], "mirror": true}
					]
				},
				{
					"name": "leftWFd",
					"parent": "leftWFc",
					"pivot": [42.9, 23.73371, -5.38197],
					"cubes": [
						{"origin": [-32.6, 22.73371, -7.38197], "size": [76, 2, 2], "uv": [0, 182], "mirror": true},
						{"origin": [-32.1, 23.73371, -20.38197], "size": [69, 0, 15], "uv": [103, 135], "mirror": true}
					]
				},
				{
					"name": "fightWFdTip2",
					"parent": "leftWFd",
					"pivot": [-32.1, 23.73371, -6.38197],
					"cubes": [
						{"origin": [-51.35, 23.23371, -6.88197], "size": [20, 1, 1], "pivot": [-31.85, 23.23371, -6.38197], "rotation": [0, -5, 0], "uv": [114, 190], "mirror": true},
						{"origin": [-48, 23.73371, -13.38197], "size": [16, 0, 7], "uv": [78, 148], "mirror": true}
					]
				},
				{
					"name": "bone11",
					"parent": "leftWFd",
					"pivot": [-22, 24.20871, -8.53197],
					"rotation": [180, 0, 0],
					"cubes": [
						{"origin": [-14.10222, 23.70871, -13.30843], "size": [2, 2, 3], "pivot": [-13.30695, 24.70932, -12.79661], "rotation": [0, 20, 0], "uv": [176, 182], "mirror": true},
						{"origin": [-13.57487, 24.20993, -15.27873], "size": [1, 1, 3], "pivot": [-13.30695, 24.70932, -12.79661], "rotation": [0, 45, 0], "uv": [157, 182], "mirror": true}
					]
				},
				{
					"name": "bone13",
					"parent": "leftWFd",
					"pivot": [5, 24.20871, -8.53197],
					"rotation": [180, 0, 0],
					"cubes": [
						{"origin": [12.89778, 23.70871, -13.30843], "size": [2, 2, 3], "pivot": [13.69305, 24.70932, -12.79661], "rotation": [0, 20, 0], "uv": [176, 182], "mirror": true},
						{"origin": [13.42513, 24.20993, -15.27873], "size": [1, 1, 3], "pivot": [13.69305, 24.70932, -12.79661], "rotation": [0, 45, 0], "uv": [157, 182], "mirror": true}
					]
				},
				{
					"name": "bone15",
					"parent": "leftWFd",
					"pivot": [26, 24.20871, -8.53197],
					"rotation": [180, 0, 0],
					"cubes": [
						{"origin": [33.89778, 23.70871, -13.30843], "size": [2, 2, 3], "pivot": [34.69305, 24.70932, -12.79661], "rotation": [0, 20, 0], "uv": [176, 182], "mirror": true},
						{"origin": [34.42513, 24.20993, -15.27873], "size": [1, 1, 3], "pivot": [34.69305, 24.70932, -12.79661], "rotation": [0, 45, 0], "uv": [157, 182], "mirror": true}
					]
				},
				{
					"name": "righWingFarm2",
					"parent": "leftWingFArmM",
					"pivot": [44, 23.40871, -4.03197],
					"cubes": [
						{"origin": [20.00459, 22.1581, -5.5488], "size": [25, 3, 3], "pivot": [44, 23.40871, -4.53197], "rotation": [0, 15.25, 0], "uv": [0, 172], "mirror": true}
					]
				},
				{
					"name": "righWingFarm4",
					"parent": "righWingFarm2",
					"pivot": [44, 23.40871, -4.03197]
				},
				{
					"name": "bone17",
					"parent": "righWingFarm4",
					"pivot": [26, 23.40871, 0.46803],
					"cubes": [
						{"origin": [30.89778, 22.10871, -4.30843], "size": [3, 3, 3], "uv": [156, 186], "mirror": true},
						{"origin": [30.1, 22.90871, -9.33197], "size": [2, 2, 4], "pivot": [26, 23.40871, 0.46803], "rotation": [0, -15, 0], "uv": [168, 186], "mirror": true},
						{"origin": [31.82078, 23.40871, -9.30332], "size": [1, 1, 3], "pivot": [34.7, 22.90871, -5.03197], "rotation": [0, -30, 0], "uv": [157, 182], "mirror": true}
					]
				},
				{
					"name": "rightWingBase",
					"parent": "Chest",
					"pivot": [-7, 24.60481, -1.54054],
					"rotation": [-7.5, 0, 0]
				},
				{
					"name": "rightWingArmM",
					"parent": "rightWingBase",
					"pivot": [-6, 23.60481, -2.29054],
					"cubes": [
						{"origin": [-22.1, 23.30906, -1.53197], "size": [16, 0, 27], "uv": [-27, 123]}
					]
				},
				{
					"name": "rightWingArm",
					"parent": "rightWingArmM",
					"pivot": [-6, 23.40871, -2.53197],
					"rotation": [0, 15, 0],
					"cubes": [
						{"origin": [-22.99549, 22.1581, -4.54882], "size": [17, 3, 4], "inflate": 0.1, "uv": [57, 171]}
					]
				},
				{
					"name": "bone5",
					"parent": "rightWingArm",
					"pivot": [-4, 23.40871, -2.53197],
					"cubes": [
						{"origin": [-12.89778, 22.90871, -6.80843], "size": [2, 2, 3], "pivot": [-11.92528, 23.90871, -6.13973], "rotation": [0, 20, 0], "uv": [176, 182]},
						{"origin": [-12.2722, 23.40871, -8.45728], "size": [1, 1, 3], "pivot": [-11.92528, 23.90871, -6.13973], "rotation": [0, 32.5, 0], "uv": [157, 182]}
					]
				},
				{
					"name": "bone6",
					"parent": "rightWingArm",
					"pivot": [-10, 23.40871, -2.53197],
					"cubes": [
						{"origin": [-19.89778, 22.90871, -6.80843], "size": [2, 2, 3], "pivot": [-19.04289, 23.90871, -6.3571], "rotation": [0, 20, 0], "uv": [176, 182]},
						{"origin": [-19.45759, 23.40871, -8.91232], "size": [1, 1, 3], "pivot": [-19.04289, 23.90871, -6.3571], "rotation": [0, 32.5, 0], "uv": [157, 182]}
					]
				},
				{
					"name": "rightWingFArmM",
					"parent": "rightWingArmM",
					"pivot": [-22, 23.40871, -4.53197],
					"cubes": [
						{"origin": [-43.9, 23.40931, -2.53197], "size": [22, 0, 45], "uv": [110, 89]},
						{"origin": [-43.75, 22.90871, -4.53197], "size": [45, 1, 1], "pivot": [-43.75, 23.40871, -4.03197], "rotation": [0, -67.5, 0], "uv": [0, 178]}
					]
				},
				{
					"name": "rightWFHalf",
					"parent": "rightWingFArmM",
					"pivot": [-43.9, 23.40871, -5.38197],
					"rotation": [0, 180, 0],
					"cubes": [
						{"origin": [-42.9, 22.90871, -6.38197], "size": [51, 1, 1], "pivot": [-42.9, 22.90871, -5.38197], "rotation": [0, 90, 0], "uv": [0, 180]},
						{"origin": [-42.9, 23.54822, -53.3771], "size": [8, 0, 44], "uv": [94, 90]}
					]
				},
				{
					"name": "rightWFa",
					"parent": "rightWFHalf",
					"pivot": [-42.9, 23.48371, -5.38197],
					"cubes": [
						{"origin": [-42.9, 22.98371, -6.38197], "size": [56, 1, 1], "pivot": [-42.9, 22.98371, -5.38197], "rotation": [0, 67.5, 0], "uv": [0, 190]},
						{"origin": [-42.9, 23.48371, -54.38197], "size": [28, 0, 47], "uv": [153, 87]}
					]
				},
				{
					"name": "rightWFb",
					"parent": "rightWFa",
					"pivot": [-42.9, 23.55871, -5.38197],
					"cubes": [
						{"origin": [-42.9, 23.05871, -6.38197], "size": [66, 1, 1], "pivot": [-42.9, 23.05871, -5.38197], "rotation": [0, 45, 0], "uv": [0, 188]},
						{"origin": [-41.9, 23.55871, -50.38197], "size": [48, 0, 43], "uv": [117, 43]}
					]
				},
				{
					"name": "rightWFc",
					"parent": "rightWFb",
					"pivot": [-42.9, 23.65871, -5.38197],
					"cubes": [
						{"origin": [-42.9, 23.15871, -6.38197], "size": [77, 1, 1], "pivot": [-42.9, 23.15871, -5.38197], "rotation": [0, 22.5, 0], "uv": [0, 186]},
						{"origin": [-39.9, 23.5192, -37.38684], "size": [66, 0, 30], "uv": [94, 151]}
					]
				},
				{
					"name": "rightWFd",
					"parent": "rightWFc",
					"pivot": [-42.9, 23.73371, -5.38197],
					"cubes": [
						{"origin": [-43.4, 22.73371, -7.38197], "size": [76, 2, 2], "uv": [0, 182]},
						{"origin": [-36.9, 23.73371, -20.38197], "size": [69, 0, 15], "uv": [103, 135]}
					]
				},
				{
					"name": "bone8",
					"parent": "rightWFd",
					"pivot": [-26, 24.20871, -8.53197],
					"rotation": [180, 0, 0],
					"cubes": [
						{"origin": [-35.89778, 23.70871, -13.30843], "size": [2, 2, 3], "pivot": [-34.69305, 24.70932, -12.79661], "rotation": [0, -20, 0], "uv": [176, 182]},
						{"origin": [-35.42513, 24.20993, -15.27873], "size": [1, 1, 3], "pivot": [-34.69305, 24.70932, -12.79661], "rotation": [0, -45, 0], "uv": [157, 182]}
					]
				},
				{
					"name": "bone9",
					"parent": "rightWFd",
					"pivot": [-5, 24.20871, -8.53197],
					"rotation": [180, 0, 0],
					"cubes": [
						{"origin": [-14.89778, 23.70871, -13.30843], "size": [2, 2, 3], "pivot": [-13.69305, 24.70932, -12.79661], "rotation": [0, -20, 0], "uv": [176, 182]},
						{"origin": [-14.42513, 24.20993, -15.27873], "size": [1, 1, 3], "pivot": [-13.69305, 24.70932, -12.79661], "rotation": [0, -45, 0], "uv": [157, 182]}
					]
				},
				{
					"name": "bone10",
					"parent": "rightWFd",
					"pivot": [22, 24.20871, -8.53197],
					"rotation": [180, 0, 0],
					"cubes": [
						{"origin": [12.10222, 23.70871, -13.30843], "size": [2, 2, 3], "pivot": [13.30695, 24.70932, -12.79661], "rotation": [0, -20, 0], "uv": [176, 182]},
						{"origin": [12.57487, 24.20993, -15.27873], "size": [1, 1, 3], "pivot": [13.30695, 24.70932, -12.79661], "rotation": [0, -45, 0], "uv": [157, 182]}
					]
				},
				{
					"name": "fightWFdTip3",
					"parent": "rightWFd",
					"pivot": [32.1, 23.73371, -6.38197],
					"cubes": [
						{"origin": [31.35, 23.23371, -6.88197], "size": [20, 1, 1], "pivot": [31.85, 23.23371, -6.38197], "rotation": [0, 5, 0], "uv": [114, 190]},
						{"origin": [32, 23.73371, -13.38197], "size": [16, 0, 7], "uv": [78, 148]}
					]
				},
				{
					"name": "righWingFarm3",
					"parent": "rightWingFArmM",
					"pivot": [-44, 23.40871, -4.03197],
					"cubes": [
						{"origin": [-45.00459, 22.1581, -5.5488], "size": [25, 3, 3], "pivot": [-44, 23.40871, -4.53197], "rotation": [0, -15.25, 0], "uv": [0, 172]}
					]
				},
				{
					"name": "bone7",
					"parent": "righWingFarm3",
					"pivot": [-26, 23.40871, 0.46803],
					"cubes": [
						{"origin": [-33.89778, 22.10871, -4.30843], "size": [3, 3, 3], "uv": [156, 186]},
						{"origin": [-32.82078, 23.40871, -9.30332], "size": [1, 1, 3], "pivot": [-34.7, 22.90871, -5.03197], "rotation": [0, 30, 0], "uv": [157, 182]},
						{"origin": [-32.1, 22.90871, -9.33197], "size": [2, 2, 4], "pivot": [-26, 23.40871, 0.46803], "rotation": [0, 15, 0], "uv": [168, 186]}
					]
				},
				{
					"name": "TailBase",
					"parent": "Chest",
					"pivot": [0, 17.00207, 23.91173],
					"rotation": [-10, 0, 0]
				},
				{
					"name": "Tail1rot",
					"parent": "TailBase",
					"pivot": [0, 17.25207, 21.81173]
				},
				{
					"name": "Tail1",
					"parent": "Tail1rot",
					"pivot": [0, 17.25207, 21.81173],
					"rotation": [-5, 0, 0],
					"cubes": [
						{"origin": [-5, 16.50207, 23.71173], "size": [10, 18, 7], "pivot": [4, 20.50207, 23.71173], "rotation": [-90, 0, 0], "uv": [0, 67]}
					]
				},
				{
					"name": "spikesBack3",
					"parent": "Tail1",
					"pivot": [0.5, 20.50207, 35.01173],
					"cubes": [
						{"origin": [-0.48921, 21.1491, 26.87355], "size": [1, 2, 1], "pivot": [0.01079, 21.10538, 27.38006], "rotation": [-53.5, 0, 0], "uv": [7, 0]},
						{"origin": [-0.48921, 21.12864, 26.6462], "size": [1, 2, 1], "pivot": [0.01079, 21.10538, 27.38006], "rotation": [-59.5, 0, 0], "uv": [7, 0]},
						{"origin": [-0.48921, 19.1059, 26.90784], "size": [1, 2, 1], "inflate": 0.19, "pivot": [0.01079, 21.10538, 27.38006], "rotation": [-34, 0, 0], "uv": [0, 6]},
						{"origin": [-0.48921, 19.22893, 26.77932], "size": [1, 2, 1], "inflate": 0.2, "pivot": [0.01079, 21.10538, 27.38006], "rotation": [-51.5, 0, 0], "uv": [4, 6]},
						{"origin": [-0.48921, 18.82893, 31.77932], "size": [1, 2, 1], "inflate": 0.1, "pivot": [0.01079, 20.70538, 32.38006], "rotation": [-51.5, 0, 0], "uv": [4, 6]},
						{"origin": [-0.48921, 18.7059, 31.90784], "size": [1, 2, 1], "inflate": 0.09, "pivot": [0.01079, 20.70538, 32.38006], "rotation": [-34, 0, 0], "uv": [0, 6]},
						{"origin": [-0.48921, 20.62864, 31.6462], "size": [1, 2, 1], "pivot": [0.01079, 20.60538, 32.38006], "rotation": [-59.5, 0, 0], "uv": [7, 0]},
						{"origin": [-0.48921, 20.6491, 31.87355], "size": [1, 2, 1], "pivot": [0.01079, 20.60538, 32.38006], "rotation": [-53.5, 0, 0], "uv": [7, 0]},
						{"origin": [-0.50879, 19.60422, 35.25489], "size": [1, 2, 2], "pivot": [0.32881, 20.86293, 35.01173], "rotation": [-42.5, 0, 0], "uv": [0, 9]}
					]
				},
				{
					"name": "bone",
					"parent": "Tail1",
					"pivot": [0.5, 20.50207, 35.01173],
					"rotation": [0, 0, 22.5]
				},
				{
					"name": "leftHipWingA",
					"parent": "Tail1",
					"pivot": [3.5, 19.00207, 21.21173],
					"rotation": [0, 0, 10],
					"cubes": [
						{"origin": [3, 18.50207, 20.71173], "size": [20, 1, 1], "pivot": [3.5, 18.50207, 21.21173], "rotation": [0, -75, 0], "uv": [214, 186]},
						{"origin": [7, 19.00207, 21.21173], "size": [15, 0, 7], "pivot": [3.5, 19.00207, 21.21173], "rotation": [0, -75, 0], "uv": [51, 156]}
					]
				},
				{
					"name": "leftHipWingB",
					"parent": "leftHipWingA",
					"pivot": [3.4827, 18.90899, 21.17954],
					"cubes": [
						{"origin": [2.9827, 18.40899, 20.67954], "size": [22, 1, 1], "pivot": [3.4827, 18.40899, 21.17954], "rotation": [0, -52.5, 0], "uv": [210, 188]},
						{"origin": [5.9827, 18.90899, 21.42954], "size": [17, 0, 7], "pivot": [3.4827, 18.40899, 21.17954], "rotation": [0, -52.5, 0], "uv": [82, 156]}
					]
				},
				{
					"name": "leftHipWingC",
					"parent": "leftHipWingB",
					"pivot": [3.4654, 18.81591, 21.14735],
					"cubes": [
						{"origin": [2.9654, 18.31591, 20.64735], "size": [27, 1, 1], "pivot": [3.4654, 18.31591, 21.14735], "rotation": [0, -30, 0], "uv": [200, 190]},
						{"origin": [4.9654, 18.81591, 21.64735], "size": [25, 0, 7], "pivot": [3.4654, 18.31591, 21.14735], "rotation": [0, -30, 0], "uv": [66, 164]}
					]
				},
				{
					"name": "rightHipWingA",
					"parent": "Tail1",
					"pivot": [-3.5, 19.00207, 21.21173],
					"rotation": [0, 0, -10],
					"cubes": [
						{"origin": [-23, 18.50207, 20.71173], "size": [20, 1, 1], "pivot": [-3.5, 18.50207, 21.21173], "rotation": [0, 75, 0], "uv": [214, 186], "mirror": true},
						{"origin": [-22, 19.00207, 21.21173], "size": [15, 0, 7], "pivot": [-3.5, 19.00207, 21.21173], "rotation": [0, 75, 0], "uv": [51, 156], "mirror": true}
					]
				},
				{
					"name": "rightHipWingB",
					"parent": "rightHipWingA",
					"pivot": [-3.4827, 18.90899, 21.17954],
					"cubes": [
						{"origin": [-24.9827, 18.40899, 20.67954], "size": [22, 1, 1], "pivot": [-3.4827, 18.40899, 21.17954], "rotation": [0, 52.5, 0], "uv": [210, 188], "mirror": true},
						{"origin": [-22.9827, 18.90899, 21.42954], "size": [17, 0, 7], "pivot": [-3.4827, 18.40899, 21.17954], "rotation": [0, 52.5, 0], "uv": [82, 156], "mirror": true}
					]
				},
				{
					"name": "rightHipWingC",
					"parent": "rightHipWingB",
					"pivot": [-3.4654, 18.81591, 21.14735],
					"cubes": [
						{"origin": [-29.9654, 18.31591, 20.64735], "size": [27, 1, 1], "pivot": [-3.4654, 18.31591, 21.14735], "rotation": [0, 30, 0], "uv": [200, 190], "mirror": true},
						{"origin": [-29.9654, 18.81591, 21.64735], "size": [25, 0, 7], "pivot": [-3.4654, 18.31591, 21.14735], "rotation": [0, 30, 0], "uv": [66, 164], "mirror": true}
					]
				},
				{
					"name": "Tail2",
					"parent": "Tail1",
					"pivot": [0, 17.25207, 36.71173],
					"rotation": [-5, 0, 0],
					"cubes": [
						{"origin": [-3.5, 18.95207, 37.71173], "size": [7, 15, 6], "pivot": [3.5, 19.95207, 37.71173], "rotation": [-90, 0, 0], "uv": [53, 125]},
						{"origin": [0, 19.65207, 37.51173], "size": [0, 1, 11], "pivot": [0, 19.65207, 37.51173], "rotation": [-2.49762, 0.10901, 2.49763], "uv": [143, 16]}
					]
				},
				{
					"name": "Tail3rot",
					"parent": "Tail2",
					"pivot": [0, 16.90207, 50.21173]
				},
				{
					"name": "Tail3",
					"parent": "Tail3rot",
					"pivot": [0, 16.90207, 50.21173],
					"rotation": [2.5, 0, 0],
					"cubes": [
						{"origin": [-2.5, 16.40207, 51.71173], "size": [5, 18, 5], "pivot": [2.5, 19.40207, 51.71173], "rotation": [-90, 0, 0], "uv": [33, 134]}
					]
				},
				{
					"name": "Tail4rot",
					"parent": "Tail3",
					"pivot": [0, 16.85207, 65.71173]
				},
				{
					"name": "Tail4",
					"parent": "Tail4rot",
					"pivot": [0, 16.85207, 65.71173],
					"rotation": [5, 0, 0],
					"cubes": [
						{"origin": [-2, 16.90207, 66.71173], "size": [4, 17, 4], "pivot": [2, 18.90207, 66.71173], "rotation": [-90, 0, 0], "uv": [79, 126]}
					]
				},
				{
					"name": "Tail5rot",
					"parent": "Tail4",
					"pivot": [0, 16.90207, 80.71173]
				},
				{
					"name": "Tail5",
					"parent": "Tail5rot",
					"pivot": [0, 16.90207, 80.71173],
					"rotation": [7.5, 0, 0],
					"cubes": [
						{"origin": [-1.5, 16.40207, 81.71173], "size": [3, 17, 3], "pivot": [1.5, 18.40207, 81.71173], "rotation": [-90, 0, 0], "uv": [96, 127]}
					]
				},
				{
					"name": "Tail6",
					"parent": "Tail5",
					"pivot": [0, 16.90207, 96.71173],
					"rotation": [5, 0, 0],
					"cubes": [
						{"origin": [-1, 16.90207, 96.71173], "size": [2, 16, 2], "pivot": [0, 17.90207, 96.71173], "rotation": [-90, 0, 0], "uv": [109, 129]}
					]
				},
				{
					"name": "leftTailWing",
					"parent": "Tail5",
					"pivot": [1.5, 16.66317, 79.96212],
					"rotation": [2.5, 0, -20],
					"cubes": [
						{"origin": [0, 16.66317, 80.96212], "size": [15, 0, 29], "uv": [-29, 93]}
					]
				},
				{
					"name": "rightTailWing",
					"parent": "Tail5",
					"pivot": [-1.5, 16.66317, 79.96212],
					"rotation": [2.5, 0, 20],
					"cubes": [
						{"origin": [-15, 16.66317, 80.96212], "size": [15, 0, 29], "uv": [-29, 93], "mirror": true}
					]
				},
				{
					"name": "leftArm",
					"parent": "Chest",
					"pivot": [8.5, 13.85207, -2.48827],
					"rotation": [22.5, 12.5, -2.5],
					"cubes": [
						{"origin": [5.5, 6.85207, -4.48827], "size": [4, 9, 4], "uv": [156, 29]}
					]
				},
				{
					"name": "leftFArm",
					"parent": "leftArm",
					"pivot": [10, 6.85207, -2.48827],
					"rotation": [-50, 0, 0],
					"cubes": [
						{"origin": [5, -0.14793, -5.38827], "size": [5, 9, 5], "uv": [120, 48]},
						{"origin": [10, 1.35207, -0.48827], "size": [0, 7, 2], "pivot": [10, 8.35207, -0.48827], "rotation": [-10, 30, 0], "uv": [106, 172]}
					]
				},
				{
					"name": "leftFrontFeet",
					"parent": "leftFArm",
					"pivot": [7.5, -0.14793, -3.38827],
					"rotation": [25, 0, 0],
					"cubes": [
						{"origin": [5, -1.65922, -5.59573], "size": [5, 3, 5], "inflate": -0.2, "uv": [121, 39]},
						{"origin": [7, 0.06271, -8.38468], "size": [1, 1, 3], "pivot": [8, 1.06271, -5.38468], "rotation": [30, 0, 0], "uv": [118, 40]},
						{"origin": [8.84915, 0.06696, -7.64697], "size": [1, 1, 3], "pivot": [9.25, 1.06271, -4.63468], "rotation": [30, -20, 0], "uv": [118, 40]},
						{"origin": [5.15, 0.06271, -7.88468], "size": [1, 1, 3], "pivot": [5.65, 1.06271, -4.88468], "rotation": [30, 20, 0], "uv": [118, 40]},
						{"origin": [5, 0.06271, -5.58468], "size": [1, 1, 3], "pivot": [5.5, 1.06271, -2.58468], "rotation": [30, 55, 0], "uv": [104, 39]}
					]
				},
				{
					"name": "rightArm",
					"parent": "Chest",
					"pivot": [-8.5, 13.85207, -2.48827],
					"rotation": [22.5, -12.5, 2.5],
					"cubes": [
						{"origin": [-9.5, 6.85207, -4.48827], "size": [4, 9, 4], "uv": [156, 29], "mirror": true}
					]
				},
				{
					"name": "rightFArm",
					"parent": "rightArm",
					"pivot": [-10, 6.85207, -2.48827],
					"rotation": [-50, 0, 0],
					"cubes": [
						{"origin": [-10, -0.14793, -5.38827], "size": [5, 9, 5], "uv": [120, 48], "mirror": true},
						{"origin": [-10, 1.35207, -0.48827], "size": [0, 7, 2], "pivot": [-10, 8.35207, -0.48827], "rotation": [-10, -30, 0], "uv": [106, 172], "mirror": true}
					]
				},
				{
					"name": "rightFrontFeet",
					"parent": "rightFArm",
					"pivot": [-7.5, -0.14793, -3.38827],
					"rotation": [25, 0, 0],
					"cubes": [
						{"origin": [-10, -1.65922, -5.59573], "size": [5, 3, 5], "inflate": -0.2, "uv": [121, 39], "mirror": true},
						{"origin": [-8, 0.06271, -8.38468], "size": [1, 1, 3], "pivot": [-8, 1.06271, -5.38468], "rotation": [30, 0, 0], "uv": [118, 40], "mirror": true},
						{"origin": [-9.84915, 0.06696, -7.64697], "size": [1, 1, 3], "pivot": [-9.25, 1.06271, -4.63468], "rotation": [30, 20, 0], "uv": [118, 40], "mirror": true},
						{"origin": [-6.15, 0.06271, -7.88468], "size": [1, 1, 3], "pivot": [-5.65, 1.06271, -4.88468], "rotation": [30, -20, 0], "uv": [118, 40], "mirror": true},
						{"origin": [-6, 0.06271, -5.58468], "size": [1, 1, 3], "pivot": [-5.5, 1.06271, -2.58468], "rotation": [30, -55, 0], "uv": [104, 39], "mirror": true}
					]
				},
				{
					"name": "leftThigh",
					"parent": "Chest",
					"pivot": [6, 17.00207, 19.51173],
					"rotation": [-20, -10, 0],
					"cubes": [
						{"origin": [4, 9.00207, 17.51173], "size": [4, 8, 4], "uv": [0, 45]}
					]
				},
				{
					"name": "leftShin",
					"parent": "leftThigh",
					"pivot": [8, 9.00207, 17.51173],
					"rotation": [61, 0, 0],
					"cubes": [
						{"origin": [4, 2.00207, 17.51173], "size": [4, 7, 4], "inflate": -0.01, "uv": [16, 43]}
					]
				},
				{
					"name": "leftLeg",
					"parent": "leftShin",
					"pivot": [8.5, 2.00207, 21.51173],
					"rotation": [-47.5, 0, 0],
					"cubes": [
						{"origin": [3.5, -4.99793, 16.51173], "size": [5, 7, 5], "uv": [33, 41]}
					]
				},
				{
					"name": "leftBackPaw",
					"parent": "leftLeg",
					"pivot": [8.5, -5.49793, 18.76173],
					"rotation": [5, 0, 0],
					"cubes": [
						{"origin": [3.5, -6.66457, 16.45269], "size": [5, 3, 5], "inflate": -0.2, "uv": [53, 45]},
						{"origin": [5.5, -5.07742, 13.60649], "size": [1, 1, 3], "pivot": [6, -4.07742, 16.60649], "rotation": [30, 0, 0], "uv": [118, 40]},
						{"origin": [3.7, -5.07742, 13.85649], "size": [1, 1, 3], "pivot": [4.2, -4.07742, 16.85649], "rotation": [30, 25, 0], "uv": [118, 40]},
						{"origin": [4.2, -5.07742, 17.10649], "size": [1, 1, 3], "pivot": [4.7, -4.07742, 20.10649], "rotation": [30, 65, 0], "uv": [104, 39]},
						{"origin": [7.25, -5.07742, 14.35649], "size": [1, 1, 3], "pivot": [7.75, -4.07742, 17.35649], "rotation": [30, -25, 0], "uv": [118, 40]}
					]
				},
				{
					"name": "rightThigh",
					"parent": "Chest",
					"pivot": [-6, 17.00207, 19.51173],
					"rotation": [-17.5, 10, 0],
					"cubes": [
						{"origin": [-8, 9.00207, 17.51173], "size": [4, 8, 4], "uv": [0, 45], "mirror": true}
					]
				},
				{
					"name": "rightShin",
					"parent": "rightThigh",
					"pivot": [-8, 9.00207, 17.51173],
					"rotation": [61, 0, 0],
					"cubes": [
						{"origin": [-8, 2.00207, 17.51173], "size": [4, 7, 4], "inflate": -0.01, "uv": [16, 43], "mirror": true}
					]
				},
				{
					"name": "rightLeg",
					"parent": "rightShin",
					"pivot": [-8.5, 2.00207, 21.51173],
					"rotation": [-47.5, 0, 0],
					"cubes": [
						{"origin": [-8.5, -4.99793, 16.51173], "size": [5, 7, 5], "uv": [33, 41], "mirror": true}
					]
				},
				{
					"name": "rightBackPaw",
					"parent": "rightLeg",
					"pivot": [-8.5, -5.49793, 18.76173],
					"rotation": [5, 0, 0],
					"cubes": [
						{"origin": [-8.5, -6.66457, 16.45269], "size": [5, 3, 5], "inflate": -0.2, "uv": [53, 45], "mirror": true},
						{"origin": [-6.5, -5.07742, 13.60649], "size": [1, 1, 3], "pivot": [-6, -4.07742, 16.60649], "rotation": [30, 0, 0], "uv": [118, 40], "mirror": true},
						{"origin": [-4.7, -5.07742, 13.85649], "size": [1, 1, 3], "pivot": [-4.2, -4.07742, 16.85649], "rotation": [30, -25, 0], "uv": [118, 40], "mirror": true},
						{"origin": [-5.2, -5.07742, 17.10649], "size": [1, 1, 3], "pivot": [-4.7, -4.07742, 20.10649], "rotation": [30, -65, 0], "uv": [104, 39], "mirror": true},
						{"origin": [-8.25, -5.07742, 14.35649], "size": [1, 1, 3], "pivot": [-7.75, -4.07742, 17.35649], "rotation": [30, 25, 0], "uv": [118, 40], "mirror": true}
					]
				},
				{
					"name": "spikesBack",
					"parent": "Chest",
					"pivot": [0.5, 25.20207, 8.51173],
					"rotation": [-58.5, 0, 0],
					"cubes": [
						{"origin": [-0.98921, 24.85162, 9.70155], "size": [2, 3, 3], "pivot": [1.1, 24.90207, 9.66173], "rotation": [-2, 0, 0], "uv": [0, 13]},
						{"origin": [-0.48921, 27.85162, 10.20155], "size": [1, 2, 1], "inflate": 0.2, "pivot": [0.6, 27.90207, 10.16173], "rotation": [-9, 0, 0], "uv": [7, 0]},
						{"origin": [-0.48921, 27.55162, 10.90155], "size": [1, 2, 1], "inflate": 0.19, "pivot": [0.6, 27.60207, 10.86173], "rotation": [8.5, 0, 0], "uv": [4, 6]},
						{"origin": [-0.48921, 29.85162, 10.40155], "size": [1, 2, 1], "pivot": [0.6, 29.90207, 10.36173], "rotation": [-17, 0, 0], "uv": [7, 0]},
						{"origin": [-0.48921, 29.75162, 10.60155], "size": [1, 2, 1], "pivot": [0.6, 29.80207, 10.56173], "rotation": [-11, 0, 0], "uv": [7, 0]},
						{"origin": [-0.98921, 29.55162, 13.50155], "size": [2, 2, 3], "pivot": [1.1, 28.60207, 13.46173], "rotation": [-2, 0, 0], "uv": [5, 6]},
						{"origin": [-0.48921, 31.55162, 14.00155], "size": [1, 2, 1], "inflate": 0.2, "pivot": [0.6, 31.60207, 13.96173], "rotation": [-9, 0, 0], "uv": [7, 0]},
						{"origin": [-0.48921, 31.25162, 14.70155], "size": [1, 2, 1], "inflate": 0.19, "pivot": [0.6, 31.30207, 14.66173], "rotation": [8.5, 0, 0], "uv": [0, 6]},
						{"origin": [-0.48921, 33.55162, 14.20155], "size": [1, 2, 1], "pivot": [0.6, 33.60207, 14.16173], "rotation": [-17, 0, 0], "uv": [7, 0]},
						{"origin": [-0.48921, 33.45162, 14.40155], "size": [1, 2, 1], "pivot": [0.6, 33.50207, 14.36173], "rotation": [-11, 0, 0], "uv": [7, 0]},
						{"origin": [-0.98921, 32.95162, 17.00155], "size": [2, 2, 3], "pivot": [1.1, 32.00207, 16.96173], "rotation": [-2, 0, 0], "uv": [10, 1]},
						{"origin": [-0.48921, 34.95162, 17.50155], "size": [1, 2, 1], "inflate": 0.2, "pivot": [0.6, 35.00207, 17.46173], "rotation": [-9, 0, 0], "uv": [7, 0]},
						{"origin": [-0.48921, 34.65162, 18.20155], "size": [1, 2, 1], "inflate": 0.19, "pivot": [0.6, 34.70207, 18.16173], "rotation": [8.5, 0, 0], "uv": [0, 6]},
						{"origin": [-0.48921, 36.95162, 17.70155], "size": [1, 2, 1], "pivot": [0.6, 37.00207, 17.66173], "rotation": [-17, 0, 0], "uv": [7, 0]},
						{"origin": [-0.48921, 36.85162, 17.90155], "size": [1, 2, 1], "pivot": [0.6, 36.90207, 17.86173], "rotation": [-11, 0, 0], "uv": [7, 0]}
					]
				},
				{
					"name": "spikesBack2",
					"parent": "Chest",
					"pivot": [0.5, 24.60207, 8.51173],
					"rotation": [-13.9042, 5.68422, 21.80633]
				},
				{
					"name": "Saddle",
					"parent": "Chest",
					"pivot": [0, 24.70906, -1.98904],
					"cubes": [
						{"origin": [-4, 21.45906, -7.98904], "size": [8, 4, 16], "pivot": [0, 24.70906, -1.98904], "rotation": [0.5, 0, 0], "uv": [0, 151]},
						{"origin": [-2, 22.43623, -8.45618], "size": [4, 4, 2], "pivot": [0, 24.70906, -1.98904], "rotation": [2.5, 0, 0], "uv": [2, 161]}
					]
				},
				{
					"name": "Bags",
					"parent": "Saddle",
					"pivot": [0, 24.70906, -1.98904],
					"cubes": [
						{"origin": [3, 21.70906, 3.26096], "size": [3, 4, 5], "pivot": [4, 24.70906, 7.01096], "rotation": [0, 0, -70], "uv": [0, 151]},
						{"origin": [-6, 21.70906, 3.26096], "size": [3, 4, 5], "pivot": [-4, 24.70906, 7.01096], "rotation": [0, 0, 70], "uv": [0, 151], "mirror": true}
					]
				},
				{
					"name": "Neck1rot",
					"parent": "Chest",
					"pivot": [0, 19, -4.5]
				},
				{
					"name": "NeckBase",
					"parent": "Neck1rot",
					"pivot": [0, 19.10207, -4.48827],
					"rotation": [-5, 0, 0],
					"cubes": [
						{"origin": [-6, 13.60207, -9.48827], "size": [12, 10, 7], "uv": [186, 24]}
					]
				},
				{
					"name": "Neck2rot",
					"parent": "NeckBase",
					"pivot": [0, 19.10207, -8.48827]
				},
				{
					"name": "Neck",
					"parent": "Neck2rot",
					"pivot": [0, 19.10207, -8.48827],
					"rotation": [22.5, 0, 0],
					"cubes": [
						{"origin": [-5, 25.03542, -14.69839], "size": [10, 11, 5], "pivot": [4, 25.03542, -14.69839], "rotation": [-122.5, 0, 0], "uv": [226, 0]},
						{"origin": [-4.5, 22.03739, -14.70159], "size": [9, 3, 10], "pivot": [3.5, 25.01809, -14.71126], "rotation": [-17.5, 0, 0], "uv": [218, 17]}
					]
				},
				{
					"name": "Headrot",
					"parent": "Neck",
					"pivot": [0, 22.60207, -15.23827]
				},
				{
					"name": "head",
					"parent": "Headrot",
					"pivot": [0, 23.70207, -14.93827],
					"rotation": [-17.5, 0, 0],
					"cubes": [
						{"origin": [-5, 21.60207, -22.68827], "size": [10, 4, 9], "inflate": 0.01, "pivot": [0, 23.60207, -18.18827], "rotation": [5, 0, 0], "uv": [0, 29]},
						{"origin": [-5.83923, 21.20207, -22.58286], "size": [2, 4, 9], "pivot": [-4.83923, 23.20207, -18.08286], "rotation": [0, -10, 0], "uv": [0, 29]},
						{"origin": [3.83923, 21.20207, -22.58286], "size": [2, 4, 9], "pivot": [4.83923, 23.20207, -18.08286], "rotation": [0, 10, 0], "uv": [0, 29], "mirror": true}
					]
				},
				{
					"name": "rightHorn1",
					"parent": "head",
					"pivot": [-0.7, 24.70207, -14.98827],
					"rotation": [44.10297, -16.65478, -21.82398],
					"cubes": [
						{"origin": [-1.26741, 23.34115, -13.86976], "size": [1, 2, 3], "inflate": 0.1, "pivot": [-1.45, 24.7, -14.325], "rotation": [0, 3.75, 0], "uv": [64, 165], "mirror": true},
						{"origin": [-1.92808, 23.34115, -13.75098], "size": [1, 2, 3], "inflate": 0.11, "pivot": [-1.42808, 24.34115, -12.25098], "rotation": [0, 16.5, 0], "uv": [94, 30], "mirror": true},
						{"origin": [-1.11852, 23.75674, -11.23324], "size": [1, 1, 2], "inflate": 0.14, "pivot": [-0.78918, 23.35207, -10.27833], "rotation": [12, 11.5, 0], "uv": [33, 161], "mirror": true},
						{"origin": [-1.12777, 24.04115, -11.34094], "size": [1, 1, 2], "inflate": 0.15, "pivot": [-0.62777, 24.54115, -10.34094], "rotation": [-5, 11.5, 0], "uv": [33, 161], "mirror": true},
						{"origin": [-0.81852, 23.94115, -9.80751], "size": [1, 1, 2], "pivot": [-0.48918, 23.45207, -8.77833], "rotation": [-3, 11.5, 0], "uv": [33, 161], "mirror": true}
					]
				},
				{
					"name": "leftHorn1",
					"parent": "head",
					"pivot": [0.7, 24.70207, -14.98827],
					"rotation": [44.10297, 16.65478, 21.82398],
					"cubes": [
						{"origin": [0.26741, 23.34115, -13.86976], "size": [1, 2, 3], "inflate": 0.1, "pivot": [1.45, 24.7, -14.325], "rotation": [0, -3.75, 0], "uv": [64, 165]},
						{"origin": [0.92808, 23.34115, -13.75098], "size": [1, 2, 3], "inflate": 0.11, "pivot": [1.42808, 24.34115, -12.25098], "rotation": [0, -16.5, 0], "uv": [94, 30]},
						{"origin": [0.11852, 23.75674, -11.23324], "size": [1, 1, 2], "inflate": 0.14, "pivot": [0.78918, 23.35207, -10.27833], "rotation": [12, -11.5, 0], "uv": [33, 161]},
						{"origin": [0.12777, 24.04115, -11.34094], "size": [1, 1, 2], "inflate": 0.15, "pivot": [0.62777, 24.54115, -10.34094], "rotation": [-5, -11.5, 0], "uv": [33, 161]},
						{"origin": [-0.18148, 23.94115, -9.80751], "size": [1, 1, 2], "pivot": [0.48918, 23.45207, -8.77833], "rotation": [-3, -11.5, 0], "uv": [33, 161]}
					]
				},
				{
					"name": "leftHorn2",
					"parent": "head",
					"pivot": [6.6, 22.95207, -14.08827],
					"rotation": [-8, 29, 0],
					"cubes": [
						{"origin": [5.42946, 22.89043, -14.68871], "size": [1, 2, 3], "inflate": 0.1, "pivot": [5.93641, 23.77892, -11.60685], "rotation": [13.97819, -3.08683, 87.16319], "uv": [64, 165]},
						{"origin": [5.62253, 23.59779, -10.56714], "size": [1, 1, 2], "pivot": [5.93641, 23.77892, -11.60685], "rotation": [11.20506, -10.60431, 85.26408], "uv": [33, 161]},
						{"origin": [5.61746, 23.63039, -12.16369], "size": [1, 1, 2], "inflate": 0.15, "pivot": [5.93641, 23.77892, -11.60685], "rotation": [9.20506, -10.60431, 85.26408], "uv": [33, 161]},
						{"origin": [5.61746, 23.22097, -12.25389], "size": [1, 1, 2], "inflate": 0.14, "pivot": [5.93641, 23.77892, -11.60685], "rotation": [26.20506, -10.60431, 85.26408], "uv": [33, 161]},
						{"origin": [5.88279, 22.89043, -14.71101], "size": [1, 2, 3], "inflate": 0.11, "pivot": [5.93641, 23.77892, -11.60685], "rotation": [14.49191, -15.44855, 83.99264], "uv": [94, 30]}
					]
				},
				{
					"name": "rightHorn3",
					"parent": "head",
					"pivot": [-6.325, 21.10207, -14.98827],
					"rotation": [-28, -23, 0],
					"cubes": [
						{"origin": [-6.2326, 21.34342, -15.91161], "size": [1, 2, 3], "inflate": -0.12, "pivot": [-5.79269, 22.28754, -12.80403], "rotation": [23.58392, -5.89138, -95.26384], "uv": [64, 165], "mirror": true},
						{"origin": [-6.68157, 21.34342, -15.92154], "size": [1, 2, 3], "inflate": -0.121, "pivot": [-5.79269, 22.28754, -12.80403], "rotation": [23.5799, 5.80157, -90.17192], "uv": [94, 30], "mirror": true},
						{"origin": [-6.31761, 21.67898, -13.88056], "size": [1, 1, 2], "inflate": -0.1, "pivot": [-5.69269, 22.28754, -13.20403], "rotation": [35.45748, 1.21645, -92.17037], "uv": [33, 161], "mirror": true},
						{"origin": [-6.31761, 22.082, -13.97427], "size": [1, 1, 2], "inflate": -0.15, "pivot": [-5.69269, 22.28754, -13.40403], "rotation": [18.45748, 1.21645, -92.17037], "uv": [33, 161], "mirror": true},
						{"origin": [-6.02269, 22.0499, -12.7797], "size": [1, 1, 2], "inflate": -0.2, "pivot": [-5.39269, 22.28754, -13.80403], "rotation": [20.45748, 1.21645, -92.17037], "uv": [33, 161], "mirror": true}
					]
				},
				{
					"name": "leftHorn3",
					"parent": "head",
					"pivot": [6.325, 21.10207, -14.98827],
					"rotation": [-28, 23, 0],
					"cubes": [
						{"origin": [5.2326, 21.34342, -15.91161], "size": [1, 2, 3], "inflate": -0.12, "pivot": [5.79269, 22.28754, -12.80403], "rotation": [23.58392, 5.89138, 95.26384], "uv": [64, 165]},
						{"origin": [5.68157, 21.34342, -15.92154], "size": [1, 2, 3], "inflate": -0.121, "pivot": [5.79269, 22.28754, -12.80403], "rotation": [23.5799, -5.80157, 90.17192], "uv": [94, 30]},
						{"origin": [5.31761, 21.67898, -13.88056], "size": [1, 1, 2], "inflate": -0.1, "pivot": [5.69269, 22.28754, -13.20403], "rotation": [35.45748, -1.21645, 92.17037], "uv": [33, 161]},
						{"origin": [5.31761, 22.082, -13.97427], "size": [1, 1, 2], "inflate": -0.15, "pivot": [5.69269, 22.28754, -13.40403], "rotation": [18.45748, -1.21645, 92.17037], "uv": [33, 161]},
						{"origin": [5.02269, 22.0499, -12.7797], "size": [1, 1, 2], "inflate": -0.2, "pivot": [5.39269, 22.28754, -13.80403], "rotation": [20.45748, -1.21645, 92.17037], "uv": [33, 161]}
					]
				},
				{
					"name": "rightHorn2",
					"parent": "head",
					"pivot": [-6.6, 22.95207, -14.08827],
					"rotation": [-8, -29, 0],
					"cubes": [
						{"origin": [-6.62253, 23.59779, -10.56714], "size": [1, 1, 2], "pivot": [-5.93641, 23.77892, -11.60685], "rotation": [11.20506, 10.60431, -85.26408], "uv": [33, 161], "mirror": true},
						{"origin": [-6.61746, 23.63039, -12.16369], "size": [1, 1, 2], "inflate": 0.15, "pivot": [-5.93641, 23.77892, -11.60685], "rotation": [9.20506, 10.60431, -85.26408], "uv": [33, 161], "mirror": true},
						{"origin": [-6.61746, 23.22097, -12.25389], "size": [1, 1, 2], "inflate": 0.14, "pivot": [-5.93641, 23.77892, -11.60685], "rotation": [26.20506, 10.60431, -85.26408], "uv": [33, 161], "mirror": true},
						{"origin": [-6.88279, 22.89043, -14.71101], "size": [1, 2, 3], "inflate": 0.11, "pivot": [-5.93641, 23.77892, -11.60685], "rotation": [14.49191, 15.44855, -83.99264], "uv": [94, 30], "mirror": true},
						{"origin": [-6.42946, 22.89043, -14.68871], "size": [1, 2, 3], "inflate": 0.1, "pivot": [-5.93641, 23.77892, -11.60685], "rotation": [13.97819, 3.08683, -87.16319], "uv": [64, 165], "mirror": true}
					]
				},
				{
					"name": "headhornsmall2",
					"parent": "head",
					"pivot": [0.1, 23.8, -19.4],
					"cubes": [
						{"origin": [-0.52276, 23.21673, -18.50933], "size": [1, 1, 3], "pivot": [0.1, 23.8, -19.4], "rotation": [47.5, 0, 0], "uv": [157, 182]},
						{"origin": [-0.52276, 22.61947, -18.06059], "size": [1, 1, 3], "inflate": -0.01, "pivot": [0.1, 23.275, -19], "rotation": [57.5, 0, 0], "uv": [157, 182]},
						{"origin": [-0.52276, 24.33338, -17.62343], "size": [1, 1, 3], "inflate": -0.15, "pivot": [0.1, 24.9, -18.5], "rotation": [45, 0, 0], "uv": [157, 182]},
						{"origin": [-0.52276, 24.04948, -17.42097], "size": [1, 1, 3], "inflate": -0.151, "pivot": [0.1, 24.65, -18.325], "rotation": [50, 0, 0], "uv": [157, 182]}
					]
				},
				{
					"name": "headhornsmall",
					"parent": "head",
					"pivot": [0.1, 23.4, -23.1],
					"cubes": [
						{"origin": [-0.52276, 22.81673, -22.20933], "size": [1, 1, 3], "pivot": [0.1, 23.4, -23.1], "rotation": [47.5, 0, 0], "uv": [157, 182]},
						{"origin": [-0.52276, 22.21947, -21.76059], "size": [1, 1, 3], "inflate": -0.01, "pivot": [0.1, 22.875, -22.7], "rotation": [57.5, 0, 0], "uv": [157, 182]},
						{"origin": [-0.52276, 23.73338, -21.52343], "size": [1, 1, 3], "inflate": -0.15, "pivot": [0.1, 24.3, -22.4], "rotation": [45, 0, 0], "uv": [157, 182]},
						{"origin": [-0.52276, 23.44948, -21.32097], "size": [1, 1, 3], "inflate": -0.151, "pivot": [0.1, 24.05, -22.225], "rotation": [50, 0, 0], "uv": [157, 182]}
					]
				},
				{
					"name": "topteeth",
					"parent": "head",
					"pivot": [0, 21.05207, -26.93827],
					"cubes": [
						{"origin": [-6.75, 20.15207, -26.58827], "size": [6, 1, 6], "pivot": [0, 21.05207, -27.33827], "rotation": [14.00194, 44.13603, 9.85108], "uv": [34, 159]}
					]
				},
				{
					"name": "HeadMuzzle",
					"parent": "head",
					"pivot": [0, 21.17707, -23.21327],
					"cubes": [
						{"origin": [-1.5, 21.17707, -26.21327], "size": [3, 4, 4], "uv": [58, 36]}
					]
				},
				{
					"name": "Nose1",
					"parent": "HeadMuzzle",
					"pivot": [0.5, 21.17707, -27.21327],
					"cubes": [
						{"origin": [-1.5, 20.75207, -27.96327], "size": [3, 2, 3], "pivot": [0.5, 22.75207, -27.96327], "rotation": [7.5, 0, 0], "uv": [33, 30]}
					]
				},
				{
					"name": "Nose2",
					"parent": "HeadMuzzle",
					"pivot": [0.5, 24.17707, -28.21327],
					"cubes": [
						{"origin": [-1.5, 21.9, -27.25529], "size": [3, 3, 2], "inflate": -0.01, "pivot": [0, 23.42102, -26.25529], "rotation": [-35.25, 0, 0], "uv": [72, 36]}
					]
				},
				{
					"name": "leftEyeC",
					"parent": "head",
					"pivot": [5, 21.17707, -22.68827],
					"rotation": [0, 45, 0],
					"cubes": [
						{"origin": [2, 21.15207, -27.68827], "size": [3, 4, 5], "uv": [41, 31]}
					]
				},
				{
					"name": "leftEye",
					"parent": "leftEyeC",
					"pivot": [4.75, 22.92707, -25.93827],
					"cubes": [
						{"origin": [3.75, 21.47707, -27.93827], "size": [2, 3, 4], "inflate": -0.45, "uv": [84, 26]}
					]
				},
				{
					"name": "lefteyelidbottom",
					"parent": "leftEye",
					"pivot": [4.3, 21.4, -26.1],
					"cubes": [
						{"origin": [3.25, 21.47707, -27.93827], "size": [2, 3, 4], "inflate": -0.45, "uv": [111, 175]}
					]
				},
				{
					"name": "lefteyelidtop",
					"parent": "leftEye",
					"pivot": [4, 24.1, -25.9],
					"cubes": [
						{"origin": [3.25, 21.47707, -27.93827], "size": [2, 3, 4], "inflate": -0.45, "uv": [111, 175]}
					]
				},
				{
					"name": "leftpupil",
					"parent": "leftEye",
					"pivot": [4.725, 22.92707, -25.91327],
					"cubes": [
						{"origin": [5.325, 21.02707, -27.71327], "size": [0, 4, 4], "uv": [191, 184]}
					]
				},
				{
					"name": "rightEyeC",
					"parent": "head",
					"pivot": [-5, 21.17707, -22.68827],
					"rotation": [0, -45, 0],
					"cubes": [
						{"origin": [-5, 21.15207, -27.68827], "size": [3, 4, 5], "uv": [41, 31], "mirror": true}
					]
				},
				{
					"name": "rightEye",
					"parent": "rightEyeC",
					"pivot": [-4.75, 22.92707, -25.93827],
					"cubes": [
						{"origin": [-5.75, 21.47707, -27.93827], "size": [2, 3, 4], "inflate": -0.45, "uv": [84, 26], "mirror": true}
					]
				},
				{
					"name": "righteyelidtop",
					"parent": "rightEye",
					"pivot": [-4.2, 24, -25.9],
					"cubes": [
						{"origin": [-5.25, 21.47707, -27.93827], "size": [2, 3, 4], "inflate": -0.45, "uv": [111, 175]}
					]
				},
				{
					"name": "righteyelidbottom",
					"parent": "rightEye",
					"pivot": [-4, 21.9, -25.9],
					"cubes": [
						{"origin": [-5.25, 21.47707, -27.93827], "size": [2, 3, 4], "inflate": -0.45, "uv": [111, 175]}
					]
				},
				{
					"name": "rightpupil",
					"parent": "rightEye",
					"pivot": [-4.25, 22.92707, -25.83827],
					"cubes": [
						{"origin": [-5.325, 21.02707, -27.73827], "size": [0, 4, 4], "uv": [191, 184]}
					]
				},
				{
					"name": "Jaw",
					"parent": "head",
					"pivot": [0, 21.20207, -15.68827],
					"cubes": [
						{"origin": [-2.05, 20.20207, -22.68827], "size": [7, 1, 7], "inflate": 0.01, "pivot": [4.95, 20.20207, -22.68827], "rotation": [0, -45, 0], "uv": [130, 17]},
						{"origin": [-5, 20.20207, -22.68827], "size": [10, 1, 8], "inflate": -0.01, "uv": [100, 30]},
						{"origin": [-5.7, 20.20207, -22.48827], "size": [3, 1, 8], "pivot": [-4.2, 20.70207, -18.48827], "rotation": [0, -10, 0], "uv": [128, 29]},
						{"origin": [2.7, 20.20207, -22.48827], "size": [3, 1, 8], "pivot": [4.2, 20.70207, -18.48827], "rotation": [0, 10, 0], "uv": [128, 29], "mirror": true},
						{"origin": [-5, 21.20207, -20.38827], "size": [0, 4, 4], "inflate": -0.01, "pivot": [-5, 23.20207, -17.38827], "rotation": [0, -10, 0], "uv": [54, 28]},
						{"origin": [5, 21.20207, -20.38827], "size": [0, 4, 4], "inflate": -0.01, "pivot": [5, 23.20207, -17.38827], "rotation": [0, 10, 0], "uv": [54, 28], "mirror": true}
					]
				},
				{
					"name": "bottomteeth",
					"parent": "Jaw",
					"pivot": [-0.05, 21.90207, -27.18827],
					"cubes": [
						{"origin": [0.81396, 20.85207, -26.39538], "size": [6, 1, 6], "pivot": [-0.05, 21.90207, -27.18827], "rotation": [-7.05323, -44.78238, 4.98107], "uv": [58, 148]}
					]
				},
				{
					"name": "tongue",
					"parent": "Jaw",
					"pivot": [0, 22.1, -16.5],
					"cubes": [
						{"origin": [-2.5, 21.1, -19.7], "size": [5, 1, 4], "uv": [197, 182]}
					]
				},
				{
					"name": "tonguemid",
					"parent": "tongue",
					"pivot": [0, 21.8, -19.7],
					"cubes": [
						{"origin": [-2, 21.1, -21.7], "size": [4, 1, 2], "uv": [244, 182]}
					]
				},
				{
					"name": "tonguetips",
					"parent": "tonguemid",
					"pivot": [0, 21.9, -21.6],
					"cubes": [
						{"origin": [0.4, 21.1, -22.7], "size": [1, 1, 1], "uv": [166, 186]},
						{"origin": [-1.5, 21.1, -22.7], "size": [1, 1, 1], "uv": [166, 186]}
					]
				},
				{
					"name": "rightEar",
					"parent": "head",
					"pivot": [-5.7, 25.90207, -14.78827],
					"rotation": [36.54495, -44.31369, -18.42475],
					"cubes": [
						{"origin": [-4.75328, 24.43818, -12.21624], "size": [1, 1, 2], "inflate": 0.15, "pivot": [-4.28918, 23.55207, -11.17833], "rotation": [0, 11.5, 0], "uv": [33, 161], "mirror": true},
						{"origin": [-4.75328, 24.24976, -12.07633], "size": [1, 1, 2], "inflate": 0.14, "pivot": [-4.28918, 23.45207, -11.17833], "rotation": [9.5, 11.5, 0], "uv": [33, 161], "mirror": true},
						{"origin": [-4.45328, 24.46944, -10.5856], "size": [1, 1, 2], "pivot": [-3.98918, 23.65207, -9.57833], "rotation": [2, 11.5, 0], "uv": [33, 161], "mirror": true},
						{"origin": [-6.20451, 23.73818, -16.02481], "size": [1, 2, 4], "inflate": 0.11, "pivot": [-6.15, 24.7, -15.5], "rotation": [0, 16.5, 0], "uv": [92, 23], "mirror": true},
						{"origin": [-5.00212, 23.73818, -15.36025], "size": [1, 2, 3], "inflate": 0.1, "pivot": [-5.05, 24.7, -15.825], "rotation": [0, 3.75, 0], "uv": [64, 165], "mirror": true}
					]
				},
				{
					"name": "leftEar",
					"parent": "head",
					"pivot": [5.7, 25.90207, -14.78827],
					"rotation": [36.54495, 44.31369, 18.42475],
					"cubes": [
						{"origin": [4.00212, 23.73818, -15.36025], "size": [1, 2, 3], "inflate": 0.1, "pivot": [5.05, 24.7, -15.825], "rotation": [0, -3.75, 0], "uv": [64, 165]},
						{"origin": [5.20451, 23.73818, -16.02481], "size": [1, 2, 4], "inflate": 0.11, "pivot": [6.15, 24.7, -15.5], "rotation": [0, -16.5, 0], "uv": [92, 23]},
						{"origin": [3.75328, 24.24976, -12.07633], "size": [1, 1, 2], "inflate": 0.14, "pivot": [4.28918, 23.45207, -11.17833], "rotation": [9.5, -11.5, 0], "uv": [33, 161]},
						{"origin": [3.75328, 24.43818, -12.21624], "size": [1, 1, 2], "inflate": 0.15, "pivot": [4.28918, 23.55207, -11.17833], "rotation": [0, -11.5, 0], "uv": [33, 161]},
						{"origin": [3.45328, 24.46944, -10.5856], "size": [1, 1, 2], "pivot": [3.98918, 23.65207, -9.57833], "rotation": [2, -11.5, 0], "uv": [33, 161]}
					]
				}
			]
		}
	]
}