{
	"format_version": "1.12.0",
	"minecraft:geometry": [
		{
			"description": {
				"identifier": "geometry.NightFuryModel",
				"texture_width": 256,
				"texture_height": 192,
				"visible_bounds_width": 19,
				"visible_bounds_height": 7,
				"visible_bounds_offset": [0, 0.5, 0]
			},
			"bones": [
				{
					"name": "root",
					"pivot": [0, 0, 0]
				},
				{
					"name": "rotation",
					"parent": "root",
					"pivot": [0, 25, 0]
				},
				{
					"name": "Chest",
					"parent": "rotation",
					"pivot": [0, 24.5, 0],
					"rotation": [6, 0, 0],
					"cubes": [
						{"origin": [-7, 10.60207, -6.48827], "size": [14, 14, 15], "uv": [0, 0]},
						{"origin": [-6, 15.60207, 8.51173], "size": [12, 9, 17], "pivot": [0, 24.60207, 8.51173], "rotation": [-15, 0, 0], "uv": [58, 0]},
						{"origin": [-5.5, 12.10207, 4.51173], "size": [11, 9, 4], "pivot": [5.5, 12.10207, 8.51173], "rotation": [-85, 0, 0], "uv": [44, 0]},
						{"origin": [-0.5, 24.30207, -1.38827], "size": [1, 2, 2], "inflate": -0.1, "pivot": [0.5, 24.30207, -1.38827], "rotation": [-60, 0, 0], "uv": [0, 9]},
						{"origin": [-0.5, 22.30207, -2.38827], "size": [1, 2, 2], "inflate": -0.1, "pivot": [0.5, 24.30207, -1.38827], "rotation": [-60, 0, 0], "uv": [0, 9]},
						{"origin": [-0.5, 24.60207, 1.51173], "size": [1, 2, 2], "inflate": -0.1, "pivot": [0.5, 24.60207, 1.51173], "rotation": [-60, 0, 0], "uv": [0, 9]},
						{"origin": [-0.5, 26.60207, 2.51173], "size": [1, 2, 2], "inflate": -0.1, "pivot": [0.5, 24.60207, 1.51173], "rotation": [-60, 0, 0], "uv": [0, 9]},
						{"origin": [-0.5, 23.60207, 0.51173], "size": [1, 2, 2], "inflate": -0.1, "pivot": [0.5, 24.60207, 1.51173], "rotation": [-60, 0, 0], "uv": [0, 9]},
						{"origin": [-0.5, 23.35207, 4.51173], "size": [1, 4, 3], "pivot": [0.5, 24.35207, 4.51173], "rotation": [-60, 0, 0], "uv": [0, 0]},
						{"origin": [-0.5, 25.35207, 5.51173], "size": [1, 4, 3], "pivot": [0.5, 24.35207, 4.51173], "rotation": [-60, 0, 0], "uv": [0, 0]},
						{"origin": [0, 24, 4], "size": [1, 3, 1], "pivot": [0.5, 31.5, -0.5], "rotation": [-70, 0, 0], "uv": [5, 121]},
						{"origin": [0, 27, 5], "size": [1, 3, 1], "pivot": [0.5, 31.5, -0.5], "rotation": [-70, 0, 0], "uv": [5, 121]},
						{"origin": [0, 29, 6], "size": [1, 3, 1], "pivot": [0.5, 31.5, -0.5], "rotation": [-70, 0, 0], "uv": [5, 121]},
						{"origin": [0, 32, 7], "size": [1, 3, 1], "pivot": [0.5, 31.5, -0.5], "rotation": [-70, 0, 0], "uv": [5, 121]},
						{"origin": [0, 35, 8], "size": [1, 3, 1], "pivot": [0.5, 31.5, -0.5], "rotation": [-70, 0, 0], "uv": [5, 121]},
						{"origin": [0, 38, 9], "size": [1, 3, 1], "pivot": [0.5, 31.5, -0.5], "rotation": [-70, 0, 0], "uv": [5, 121]},
						{"origin": [0, 40, 10], "size": [1, 3, 1], "pivot": [0.5, 31.5, -0.5], "rotation": [-70, 0, 0], "uv": [5, 121]},
						{"origin": [0, 24.4256, 14.09884], "size": [1, 3, 1], "pivot": [0.5, 24.9256, 13.59884], "rotation": [-87.5, 0, 0], "uv": [5, 121]},
						{"origin": [0, 26.4256, 15.09884], "size": [1, 3, 1], "pivot": [0.5, 24.9256, 13.59884], "rotation": [-87.5, 0, 0], "uv": [5, 121]},
						{"origin": [0, 29.4256, 16.09884], "size": [1, 3, 1], "pivot": [0.5, 24.9256, 13.59884], "rotation": [-87.5, 0, 0], "uv": [5, 121]},
						{"origin": [0, 32.4256, 17.09884], "size": [1, 3, 1], "pivot": [0.5, 24.9256, 13.59884], "rotation": [-87.5, 0, 0], "uv": [5, 121]},
						{"origin": [-1, 32.4256, 17.09884], "size": [1, 3, 1], "pivot": [-0.5, 24.9256, 13.59884], "rotation": [-87.5, 0, 0], "uv": [5, 121], "mirror": true},
						{"origin": [-1, 33.4256, 18.09884], "size": [1, 3, 1], "pivot": [-0.5, 24.9256, 13.59884], "rotation": [-87.5, 0, 0], "uv": [5, 121], "mirror": true},
						{"origin": [0, 33.4256, 18.09884], "size": [1, 3, 1], "pivot": [0.5, 24.9256, 13.59884], "rotation": [-87.5, 0, 0], "uv": [5, 121]},
						{"origin": [-1, 29.4256, 16.09884], "size": [1, 3, 1], "pivot": [-0.5, 24.9256, 13.59884], "rotation": [-87.5, 0, 0], "uv": [5, 121], "mirror": true},
						{"origin": [-1, 26.4256, 15.09884], "size": [1, 3, 1], "pivot": [-0.5, 24.9256, 13.59884], "rotation": [-87.5, 0, 0], "uv": [5, 121], "mirror": true},
						{"origin": [1, 23.9256, 14.09884], "size": [1, 3, 1], "pivot": [0.5, 24.9256, 13.59884], "rotation": [-87.5, 0, 0], "uv": [5, 121]},
						{"origin": [1, 25.9256, 15.09884], "size": [1, 3, 1], "pivot": [0.5, 24.9256, 13.59884], "rotation": [-87.5, 0, 0], "uv": [5, 121]},
						{"origin": [1, 28.9256, 16.09884], "size": [1, 3, 1], "pivot": [0.5, 24.9256, 13.59884], "rotation": [-87.5, 0, 0], "uv": [5, 121]},
						{"origin": [1, 31.9256, 17.09884], "size": [1, 3, 1], "pivot": [0.5, 24.9256, 13.59884], "rotation": [-87.5, 0, 0], "uv": [5, 121]},
						{"origin": [-2, 31.9256, 17.09884], "size": [1, 3, 1], "pivot": [-0.5, 24.9256, 13.59884], "rotation": [-87.5, 0, 0], "uv": [5, 121], "mirror": true},
						{"origin": [-2, 32.9256, 18.09884], "size": [1, 3, 1], "pivot": [-0.5, 24.9256, 13.59884], "rotation": [-87.5, 0, 0], "uv": [5, 121], "mirror": true},
						{"origin": [1, 32.9256, 18.09884], "size": [1, 3, 1], "pivot": [0.5, 24.9256, 13.59884], "rotation": [-87.5, 0, 0], "uv": [5, 121]},
						{"origin": [-2, 28.9256, 16.09884], "size": [1, 3, 1], "pivot": [-0.5, 24.9256, 13.59884], "rotation": [-87.5, 0, 0], "uv": [5, 121], "mirror": true},
						{"origin": [-2, 25.9256, 15.09884], "size": [1, 3, 1], "pivot": [-0.5, 24.9256, 13.59884], "rotation": [-87.5, 0, 0], "uv": [5, 121], "mirror": true},
						{"origin": [2, 23.4256, 14.09884], "size": [1, 3, 1], "pivot": [0.5, 24.9256, 13.59884], "rotation": [-87.5, 0, 0], "uv": [5, 121]},
						{"origin": [2, 25.4256, 15.09884], "size": [1, 3, 1], "pivot": [0.5, 24.9256, 13.59884], "rotation": [-87.5, 0, 0], "uv": [5, 121]},
						{"origin": [2, 28.4256, 16.09884], "size": [1, 3, 1], "pivot": [0.5, 24.9256, 13.59884], "rotation": [-87.5, 0, 0], "uv": [5, 121]},
						{"origin": [2, 31.4256, 17.09884], "size": [1, 3, 1], "pivot": [0.5, 24.9256, 13.59884], "rotation": [-87.5, 0, 0], "uv": [5, 121]},
						{"origin": [2, 32.4256, 18.09884], "size": [1, 3, 1], "pivot": [0.5, 24.9256, 13.59884], "rotation": [-87.5, 0, 0], "uv": [5, 121]},
						{"origin": [-3, 32.4256, 18.09884], "size": [1, 3, 1], "pivot": [-0.5, 24.9256, 13.59884], "rotation": [-87.5, 0, 0], "uv": [5, 121], "mirror": true},
						{"origin": [-3, 31.4256, 17.09884], "size": [1, 3, 1], "pivot": [-0.5, 24.9256, 13.59884], "rotation": [-87.5, 0, 0], "uv": [5, 121], "mirror": true},
						{"origin": [-3, 28.4256, 16.09884], "size": [1, 3, 1], "pivot": [-0.5, 24.9256, 13.59884], "rotation": [-87.5, 0, 0], "uv": [5, 121], "mirror": true},
						{"origin": [-3, 25.4256, 15.09884], "size": [1, 3, 1], "pivot": [-0.5, 24.9256, 13.59884], "rotation": [-87.5, 0, 0], "uv": [5, 121], "mirror": true},
						{"origin": [3, 22.9256, 14.09884], "size": [1, 3, 1], "pivot": [0.5, 24.9256, 13.59884], "rotation": [-87.5, 0, 0], "uv": [5, 121]},
						{"origin": [3, 24.9256, 15.09884], "size": [1, 3, 1], "pivot": [0.5, 24.9256, 13.59884], "rotation": [-87.5, 0, 0], "uv": [5, 121]},
						{"origin": [3, 27.9256, 16.09884], "size": [1, 3, 1], "pivot": [0.5, 24.9256, 13.59884], "rotation": [-87.5, 0, 0], "uv": [5, 121]},
						{"origin": [3, 30.9256, 17.09884], "size": [1, 3, 1], "pivot": [0.5, 24.9256, 13.59884], "rotation": [-87.5, 0, 0], "uv": [5, 121]},
						{"origin": [3, 31.9256, 18.09884], "size": [1, 3, 1], "pivot": [0.5, 24.9256, 13.59884], "rotation": [-87.5, 0, 0], "uv": [5, 121]},
						{"origin": [-4, 31.9256, 18.09884], "size": [1, 3, 1], "pivot": [-0.5, 24.9256, 13.59884], "rotation": [-87.5, 0, 0], "uv": [5, 121], "mirror": true},
						{"origin": [-4, 30.9256, 17.09884], "size": [1, 3, 1], "pivot": [-0.5, 24.9256, 13.59884], "rotation": [-87.5, 0, 0], "uv": [5, 121], "mirror": true},
						{"origin": [-4, 27.9256, 16.09884], "size": [1, 3, 1], "pivot": [-0.5, 24.9256, 13.59884], "rotation": [-87.5, 0, 0], "uv": [5, 121], "mirror": true},
						{"origin": [-4, 24.9256, 15.09884], "size": [1, 3, 1], "pivot": [-0.5, 24.9256, 13.59884], "rotation": [-87.5, 0, 0], "uv": [5, 121], "mirror": true},
						{"origin": [4, 22.4256, 14.09884], "size": [1, 3, 1], "pivot": [0.5, 24.9256, 13.59884], "rotation": [-87.5, 0, 0], "uv": [5, 121]},
						{"origin": [4, 24.4256, 15.09884], "size": [1, 3, 1], "pivot": [0.5, 24.9256, 13.59884], "rotation": [-87.5, 0, 0], "uv": [5, 121]},
						{"origin": [4, 27.4256, 16.09884], "size": [1, 3, 1], "pivot": [0.5, 24.9256, 13.59884], "rotation": [-87.5, 0, 0], "uv": [5, 121]},
						{"origin": [4, 30.4256, 17.09884], "size": [1, 3, 1], "pivot": [0.5, 24.9256, 13.59884], "rotation": [-87.5, 0, 0], "uv": [5, 121]},
						{"origin": [4, 31.4256, 17.84884], "size": [1, 3, 1], "pivot": [0.5, 24.9256, 13.59884], "rotation": [-87.5, 0, 0], "uv": [5, 121]},
						{"origin": [-5, 31.4256, 17.84884], "size": [1, 3, 1], "pivot": [-0.5, 24.9256, 13.59884], "rotation": [-87.5, 0, 0], "uv": [5, 121], "mirror": true},
						{"origin": [-5, 30.4256, 17.09884], "size": [1, 3, 1], "pivot": [-0.5, 24.9256, 13.59884], "rotation": [-87.5, 0, 0], "uv": [5, 121], "mirror": true},
						{"origin": [-5, 27.4256, 16.09884], "size": [1, 3, 1], "pivot": [-0.5, 24.9256, 13.59884], "rotation": [-87.5, 0, 0], "uv": [5, 121], "mirror": true},
						{"origin": [-5, 24.4256, 15.09884], "size": [1, 3, 1], "pivot": [-0.5, 24.9256, 13.59884], "rotation": [-87.5, 0, 0], "uv": [5, 121], "mirror": true},
						{"origin": [-5, 22.4256, 14.09884], "size": [1, 3, 1], "pivot": [-0.5, 24.9256, 13.59884], "rotation": [-87.5, 0, 0], "uv": [5, 121], "mirror": true},
						{"origin": [-4, 22.9256, 14.09884], "size": [1, 3, 1], "pivot": [-0.5, 24.9256, 13.59884], "rotation": [-87.5, 0, 0], "uv": [5, 121], "mirror": true},
						{"origin": [-3, 23.4256, 14.09884], "size": [1, 3, 1], "pivot": [-0.5, 24.9256, 13.59884], "rotation": [-87.5, 0, 0], "uv": [5, 121], "mirror": true},
						{"origin": [-2, 23.9256, 14.09884], "size": [1, 3, 1], "pivot": [-0.5, 24.9256, 13.59884], "rotation": [-87.5, 0, 0], "uv": [5, 121], "mirror": true},
						{"origin": [-1, 24.4256, 14.09884], "size": [1, 3, 1], "pivot": [-0.5, 24.9256, 13.59884], "rotation": [-87.5, 0, 0], "uv": [5, 121], "mirror": true},
						{"origin": [-1, 40, 10], "size": [1, 3, 1], "pivot": [-0.5, 31.5, -0.5], "rotation": [-70, 0, 0], "uv": [5, 121], "mirror": true},
						{"origin": [-1, 38, 9], "size": [1, 3, 1], "pivot": [-0.5, 31.5, -0.5], "rotation": [-70, 0, 0], "uv": [5, 121], "mirror": true},
						{"origin": [-1, 35, 8], "size": [1, 3, 1], "pivot": [-0.5, 31.5, -0.5], "rotation": [-70, 0, 0], "uv": [5, 121], "mirror": true},
						{"origin": [-1, 32, 7], "size": [1, 3, 1], "pivot": [-0.5, 31.5, -0.5], "rotation": [-70, 0, 0], "uv": [5, 121], "mirror": true},
						{"origin": [-1, 29, 6], "size": [1, 3, 1], "pivot": [-0.5, 31.5, -0.5], "rotation": [-70, 0, 0], "uv": [5, 121], "mirror": true},
						{"origin": [-1, 27, 5], "size": [1, 3, 1], "pivot": [-0.5, 31.5, -0.5], "rotation": [-70, 0, 0], "uv": [5, 121], "mirror": true},
						{"origin": [-1, 24, 4], "size": [1, 3, 1], "pivot": [-0.5, 31.5, -0.5], "rotation": [-70, 0, 0], "uv": [5, 121], "mirror": true},
						{"origin": [-2, 23.5, 4], "size": [1, 3, 1], "pivot": [-0.5, 31.5, -0.5], "rotation": [-70, 0, 0], "uv": [5, 121], "mirror": true},
						{"origin": [2, 23, 4], "size": [1, 3, 1], "pivot": [0.5, 31.5, -0.5], "rotation": [-70, 0, 0], "uv": [5, 121]},
						{"origin": [2, 26, 4.75], "size": [1, 3, 1], "pivot": [0.5, 31.5, -0.5], "rotation": [-70, 0, 0], "uv": [5, 121]},
						{"origin": [2, 29, 5.75], "size": [1, 3, 1], "pivot": [0.5, 31.5, -0.5], "rotation": [-70, 0, 0], "uv": [5, 121]},
						{"origin": [2, 32, 6.75], "size": [1, 3, 1], "pivot": [0.5, 31.5, -0.5], "rotation": [-70, 0, 0], "uv": [5, 121]},
						{"origin": [2, 35, 7.75], "size": [1, 3, 1], "pivot": [0.5, 31.5, -0.5], "rotation": [-70, 0, 0], "uv": [5, 121]},
						{"origin": [2, 38, 8.75], "size": [1, 3, 1], "pivot": [0.5, 31.5, -0.5], "rotation": [-70, 0, 0], "uv": [5, 121]},
						{"origin": [2, 40, 9.75], "size": [1, 3, 1], "pivot": [0.5, 31.5, -0.5], "rotation": [-70, 0, 0], "uv": [5, 121]},
						{"origin": [-3, 40, 9.75], "size": [1, 3, 1], "pivot": [-0.5, 31.5, -0.5], "rotation": [-70, 0, 0], "uv": [5, 121], "mirror": true},
						{"origin": [-3, 38, 8.75], "size": [1, 3, 1], "pivot": [-0.5, 31.5, -0.5], "rotation": [-70, 0, 0], "uv": [5, 121], "mirror": true},
						{"origin": [-3, 35, 7.75], "size": [1, 3, 1], "pivot": [-0.5, 31.5, -0.5], "rotation": [-70, 0, 0], "uv": [5, 121], "mirror": true},
						{"origin": [-3, 32, 6.75], "size": [1, 3, 1], "pivot": [-0.5, 31.5, -0.5], "rotation": [-70, 0, 0], "uv": [5, 121], "mirror": true},
						{"origin": [-3, 29, 5.75], "size": [1, 3, 1], "pivot": [-0.5, 31.5, -0.5], "rotation": [-70, 0, 0], "uv": [5, 121], "mirror": true},
						{"origin": [-3, 26, 4.75], "size": [1, 3, 1], "pivot": [-0.5, 31.5, -0.5], "rotation": [-70, 0, 0], "uv": [5, 121], "mirror": true},
						{"origin": [-3, 23, 4], "size": [1, 3, 1], "pivot": [-0.5, 31.5, -0.5], "rotation": [-70, 0, 0], "uv": [5, 121], "mirror": true},
						{"origin": [-4, 22.5, 4], "size": [1, 3, 1], "pivot": [-0.5, 31.5, -0.5], "rotation": [-70, 0, 0], "uv": [5, 121], "mirror": true},
						{"origin": [3, 22.5, 4], "size": [1, 3, 1], "pivot": [0.5, 31.5, -0.5], "rotation": [-70, 0, 0], "uv": [5, 121]},
						{"origin": [3, 25.5, 4.75], "size": [1, 3, 1], "pivot": [0.5, 31.5, -0.5], "rotation": [-70, 0, 0], "uv": [5, 121]},
						{"origin": [3, 28.5, 5.75], "size": [1, 3, 1], "pivot": [0.5, 31.5, -0.5], "rotation": [-70, 0, 0], "uv": [5, 121]},
						{"origin": [3, 31.5, 6.75], "size": [1, 3, 1], "pivot": [0.5, 31.5, -0.5], "rotation": [-70, 0, 0], "uv": [5, 121]},
						{"origin": [3, 34.5, 7.75], "size": [1, 3, 1], "pivot": [0.5, 31.5, -0.5], "rotation": [-70, 0, 0], "uv": [5, 121]},
						{"origin": [3, 37.5, 8.75], "size": [1, 3, 1], "pivot": [0.5, 31.5, -0.5], "rotation": [-70, 0, 0], "uv": [5, 121]},
						{"origin": [3, 39.5, 9.75], "size": [1, 3, 1], "pivot": [0.5, 31.5, -0.5], "rotation": [-70, 0, 0], "uv": [5, 121]},
						{"origin": [-4, 39.5, 9.75], "size": [1, 3, 1], "pivot": [-0.5, 31.5, -0.5], "rotation": [-70, 0, 0], "uv": [5, 121], "mirror": true},
						{"origin": [-4, 37.5, 8.75], "size": [1, 3, 1], "pivot": [-0.5, 31.5, -0.5], "rotation": [-70, 0, 0], "uv": [5, 121], "mirror": true},
						{"origin": [-4, 34.5, 7.75], "size": [1, 3, 1], "pivot": [-0.5, 31.5, -0.5], "rotation": [-70, 0, 0], "uv": [5, 121], "mirror": true},
						{"origin": [-4, 31.5, 6.75], "size": [1, 3, 1], "pivot": [-0.5, 31.5, -0.5], "rotation": [-70, 0, 0], "uv": [5, 121], "mirror": true},
						{"origin": [-4, 28.5, 5.75], "size": [1, 3, 1], "pivot": [-0.5, 31.5, -0.5], "rotation": [-70, 0, 0], "uv": [5, 121], "mirror": true},
						{"origin": [4, 24.75, 4.75], "size": [1, 3, 1], "pivot": [0.5, 31.5, -0.5], "rotation": [-70, 0, 0], "uv": [5, 121]},
						{"origin": [4, 27.75, 5.5], "size": [1, 3, 1], "pivot": [0.5, 31.5, -0.5], "rotation": [-70, 0, 0], "uv": [5, 121]},
						{"origin": [4, 30.75, 6.5], "size": [1, 3, 1], "pivot": [0.5, 31.5, -0.5], "rotation": [-70, 0, 0], "uv": [5, 121]},
						{"origin": [4, 33.75, 7.5], "size": [1, 3, 1], "pivot": [0.5, 31.5, -0.5], "rotation": [-70, 0, 0], "uv": [5, 121]},
						{"origin": [4, 36.75, 8.5], "size": [1, 3, 1], "pivot": [0.5, 31.5, -0.5], "rotation": [-70, 0, 0], "uv": [5, 121]},
						{"origin": [4, 37.75, 9.5], "size": [1, 3, 1], "pivot": [0.5, 31.5, -0.5], "rotation": [-70, 0, 0], "uv": [5, 121]},
						{"origin": [4, 39.75, 10.5], "size": [1, 3, 1], "pivot": [0.5, 31.5, -0.5], "rotation": [-70, 0, 0], "uv": [5, 121]},
						{"origin": [-5, 39.75, 10.5], "size": [1, 3, 1], "pivot": [-0.5, 31.5, -0.5], "rotation": [-70, 0, 0], "uv": [5, 121], "mirror": true},
						{"origin": [-5, 37.75, 9.5], "size": [1, 3, 1], "pivot": [-0.5, 31.5, -0.5], "rotation": [-70, 0, 0], "uv": [5, 121], "mirror": true},
						{"origin": [-5, 36.75, 8.5], "size": [1, 3, 1], "pivot": [-0.5, 31.5, -0.5], "rotation": [-70, 0, 0], "uv": [5, 121], "mirror": true},
						{"origin": [-5, 33.75, 7.5], "size": [1, 3, 1], "pivot": [-0.5, 31.5, -0.5], "rotation": [-70, 0, 0], "uv": [5, 121], "mirror": true},
						{"origin": [-5, 30.75, 6.5], "size": [1, 3, 1], "pivot": [-0.5, 31.5, -0.5], "rotation": [-70, 0, 0], "uv": [5, 121], "mirror": true},
						{"origin": [-5, 27.75, 5.5], "size": [1, 3, 1], "pivot": [-0.5, 31.5, -0.5], "rotation": [-70, 0, 0], "uv": [5, 121], "mirror": true},
						{"origin": [5, 24.5, 4.75], "size": [1, 3, 1], "pivot": [0.5, 31.5, -0.5], "rotation": [-70, 0, 0], "uv": [5, 121]},
						{"origin": [5, 27.5, 5.75], "size": [1, 3, 1], "pivot": [0.5, 31.5, -0.5], "rotation": [-70, 0, 0], "uv": [5, 121]},
						{"origin": [5, 30.5, 6.5], "size": [1, 3, 1], "pivot": [0.5, 31.5, -0.5], "rotation": [-70, 0, 0], "uv": [5, 121]},
						{"origin": [5, 33.5, 7.5], "size": [1, 3, 1], "pivot": [0.5, 31.5, -0.5], "rotation": [-70, 0, 0], "uv": [5, 121]},
						{"origin": [-6, 33.5, 7.5], "size": [1, 3, 1], "pivot": [-0.5, 31.5, -0.5], "rotation": [-70, 0, 0], "uv": [5, 121], "mirror": true},
						{"origin": [-6, 30.5, 6.5], "size": [1, 3, 1], "pivot": [-0.5, 31.5, -0.5], "rotation": [-70, 0, 0], "uv": [5, 121], "mirror": true},
						{"origin": [-6, 27.5, 5.75], "size": [1, 3, 1], "pivot": [-0.5, 31.5, -0.5], "rotation": [-70, 0, 0], "uv": [5, 121], "mirror": true},
						{"origin": [6, 24.25, 4.75], "size": [1, 3, 1], "pivot": [0.5, 31.5, -0.5], "rotation": [-70, 0, 0], "uv": [5, 121]},
						{"origin": [-7, 24.25, 4.75], "size": [1, 3, 1], "pivot": [-0.5, 31.5, -0.5], "rotation": [-70, 0, 0], "uv": [5, 121], "mirror": true},
						{"origin": [-6, 24.5, 4.75], "size": [1, 3, 1], "pivot": [-0.5, 31.5, -0.5], "rotation": [-70, 0, 0], "uv": [5, 121], "mirror": true},
						{"origin": [-5, 24.75, 4.75], "size": [1, 3, 1], "pivot": [-0.5, 31.5, -0.5], "rotation": [-70, 0, 0], "uv": [5, 121], "mirror": true},
						{"origin": [-4, 25.5, 4.75], "size": [1, 3, 1], "pivot": [-0.5, 31.5, -0.5], "rotation": [-70, 0, 0], "uv": [5, 121], "mirror": true},
						{"origin": [4, 22, 4], "size": [1, 3, 1], "pivot": [0.5, 31.5, -0.5], "rotation": [-70, 0, 0], "uv": [5, 121]},
						{"origin": [5, 24.06538, -6.80744], "size": [1, 3, 1], "pivot": [4.5, 24.06538, -6.30744], "rotation": [-66.0432, 32.61461, 13.46783], "uv": [5, 121]},
						{"origin": [6, 24.06538, -4.80744], "size": [1, 3, 1], "pivot": [4.5, 24.06538, -6.30744], "rotation": [-66.0432, 32.61461, 13.46783], "uv": [5, 121]},
						{"origin": [6.74867, 20.0242, -5.70472], "size": [1, 3, 1], "pivot": [6.99867, 21.2742, -5.20472], "rotation": [-93.42036, 37.38637, 5.53806], "uv": [5, 121]},
						{"origin": [5.74867, 20.0242, -8.45472], "size": [1, 3, 1], "pivot": [6.99867, 21.2742, -5.20472], "rotation": [-93.42036, 37.38637, 5.53806], "uv": [5, 121]},
						{"origin": [-6.74867, 20.0242, -8.45472], "size": [1, 3, 1], "pivot": [-6.99867, 21.2742, -5.20472], "rotation": [-93.42036, -37.38637, -5.53806], "uv": [5, 121], "mirror": true},
						{"origin": [5.74867, 20.7742, -5.70472], "size": [1, 3, 1], "pivot": [6.99867, 21.2742, -5.20472], "rotation": [-93.42036, 37.38637, 5.53806], "uv": [5, 121]},
						{"origin": [4.74867, 21.7742, -5.70472], "size": [1, 3, 1], "pivot": [6.99867, 21.2742, -5.20472], "rotation": [-93.42036, 37.38637, 5.53806], "uv": [5, 121]},
						{"origin": [3.74867, 22.7742, -5.70472], "size": [1, 3, 1], "pivot": [6.99867, 21.2742, -5.20472], "rotation": [-93.42036, 37.38637, 5.53806], "uv": [5, 121]},
						{"origin": [-4.74867, 22.7742, -5.70472], "size": [1, 3, 1], "pivot": [-6.99867, 21.2742, -5.20472], "rotation": [-93.42036, -37.38637, -5.53806], "uv": [5, 121], "mirror": true},
						{"origin": [-5.74867, 21.7742, -5.70472], "size": [1, 3, 1], "pivot": [-6.99867, 21.2742, -5.20472], "rotation": [-93.42036, -37.38637, -5.53806], "uv": [5, 121], "mirror": true},
						{"origin": [-6.74867, 20.7742, -5.70472], "size": [1, 3, 1], "pivot": [-6.99867, 21.2742, -5.20472], "rotation": [-93.42036, -37.38637, -5.53806], "uv": [5, 121], "mirror": true},
						{"origin": [6.74867, 20.2742, -4.70472], "size": [1, 3, 1], "pivot": [6.99867, 21.2742, -5.20472], "rotation": [-93.42036, 37.38637, 5.53806], "uv": [5, 121]},
						{"origin": [5.74867, 21.0242, -4.70472], "size": [1, 3, 1], "pivot": [6.99867, 21.2742, -5.20472], "rotation": [-93.42036, 37.38637, 5.53806], "uv": [5, 121]},
						{"origin": [4.74867, 22.0242, -4.70472], "size": [1, 3, 1], "pivot": [6.99867, 21.2742, -5.20472], "rotation": [-93.42036, 37.38637, 5.53806], "uv": [5, 121]},
						{"origin": [3.99867, 23.0242, -4.70472], "size": [1, 3, 1], "pivot": [6.99867, 21.2742, -5.20472], "rotation": [-93.42036, 37.38637, 5.53806], "uv": [5, 121]},
						{"origin": [-4.99867, 23.0242, -4.70472], "size": [1, 3, 1], "pivot": [-6.99867, 21.2742, -5.20472], "rotation": [-93.42036, -37.38637, -5.53806], "uv": [5, 121], "mirror": true},
						{"origin": [-5.74867, 22.0242, -4.70472], "size": [1, 3, 1], "pivot": [-6.99867, 21.2742, -5.20472], "rotation": [-93.42036, -37.38637, -5.53806], "uv": [5, 121], "mirror": true},
						{"origin": [-6.74867, 21.0242, -4.70472], "size": [1, 3, 1], "pivot": [-6.99867, 21.2742, -5.20472], "rotation": [-93.42036, -37.38637, -5.53806], "uv": [5, 121], "mirror": true},
						{"origin": [6.74867, 20.5242, -3.70472], "size": [1, 3, 1], "pivot": [6.99867, 21.2742, -5.20472], "rotation": [-93.42036, 37.38637, 5.53806], "uv": [5, 121]},
						{"origin": [6.24867, 21.5242, -3.70472], "size": [1, 3, 1], "pivot": [6.99867, 21.2742, -5.20472], "rotation": [-93.42036, 37.38637, 5.53806], "uv": [5, 121]},
						{"origin": [4.24867, 23.0242, -3.70472], "size": [1, 3, 1], "pivot": [6.99867, 21.2742, -5.20472], "rotation": [-93.42036, 37.38637, 5.53806], "uv": [5, 121]},
						{"origin": [-5.24867, 23.0242, -3.70472], "size": [1, 3, 1], "pivot": [-6.99867, 21.2742, -5.20472], "rotation": [-93.42036, -37.38637, -5.53806], "uv": [5, 121], "mirror": true},
						{"origin": [5.24867, 22.5242, -3.70472], "size": [1, 3, 1], "pivot": [6.99867, 21.2742, -5.20472], "rotation": [-93.42036, 37.38637, 5.53806], "uv": [5, 121]},
						{"origin": [-6.24867, 22.5242, -3.70472], "size": [1, 3, 1], "pivot": [-6.99867, 21.2742, -5.20472], "rotation": [-93.42036, -37.38637, -5.53806], "uv": [5, 121], "mirror": true},
						{"origin": [-7.24867, 21.5242, -3.70472], "size": [1, 3, 1], "pivot": [-6.99867, 21.2742, -5.20472], "rotation": [-93.42036, -37.38637, -5.53806], "uv": [5, 121], "mirror": true},
						{"origin": [6.19859, 16.75537, -5.80045], "size": [1, 3, 1], "pivot": [6.94859, 18.25537, -5.30045], "rotation": [-93.42036, 37.38637, 5.53806], "uv": [5, 121]},
						{"origin": [5.19859, 17.75537, -5.80045], "size": [1, 3, 1], "pivot": [6.94859, 18.25537, -5.30045], "rotation": [-93.42036, 37.38637, 5.53806], "uv": [5, 121]},
						{"origin": [4.69859, 18.25537, -5.80045], "size": [1, 3, 1], "pivot": [6.94859, 18.25537, -5.30045], "rotation": [-93.42036, 37.38637, 5.53806], "uv": [5, 121]},
						{"origin": [-5.69859, 18.25537, -5.80045], "size": [1, 3, 1], "pivot": [-6.94859, 18.25537, -5.30045], "rotation": [-93.42036, -37.38637, -5.53806], "uv": [5, 121], "mirror": true},
						{"origin": [-6.19859, 17.75537, -5.80045], "size": [1, 3, 1], "pivot": [-6.94859, 18.25537, -5.30045], "rotation": [-93.42036, -37.38637, -5.53806], "uv": [5, 121], "mirror": true},
						{"origin": [-7.19859, 16.75537, -5.80045], "size": [1, 3, 1], "pivot": [-6.94859, 18.25537, -5.30045], "rotation": [-93.42036, -37.38637, -5.53806], "uv": [5, 121], "mirror": true},
						{"origin": [-7.74867, 20.5242, -3.70472], "size": [1, 3, 1], "pivot": [-6.99867, 21.2742, -5.20472], "rotation": [-93.42036, -37.38637, -5.53806], "uv": [5, 121], "mirror": true},
						{"origin": [-7.74867, 20.2742, -4.70472], "size": [1, 3, 1], "pivot": [-6.99867, 21.2742, -5.20472], "rotation": [-93.42036, -37.38637, -5.53806], "uv": [5, 121], "mirror": true},
						{"origin": [-7.74867, 20.0242, -5.70472], "size": [1, 3, 1], "pivot": [-6.99867, 21.2742, -5.20472], "rotation": [-93.42036, -37.38637, -5.53806], "uv": [5, 121], "mirror": true},
						{"origin": [6.49867, 21.65358, -6.38876], "size": [1, 3, 1], "pivot": [6.99867, 23.15358, -5.88876], "rotation": [-60.47985, 46.04179, 22.17599], "uv": [5, 121]},
						{"origin": [5.48262, 23.37343, -7.33481], "size": [1, 3, 1], "pivot": [6.23262, 23.87343, -6.83481], "rotation": [-51.75329, 56.46179, 33.3055], "uv": [5, 121]},
						{"origin": [-6.48262, 23.37343, -7.33481], "size": [1, 3, 1], "pivot": [-6.23262, 23.87343, -6.83481], "rotation": [-51.75329, -56.46179, -33.3055], "uv": [5, 121], "mirror": true},
						{"origin": [-7.49867, 21.65358, -6.38876], "size": [1, 3, 1], "pivot": [-6.99867, 23.15358, -5.88876], "rotation": [-60.47985, -46.04179, -22.17599], "uv": [5, 121], "mirror": true},
						{"origin": [-7, 24.06538, -4.80744], "size": [1, 3, 1], "pivot": [-4.5, 24.06538, -6.30744], "rotation": [-66.0432, -32.61461, -13.46783], "uv": [5, 121], "mirror": true},
						{"origin": [4, 24.06538, -6.55744], "size": [1, 3, 1], "pivot": [4.5, 24.06538, -6.30744], "rotation": [-66.0432, 32.61461, 13.46783], "uv": [5, 121]},
						{"origin": [3, 23.31538, -6.55744], "size": [1, 3, 1], "pivot": [4.5, 24.06538, -6.30744], "rotation": [-66.0432, 32.61461, 13.46783], "uv": [5, 121]},
						{"origin": [2, 22.81538, -6.55744], "size": [1, 3, 1], "pivot": [4.5, 24.06538, -6.30744], "rotation": [-66.0432, 32.61461, 13.46783], "uv": [5, 121]},
						{"origin": [-3, 22.81538, -6.55744], "size": [1, 3, 1], "pivot": [-4.5, 24.06538, -6.30744], "rotation": [-66.0432, -32.61461, -13.46783], "uv": [5, 121], "mirror": true},
						{"origin": [-4, 23.31538, -6.55744], "size": [1, 3, 1], "pivot": [-4.5, 24.06538, -6.30744], "rotation": [-66.0432, -32.61461, -13.46783], "uv": [5, 121], "mirror": true},
						{"origin": [-5, 24.06538, -6.55744], "size": [1, 3, 1], "pivot": [-4.5, 24.06538, -6.30744], "rotation": [-66.0432, -32.61461, -13.46783], "uv": [5, 121], "mirror": true},
						{"origin": [-6, 24.06538, -6.80744], "size": [1, 3, 1], "pivot": [-4.5, 24.06538, -6.30744], "rotation": [-66.0432, -32.61461, -13.46783], "uv": [5, 121], "mirror": true},
						{"origin": [-5, 22, 4], "size": [1, 3, 1], "pivot": [-0.5, 31.5, -0.5], "rotation": [-70, 0, 0], "uv": [5, 121], "mirror": true},
						{"origin": [1, 23.5, 4], "size": [1, 3, 1], "pivot": [0.5, 31.5, -0.5], "rotation": [-70, 0, 0], "uv": [5, 121]},
						{"origin": [1, 26.5, 5], "size": [1, 3, 1], "pivot": [0.5, 31.5, -0.5], "rotation": [-70, 0, 0], "uv": [5, 121]},
						{"origin": [1, 29.5, 6], "size": [1, 3, 1], "pivot": [0.5, 31.5, -0.5], "rotation": [-70, 0, 0], "uv": [5, 121]},
						{"origin": [1, 32.5, 7], "size": [1, 3, 1], "pivot": [0.5, 31.5, -0.5], "rotation": [-70, 0, 0], "uv": [5, 121]},
						{"origin": [1, 35.5, 8], "size": [1, 3, 1], "pivot": [0.5, 31.5, -0.5], "rotation": [-70, 0, 0], "uv": [5, 121]},
						{"origin": [1, 38.5, 9], "size": [1, 3, 1], "pivot": [0.5, 31.5, -0.5], "rotation": [-70, 0, 0], "uv": [5, 121]},
						{"origin": [1, 40.5, 10], "size": [1, 3, 1], "pivot": [0.5, 31.5, -0.5], "rotation": [-70, 0, 0], "uv": [5, 121]},
						{"origin": [-2, 40.5, 10], "size": [1, 3, 1], "pivot": [-0.5, 31.5, -0.5], "rotation": [-70, 0, 0], "uv": [5, 121], "mirror": true},
						{"origin": [-2, 38.5, 9], "size": [1, 3, 1], "pivot": [-0.5, 31.5, -0.5], "rotation": [-70, 0, 0], "uv": [5, 121], "mirror": true},
						{"origin": [-2, 35.5, 8], "size": [1, 3, 1], "pivot": [-0.5, 31.5, -0.5], "rotation": [-70, 0, 0], "uv": [5, 121], "mirror": true},
						{"origin": [-2, 32.5, 7], "size": [1, 3, 1], "pivot": [-0.5, 31.5, -0.5], "rotation": [-70, 0, 0], "uv": [5, 121], "mirror": true},
						{"origin": [-2, 29.5, 6], "size": [1, 3, 1], "pivot": [-0.5, 31.5, -0.5], "rotation": [-70, 0, 0], "uv": [5, 121], "mirror": true},
						{"origin": [-2, 26.5, 5], "size": [1, 3, 1], "pivot": [-0.5, 31.5, -0.5], "rotation": [-70, 0, 0], "uv": [5, 121], "mirror": true}
					]
				},
				{
					"name": "rightWingBase",
					"parent": "Chest",
					"pivot": [-7, 24.60481, -1.54054],
					"rotation": [-10, 0, 0]
				},
				{
					"name": "rightWingArmM",
					"parent": "rightWingBase",
					"pivot": [-6, 23.60481, -2.29054],
					"cubes": [
						{"origin": [-22.1, 23.30906, -4.53197], "size": [16, 0, 34], "uv": [-33, 58]}
					]
				},
				{
					"name": "rightWingArm",
					"parent": "rightWingArmM",
					"pivot": [-6, 23.40871, -2.53197],
					"rotation": [0, 15, 0],
					"cubes": [
						{"origin": [-22.99549, 22.1581, -4.54882], "size": [17, 3, 4], "inflate": 0.1, "uv": [57, 168]}
					]
				},
				{
					"name": "rightWingFArmM",
					"parent": "rightWingArmM",
					"pivot": [-22, 23.40871, -4.53197],
					"cubes": [
						{"origin": [-43.9, 23.40931, -4.53197], "size": [22, 0, 47], "uv": [-13, 54]},
						{"origin": [-43.75, 22.90871, -4.53197], "size": [43, 1, 1], "pivot": [-43.75, 23.40871, -4.03197], "rotation": [0, -67.5, 0], "uv": [0, 175]}
					]
				},
				{
					"name": "rightWFHalf",
					"parent": "rightWingFArmM",
					"pivot": [-43.9, 23.40871, -5.38197],
					"rotation": [0, 180, 0],
					"cubes": [
						{"origin": [-42.9, 22.90871, -6.38197], "size": [49, 1, 1], "pivot": [-42.9, 22.90871, -5.38197], "rotation": [0, 90, 0], "uv": [0, 177]},
						{"origin": [-42.9, 23.40871, -53.38197], "size": [8, 0, 46], "uv": [190, 71]}
					]
				},
				{
					"name": "rightWFa",
					"parent": "rightWFHalf",
					"pivot": [-42.9, 23.48371, -5.38197],
					"cubes": [
						{"origin": [-42.9, 22.98371, -6.38197], "size": [54, 1, 1], "pivot": [-42.9, 22.98371, -5.38197], "rotation": [0, 67.5, 0], "uv": [0, 187]},
						{"origin": [-42.9, 23.48371, -54.38197], "size": [28, 0, 47], "uv": [32, 75]}
					]
				},
				{
					"name": "rightWFb",
					"parent": "rightWFa",
					"pivot": [-42.9, 23.55871, -5.38197],
					"cubes": [
						{"origin": [-42.9, 23.05871, -6.38197], "size": [64, 1, 1], "pivot": [-42.9, 23.05871, -5.38197], "rotation": [0, 45, 0], "uv": [0, 185]},
						{"origin": [-41.9, 23.55871, -50.38197], "size": [49, 0, 43], "uv": [94, 71]}
					]
				},
				{
					"name": "rightWFc",
					"parent": "rightWFb",
					"pivot": [-42.9, 23.65871, -5.38197],
					"cubes": [
						{"origin": [-42.9, 23.15871, -6.38197], "size": [75, 1, 1], "pivot": [-42.9, 23.15871, -5.38197], "rotation": [0, 22.5, 0], "uv": [0, 183]},
						{"origin": [-40.9, 23.65871, -41.38197], "size": [67, 0, 36], "uv": [68, 142]}
					]
				},
				{
					"name": "rightWFd",
					"parent": "rightWFc",
					"pivot": [-42.9, 23.73371, -5.38197],
					"cubes": [
						{"origin": [-43.4, 22.73371, -7.38197], "size": [76, 2, 2], "uv": [0, 179]},
						{"origin": [-36.9, 23.73371, -23.38197], "size": [69, 0, 18], "uv": [82, 123]}
					]
				},
				{
					"name": "fightWFdTip3",
					"parent": "rightWFd",
					"pivot": [32.1, 23.73371, -6.38197],
					"cubes": [
						{"origin": [31.35, 23.23371, -6.88197], "size": [18, 1, 1], "pivot": [31.85, 23.23371, -6.38197], "rotation": [0, 5, 0], "uv": [157, 179]},
						{"origin": [32, 23.73371, -18.38197], "size": [16, 0, 13], "uv": [27, 102]}
					]
				},
				{
					"name": "righWingFarm3",
					"parent": "rightWingFArmM",
					"pivot": [-44, 23.40871, -4.03197],
					"cubes": [
						{"origin": [-45.00459, 22.1581, -5.5488], "size": [25, 3, 3], "pivot": [-44, 23.40871, -4.53197], "rotation": [0, -15.25, 0], "uv": [0, 169]}
					]
				},
				{
					"name": "rightWingClaw",
					"parent": "righWingFarm3",
					"pivot": [-44, 23.40871, -4.53197],
					"cubes": [
						{"origin": [-45, 23.40871, -9.03197], "size": [1, 1, 4], "pivot": [-44, 23.40871, -6.03197], "rotation": [0, 15, 0], "uv": [94, 65], "mirror": true},
						{"origin": [-47, 23.40871, -12.03197], "size": [1, 1, 4], "pivot": [-46, 23.40871, -9.03197], "rotation": [0, 90, 0], "uv": [114, 64], "mirror": true}
					]
				},
				{
					"name": "leftWingBase",
					"parent": "Chest",
					"pivot": [7, 24.60481, -1.54054],
					"rotation": [-10, 0, 0]
				},
				{
					"name": "leftWingArmM",
					"parent": "leftWingBase",
					"pivot": [6, 23.60481, -2.29054],
					"cubes": [
						{"origin": [6.1, 23.30906, -4.53197], "size": [16, 0, 34], "uv": [-33, 58], "mirror": true}
					]
				},
				{
					"name": "leftWingArm",
					"parent": "leftWingArmM",
					"pivot": [6, 23.40871, -2.53197],
					"rotation": [0, -15, 0],
					"cubes": [
						{"origin": [5.99549, 22.1581, -4.54882], "size": [17, 3, 4], "inflate": 0.1, "uv": [57, 168], "mirror": true}
					]
				},
				{
					"name": "leftWingFArmM",
					"parent": "leftWingArmM",
					"pivot": [22, 23.40871, -4.53197],
					"cubes": [
						{"origin": [21.9, 23.40931, -4.53197], "size": [22, 0, 47], "uv": [-13, 54], "mirror": true},
						{"origin": [0.75, 22.90871, -4.53197], "size": [43, 1, 1], "pivot": [43.75, 23.40871, -4.03197], "rotation": [0, 67.5, 0], "uv": [0, 175], "mirror": true}
					]
				},
				{
					"name": "leftWFHalf",
					"parent": "leftWingFArmM",
					"pivot": [43.9, 23.40871, -5.38197],
					"rotation": [0, -180, 0],
					"cubes": [
						{"origin": [-6.1, 22.90871, -6.38197], "size": [49, 1, 1], "pivot": [42.9, 22.90871, -5.38197], "rotation": [0, -90, 0], "uv": [0, 177], "mirror": true},
						{"origin": [34.9, 23.40871, -53.38197], "size": [8, 0, 46], "uv": [190, 71], "mirror": true}
					]
				},
				{
					"name": "leftWFa",
					"parent": "leftWFHalf",
					"pivot": [42.9, 23.48371, -5.38197],
					"cubes": [
						{"origin": [-11.1, 22.98371, -6.38197], "size": [54, 1, 1], "pivot": [42.9, 22.98371, -5.38197], "rotation": [0, -67.5, 0], "uv": [0, 187], "mirror": true},
						{"origin": [14.9, 23.48371, -54.38197], "size": [28, 0, 47], "uv": [32, 75], "mirror": true}
					]
				},
				{
					"name": "leftWFb",
					"parent": "leftWFa",
					"pivot": [42.9, 23.55871, -5.38197],
					"cubes": [
						{"origin": [-21.1, 23.05871, -6.38197], "size": [64, 1, 1], "pivot": [42.9, 23.05871, -5.38197], "rotation": [0, -45, 0], "uv": [0, 185], "mirror": true},
						{"origin": [-7.1, 23.55871, -50.38197], "size": [49, 0, 43], "uv": [94, 71], "mirror": true}
					]
				},
				{
					"name": "leftWFc",
					"parent": "leftWFb",
					"pivot": [42.9, 23.65871, -5.38197],
					"cubes": [
						{"origin": [-32.1, 23.15871, -6.38197], "size": [75, 1, 1], "pivot": [42.9, 23.15871, -5.38197], "rotation": [0, -22.5, 0], "uv": [0, 183], "mirror": true},
						{"origin": [-26.1, 23.65871, -41.38197], "size": [67, 0, 36], "uv": [68, 142], "mirror": true}
					]
				},
				{
					"name": "leftWFd",
					"parent": "leftWFc",
					"pivot": [42.9, 23.73371, -5.38197],
					"cubes": [
						{"origin": [-32.6, 22.73371, -7.38197], "size": [76, 2, 2], "uv": [0, 179], "mirror": true},
						{"origin": [-32.1, 23.73371, -23.38197], "size": [69, 0, 18], "uv": [82, 123], "mirror": true}
					]
				},
				{
					"name": "fightWFdTip2",
					"parent": "leftWFd",
					"pivot": [-32.1, 23.73371, -6.38197],
					"cubes": [
						{"origin": [-49.35, 23.23371, -6.88197], "size": [18, 1, 1], "pivot": [-31.85, 23.23371, -6.38197], "rotation": [0, -5, 0], "uv": [157, 179], "mirror": true},
						{"origin": [-48, 23.73371, -18.38197], "size": [16, 0, 13], "uv": [27, 102], "mirror": true}
					]
				},
				{
					"name": "righWingFarm2",
					"parent": "leftWingFArmM",
					"pivot": [44, 23.40871, -4.03197],
					"cubes": [
						{"origin": [20.00459, 22.1581, -5.5488], "size": [25, 3, 3], "pivot": [44, 23.40871, -4.53197], "rotation": [0, 15.25, 0], "uv": [0, 169], "mirror": true}
					]
				},
				{
					"name": "leftWingClaw",
					"parent": "righWingFarm2",
					"pivot": [44, 23.40871, -4.53197],
					"cubes": [
						{"origin": [44, 23.40871, -9.03197], "size": [1, 1, 4], "pivot": [44, 23.40871, -6.03197], "rotation": [0, -15, 0], "uv": [94, 65]},
						{"origin": [46, 23.40871, -12.03197], "size": [1, 1, 4], "pivot": [46, 23.40871, -9.03197], "rotation": [0, -90, 0], "uv": [114, 64]}
					]
				},
				{
					"name": "TailBase",
					"parent": "Chest",
					"pivot": [0, 16.00207, 23.91173],
					"rotation": [-15, 0, 0]
				},
				{
					"name": "Tail1rot",
					"parent": "TailBase",
					"pivot": [0, 16.25207, 21.81173]
				},
				{
					"name": "Tail1",
					"parent": "Tail1rot",
					"pivot": [0, 16.25207, 21.81173],
					"rotation": [-5, 0, 0],
					"cubes": [
						{"origin": [-0.5, 19.50207, 24.51173], "size": [1, 4, 3], "pivot": [0.5, 19.50207, 24.51173], "rotation": [-60, 0, 0], "uv": [0, 0]},
						{"origin": [-0.5, 19.50207, 30.76173], "size": [1, 2, 2], "pivot": [0.5, 19.50207, 30.76173], "rotation": [-60, 0, 0], "uv": [0, 9]},
						{"origin": [-0.5, 18.50207, 35.01173], "size": [1, 2, 2], "pivot": [0.5, 19.50207, 35.01173], "rotation": [-60, 0, 0], "uv": [0, 9]},
						{"origin": [-4, 15.50207, 23.71173], "size": [8, 18, 7], "pivot": [4, 19.50207, 23.71173], "rotation": [-90, 0, 0], "uv": [161, 0]}
					]
				},
				{
					"name": "Tail2",
					"parent": "Tail1",
					"pivot": [0, 16.25207, 36.71173],
					"rotation": [-5, 0, 0],
					"cubes": [
						{"origin": [-3, 17.95207, 37.71173], "size": [6, 15, 6], "pivot": [3, 18.95207, 37.71173], "rotation": [-90, 0, 0], "uv": [191, 0]}
					]
				},
				{
					"name": "Tail3rot",
					"parent": "Tail2",
					"pivot": [0, 15.90207, 50.21173]
				},
				{
					"name": "Tail3",
					"parent": "Tail3rot",
					"pivot": [0, 15.90207, 50.21173],
					"rotation": [2.5, 0, 0],
					"cubes": [
						{"origin": [-2.5, 15.40207, 51.71173], "size": [5, 18, 5], "pivot": [2.5, 18.40207, 51.71173], "rotation": [-90, 0, 0], "uv": [215, 0]},
						{"origin": [2.5, 15.90207, 48.71173], "size": [2, 0, 18], "pivot": [2.5, 15.90207, 48.71173], "rotation": [0, -1.5, 5], "uv": [154, 29]},
						{"origin": [-4.5, 15.90207, 48.71173], "size": [2, 0, 18], "pivot": [-2.5, 15.90207, 48.71173], "rotation": [0, 1.5, -5], "uv": [154, 29], "mirror": true}
					]
				},
				{
					"name": "Tail4rot",
					"parent": "Tail3",
					"pivot": [0, 15.85207, 65.71173]
				},
				{
					"name": "Tail4",
					"parent": "Tail4rot",
					"pivot": [0, 15.85207, 65.71173],
					"rotation": [5, 0, 0],
					"cubes": [
						{"origin": [-2, 15.90207, 66.71173], "size": [4, 17, 4], "pivot": [2, 17.90207, 66.71173], "rotation": [-90, 0, 0], "uv": [235, 0]},
						{"origin": [1, 15.85207, 63.71173], "size": [2, 0, 16], "pivot": [2, 15.85207, 80.71173], "rotation": [0, -3, 5], "uv": [161, 29]},
						{"origin": [-3, 15.85207, 63.71173], "size": [2, 0, 16], "pivot": [-2, 15.85207, 80.71173], "rotation": [0, 3, -5], "uv": [161, 29], "mirror": true}
					]
				},
				{
					"name": "Tail5rot",
					"parent": "Tail4",
					"pivot": [0, 15.90207, 80.71173]
				},
				{
					"name": "Tail5",
					"parent": "Tail5rot",
					"pivot": [0, 15.90207, 80.71173],
					"rotation": [7.5, 0, 0],
					"cubes": [
						{"origin": [-1.5, 15.40207, 81.71173], "size": [3, 17, 3], "pivot": [1.5, 17.40207, 81.71173], "rotation": [-90, 0, 0], "uv": [244, 21]}
					]
				},
				{
					"name": "Tail6",
					"parent": "Tail5",
					"pivot": [0, 15.90207, 96.71173],
					"rotation": [5, 0, 0],
					"cubes": [
						{"origin": [-1, 15.90207, 96.71173], "size": [2, 16, 2], "pivot": [0, 16.90207, 96.71173], "rotation": [-90, 0, 0], "uv": [236, 21]}
					]
				},
				{
					"name": "leftTailWing",
					"parent": "Tail5",
					"pivot": [1.5, 15.66317, 79.96212],
					"rotation": [2.5, 0, -20],
					"cubes": [
						{"origin": [0, 15.66317, 80.96212], "size": [19, 0, 40], "uv": [2, 127]},
						{"origin": [1, 15.16317, 97.96212], "size": [16, 1, 1], "pivot": [1.5, 15.66317, 97.46212], "rotation": [0, -75, 0], "uv": [157, 182]},
						{"origin": [0, 15.16317, 92.96212], "size": [34, 1, 1], "pivot": [1.5, 15.66317, 93.46212], "rotation": [0, -60, 0], "uv": [157, 184]},
						{"origin": [0.9, 15.16317, 87.96212], "size": [30, 1, 1], "pivot": [1.5, 15.66317, 88.46212], "rotation": [0, -50, 0], "uv": [157, 186]},
						{"origin": [1, 15.16317, 83.96212], "size": [20, 1, 1], "pivot": [1.5, 15.66317, 84.46212], "rotation": [0, -37.5, 0], "uv": [157, 188]}
					]
				},
				{
					"name": "rightTailWing",
					"parent": "Tail5",
					"pivot": [-1.5, 15.66317, 79.96212],
					"rotation": [2.5, 0, 20],
					"cubes": [
						{"origin": [-19, 15.66317, 80.96212], "size": [19, 0, 40], "uv": [157, 30], "mirror": true},
						{"origin": [-17, 15.16317, 97.96212], "size": [16, 1, 1], "pivot": [-1.5, 15.66317, 97.46212], "rotation": [0, 75, 0], "uv": [140, 25], "mirror": true},
						{"origin": [-34, 15.16317, 92.96212], "size": [34, 1, 1], "pivot": [-1.5, 15.66317, 93.46212], "rotation": [0, 60, 0], "uv": [166, 27], "mirror": true},
						{"origin": [-30.9, 15.16317, 87.96212], "size": [30, 1, 1], "pivot": [-1.5, 15.66317, 88.46212], "rotation": [0, 50, 0], "uv": [174, 25], "mirror": true},
						{"origin": [-21, 15.16317, 83.96212], "size": [20, 1, 1], "pivot": [-1.5, 15.66317, 84.46212], "rotation": [0, 37.5, 0], "uv": [192, 23], "mirror": true}
					]
				},
				{
					"name": "leftArm",
					"parent": "Chest",
					"pivot": [7.5, 13.85207, -2.48827],
					"rotation": [20, 12.5, -2.5],
					"cubes": [
						{"origin": [4.5, 6.85207, -4.48827], "size": [4, 9, 4], "uv": [156, 29]}
					]
				},
				{
					"name": "leftFArm",
					"parent": "leftArm",
					"pivot": [9, 6.85207, -2.48827],
					"rotation": [-50, 0, 0],
					"cubes": [
						{"origin": [4, -0.14793, -5.38827], "size": [5, 9, 5], "uv": [141, 38]}
					]
				},
				{
					"name": "leftFrontFeet",
					"parent": "leftFArm",
					"pivot": [6.5, -0.14793, -3.38827],
					"rotation": [25, 0, 0],
					"cubes": [
						{"origin": [4, -1.65922, -5.59573], "size": [5, 3, 5], "inflate": -0.2, "uv": [121, 39]},
						{"origin": [6, 0.06271, -8.38468], "size": [1, 1, 3], "pivot": [7, 1.06271, -5.38468], "rotation": [30, 0, 0], "uv": [118, 40]},
						{"origin": [7.84915, 0.06696, -7.64697], "size": [1, 1, 3], "pivot": [8.25, 1.06271, -4.63468], "rotation": [30, -20, 0], "uv": [118, 40]},
						{"origin": [4.15, 0.06271, -7.88468], "size": [1, 1, 3], "pivot": [4.65, 1.06271, -4.88468], "rotation": [30, 20, 0], "uv": [118, 40]},
						{"origin": [4, 0.06271, -5.58468], "size": [1, 1, 3], "pivot": [4.5, 1.06271, -2.58468], "rotation": [30, 55, 0], "uv": [104, 39]}
					]
				},
				{
					"name": "rightArm",
					"parent": "Chest",
					"pivot": [-7.5, 13.85207, -2.48827],
					"rotation": [20, -12.5, 2.5],
					"cubes": [
						{"origin": [-8.5, 6.85207, -4.48827], "size": [4, 9, 4], "uv": [156, 29], "mirror": true}
					]
				},
				{
					"name": "rightFArm",
					"parent": "rightArm",
					"pivot": [-9, 6.85207, -2.48827],
					"rotation": [-50, 0, 0],
					"cubes": [
						{"origin": [-9, -0.14793, -5.38827], "size": [5, 9, 5], "uv": [141, 38], "mirror": true}
					]
				},
				{
					"name": "rightFrontFeet",
					"parent": "rightFArm",
					"pivot": [-6.5, -0.14793, -3.38827],
					"rotation": [25, 0, 0],
					"cubes": [
						{"origin": [-9, -1.65922, -5.59573], "size": [5, 3, 5], "inflate": -0.2, "uv": [121, 39], "mirror": true},
						{"origin": [-7, 0.06271, -8.38468], "size": [1, 1, 3], "pivot": [-7, 1.06271, -5.38468], "rotation": [30, 0, 0], "uv": [118, 40], "mirror": true},
						{"origin": [-8.84915, 0.06696, -7.64697], "size": [1, 1, 3], "pivot": [-8.25, 1.06271, -4.63468], "rotation": [30, 20, 0], "uv": [118, 40], "mirror": true},
						{"origin": [-5.15, 0.06271, -7.88468], "size": [1, 1, 3], "pivot": [-4.65, 1.06271, -4.88468], "rotation": [30, -20, 0], "uv": [118, 40], "mirror": true},
						{"origin": [-5, 0.06271, -5.58468], "size": [1, 1, 3], "pivot": [-4.5, 1.06271, -2.58468], "rotation": [30, -55, 0], "uv": [104, 39], "mirror": true}
					]
				},
				{
					"name": "leftThigh",
					"parent": "Chest",
					"pivot": [6, 15.60207, 19.51173],
					"rotation": [-25, -10, 0],
					"cubes": [
						{"origin": [4, 7.60207, 17.51173], "size": [4, 10, 4], "uv": [0, 43]}
					]
				},
				{
					"name": "leftShin",
					"parent": "leftThigh",
					"pivot": [8, 7.60207, 17.51173],
					"rotation": [61, 0, 0],
					"cubes": [
						{"origin": [4, 0.60207, 17.51173], "size": [4, 7, 4], "inflate": -0.01, "uv": [16, 43]}
					]
				},
				{
					"name": "leftLeg",
					"parent": "leftShin",
					"pivot": [8.5, 0.60207, 21.51173],
					"rotation": [-47.5, 0, 0],
					"cubes": [
						{"origin": [3.5, -6.39793, 16.51173], "size": [5, 7, 5], "uv": [33, 41]}
					]
				},
				{
					"name": "leftBackPaw",
					"parent": "leftLeg",
					"pivot": [8.5, -6.89793, 18.76173],
					"rotation": [5, 0, 0],
					"cubes": [
						{"origin": [3.5, -8.06457, 16.45269], "size": [5, 3, 5], "inflate": -0.2, "uv": [53, 45]},
						{"origin": [5.5, -6.47742, 13.60649], "size": [1, 1, 3], "pivot": [6, -5.47742, 16.60649], "rotation": [30, 0, 0], "uv": [118, 40]},
						{"origin": [3.7, -6.47742, 13.85649], "size": [1, 1, 3], "pivot": [4.2, -5.47742, 16.85649], "rotation": [30, 25, 0], "uv": [118, 40]},
						{"origin": [4.2, -6.47742, 17.10649], "size": [1, 1, 3], "pivot": [4.7, -5.47742, 20.10649], "rotation": [30, 65, 0], "uv": [104, 39]},
						{"origin": [7.25, -6.47742, 14.35649], "size": [1, 1, 3], "pivot": [7.75, -5.47742, 17.35649], "rotation": [30, -25, 0], "uv": [118, 40]}
					]
				},
				{
					"name": "rightThigh",
					"parent": "Chest",
					"pivot": [-6, 15.60207, 19.51173],
					"rotation": [-25, 10, 0],
					"cubes": [
						{"origin": [-8, 7.60207, 17.51173], "size": [4, 10, 4], "uv": [0, 43], "mirror": true}
					]
				},
				{
					"name": "rightShin",
					"parent": "rightThigh",
					"pivot": [-8, 7.60207, 17.51173],
					"rotation": [61, 0, 0],
					"cubes": [
						{"origin": [-8, 0.60207, 17.51173], "size": [4, 7, 4], "inflate": -0.01, "uv": [16, 43], "mirror": true}
					]
				},
				{
					"name": "rightLeg",
					"parent": "rightShin",
					"pivot": [-8.5, 0.60207, 21.51173],
					"rotation": [-47.5, 0, 0],
					"cubes": [
						{"origin": [-8.5, -6.39793, 16.51173], "size": [5, 7, 5], "uv": [33, 41], "mirror": true}
					]
				},
				{
					"name": "rightBackPaw",
					"parent": "rightLeg",
					"pivot": [-8.5, -6.89793, 18.76173],
					"rotation": [5, 0, 0],
					"cubes": [
						{"origin": [-8.5, -8.06457, 16.45269], "size": [5, 3, 5], "inflate": -0.2, "uv": [53, 45], "mirror": true},
						{"origin": [-6.5, -6.47742, 13.60649], "size": [1, 1, 3], "pivot": [-6, -5.47742, 16.60649], "rotation": [30, 0, 0], "uv": [118, 40], "mirror": true},
						{"origin": [-4.7, -6.47742, 13.85649], "size": [1, 1, 3], "pivot": [-4.2, -5.47742, 16.85649], "rotation": [30, -25, 0], "uv": [118, 40], "mirror": true},
						{"origin": [-5.2, -6.47742, 17.10649], "size": [1, 1, 3], "pivot": [-4.7, -5.47742, 20.10649], "rotation": [30, -65, 0], "uv": [104, 39], "mirror": true},
						{"origin": [-8.25, -6.47742, 14.35649], "size": [1, 1, 3], "pivot": [-7.75, -5.47742, 17.35649], "rotation": [30, 25, 0], "uv": [118, 40], "mirror": true}
					]
				},
				{
					"name": "spikesBack",
					"parent": "Chest",
					"pivot": [0.5, 24.60207, 8.51173],
					"rotation": [-15, 0, 0],
					"cubes": [
						{"origin": [-0.5, 23.60207, 9.26173], "size": [1, 4, 3], "pivot": [0.5, 24.60207, 9.26173], "rotation": [-52.5, 0, 0], "uv": [0, 0]},
						{"origin": [-0.5, 25.60207, 11.26173], "size": [1, 4, 3], "pivot": [0.5, 24.60207, 9.26173], "rotation": [-52.5, 0, 0], "uv": [0, 0]},
						{"origin": [-0.5, 24.60207, 10.26173], "size": [1, 4, 3], "pivot": [0.5, 24.60207, 9.26173], "rotation": [-52.5, 0, 0], "uv": [0, 0]},
						{"origin": [-0.5, 24.50207, 14.26173], "size": [1, 4, 3], "pivot": [0.5, 24.50207, 14.26173], "rotation": [-52.5, 0, 0], "uv": [0, 0]},
						{"origin": [-0.5, 24.60207, 20.51173], "size": [1, 4, 3], "pivot": [0.5, 24.60207, 20.51173], "rotation": [-60, 0, 0], "uv": [0, 0]}
					]
				},
				{
					"name": "Saddle",
					"parent": "Chest",
					"pivot": [0, 24.70906, -1.98904],
					"cubes": [
						{"origin": [-4, 21.45906, -7.98904], "size": [8, 4, 16], "pivot": [0, 24.70906, -1.98904], "rotation": [2.5, 0, 0], "uv": [0, 101]},
						{"origin": [-4, 21.45906, -7.98904], "size": [8, 4, 16], "pivot": [0, 24.70906, -1.98904], "rotation": [2.5, 0, 0], "uv": [0, 101]},
						{"origin": [-2, 22.43623, -8.45618], "size": [4, 4, 2], "pivot": [0, 24.70906, -1.98904], "rotation": [2.5, 0, 0], "uv": [2, 108]}
					]
				},
				{
					"name": "Bags",
					"parent": "Saddle",
					"pivot": [0, 24.70906, -1.98904],
					"cubes": [
						{"origin": [3, 21.70906, 3.26096], "size": [3, 4, 5], "pivot": [4, 24.70906, 7.01096], "rotation": [0, 0, -70], "uv": [0, 98]},
						{"origin": [-6, 21.70906, 3.26096], "size": [3, 4, 5], "pivot": [-4, 24.70906, 7.01096], "rotation": [0, 0, 70], "uv": [0, 98], "mirror": true}
					]
				},
				{
					"name": "Neck1rot",
					"parent": "Chest",
					"pivot": [0, 19, -4.5]
				},
				{
					"name": "NeckBase",
					"parent": "Neck1rot",
					"pivot": [0, 19.10207, -4.48827],
					"rotation": [-10, 0, 0],
					"cubes": [
						{"origin": [-5, 13.60207, -9.48827], "size": [10, 10, 7], "uv": [99, 0]},
						{"origin": [0, 25, -7.75], "size": [1, 3, 1], "pivot": [0.5, 25.5, -9.5], "rotation": [-70, 0, 0], "uv": [5, 121]},
						{"origin": [1, 24.25, -7.75], "size": [1, 3, 1], "pivot": [0.5, 25.5, -9.5], "rotation": [-70, 0, 0], "uv": [5, 121]},
						{"origin": [2, 23.5, -7.75], "size": [1, 3, 1], "pivot": [0.5, 25.5, -9.5], "rotation": [-70, 0, 0], "uv": [5, 121]},
						{"origin": [3, 23.75, -7.75], "size": [1, 3, 1], "pivot": [0.5, 25.5, -9.5], "rotation": [-70, 0, 0], "uv": [5, 121]},
						{"origin": [4, 21.80019, -9.46538], "size": [1, 3, 1], "pivot": [4.5, 23.30019, -8.96538], "rotation": [-64.58623, 37.15855, 16.0129], "uv": [5, 121]},
						{"origin": [4, 22.80019, -8.46538], "size": [1, 3, 1], "pivot": [4.5, 23.30019, -8.96538], "rotation": [-75.3088, 36.7602, -0.83174], "uv": [5, 121]},
						{"origin": [4.25, 22.80019, -7.46538], "size": [1, 3, 1], "pivot": [4.5, 23.30019, -8.96538], "rotation": [-75.3088, 36.7602, -0.83174], "uv": [5, 121]},
						{"origin": [4.25, 22.80019, -6.46538], "size": [1, 3, 1], "pivot": [4.5, 23.30019, -8.96538], "rotation": [-74.23815, 41.5851, 0.86168], "uv": [5, 121]},
						{"origin": [5.49297, 18.19937, -8.09875], "size": [1, 3, 1], "pivot": [5.99297, 19.69937, -7.59875], "rotation": [-79.23815, 41.5851, 0.86168], "uv": [5, 121]},
						{"origin": [5.49297, 17.94937, -7.09875], "size": [1, 3, 1], "pivot": [5.99297, 19.69937, -7.59875], "rotation": [-79.23815, 41.5851, 0.86168], "uv": [5, 121]},
						{"origin": [-6.49297, 17.94937, -7.09875], "size": [1, 3, 1], "pivot": [-5.99297, 19.69937, -7.59875], "rotation": [-79.23815, -41.5851, -0.86168], "uv": [5, 121], "mirror": true},
						{"origin": [-6.49297, 18.19937, -8.09875], "size": [1, 3, 1], "pivot": [-5.99297, 19.69937, -7.59875], "rotation": [-79.23815, -41.5851, -0.86168], "uv": [5, 121], "mirror": true},
						{"origin": [-5.25, 22.80019, -6.46538], "size": [1, 3, 1], "pivot": [-4.5, 23.30019, -8.96538], "rotation": [-74.23815, -41.5851, -0.86168], "uv": [5, 121], "mirror": true},
						{"origin": [-5.25, 22.80019, -7.46538], "size": [1, 3, 1], "pivot": [-4.5, 23.30019, -8.96538], "rotation": [-75.3088, -36.7602, 0.83174], "uv": [5, 121], "mirror": true},
						{"origin": [-5, 22.80019, -8.46538], "size": [1, 3, 1], "pivot": [-4.5, 23.30019, -8.96538], "rotation": [-75.3088, -36.7602, 0.83174], "uv": [5, 121], "mirror": true},
						{"origin": [-5, 21.80019, -9.46538], "size": [1, 3, 1], "pivot": [-4.5, 23.30019, -8.96538], "rotation": [-64.58623, -37.15855, -16.0129], "uv": [5, 121], "mirror": true},
						{"origin": [-4, 23.75, -7.75], "size": [1, 3, 1], "pivot": [-0.5, 25.5, -9.5], "rotation": [-70, 0, 0], "uv": [5, 121], "mirror": true},
						{"origin": [-3, 23.5, -7.75], "size": [1, 3, 1], "pivot": [-0.5, 25.5, -9.5], "rotation": [-70, 0, 0], "uv": [5, 121], "mirror": true},
						{"origin": [-2, 24.25, -7.75], "size": [1, 3, 1], "pivot": [-0.5, 25.5, -9.5], "rotation": [-70, 0, 0], "uv": [5, 121], "mirror": true},
						{"origin": [-1, 25, -7.75], "size": [1, 3, 1], "pivot": [-0.5, 25.5, -9.5], "rotation": [-70, 0, 0], "uv": [5, 121], "mirror": true}
					]
				},
				{
					"name": "Neck2rot",
					"parent": "NeckBase",
					"pivot": [0, 19.10207, -8.48827]
				},
				{
					"name": "Neck",
					"parent": "Neck2rot",
					"pivot": [0, 19.10207, -8.48827],
					"rotation": [7.5, 0, 0],
					"cubes": [
						{"origin": [-4, 25.03542, -14.69839], "size": [8, 11, 6], "pivot": [4, 25.03542, -14.69839], "rotation": [-122.5, 0, 0], "uv": [133, 0]},
						{"origin": [-3.5, 22.03739, -14.70159], "size": [7, 3, 10], "pivot": [3.5, 25.01809, -14.71126], "rotation": [-17.5, 0, 0], "uv": [106, 17]},
						{"origin": [0, 20, -9.5], "size": [1, 3, 1], "pivot": [0.5, 24.5, -9.5], "rotation": [-97.5, 0, 0], "uv": [5, 121]},
						{"origin": [-1, 20, -9.5], "size": [1, 3, 1], "pivot": [-0.5, 24.5, -9.5], "rotation": [-97.5, 0, 0], "uv": [5, 121], "mirror": true},
						{"origin": [1, 19.5, -9.5], "size": [1, 3, 1], "pivot": [0.5, 24.5, -9.5], "rotation": [-97.5, 0, 0], "uv": [5, 121]},
						{"origin": [1, 22.5, -9], "size": [1, 3, 1], "pivot": [0.5, 24.5, -9.5], "rotation": [-97.5, 0, 0], "uv": [5, 121]},
						{"origin": [2, 21.5, -9], "size": [1, 3, 1], "pivot": [0.5, 24.5, -9.5], "rotation": [-97.5, 0, 0], "uv": [5, 121]},
						{"origin": [-3, 21.5, -9], "size": [1, 3, 1], "pivot": [-0.5, 24.5, -9.5], "rotation": [-97.5, 0, 0], "uv": [5, 121], "mirror": true},
						{"origin": [-2, 22.5, -9], "size": [1, 3, 1], "pivot": [-0.5, 24.5, -9.5], "rotation": [-97.5, 0, 0], "uv": [5, 121], "mirror": true},
						{"origin": [2, 18.75, -9.5], "size": [1, 3, 1], "pivot": [0.5, 24.5, -9.5], "rotation": [-97.5, 0, 0], "uv": [5, 121]},
						{"origin": [3, 19, -9.5], "size": [1, 3, 1], "pivot": [0.5, 24.5, -9.5], "rotation": [-97.5, 0, 0], "uv": [5, 121]},
						{"origin": [3.25, 23.03494, -14.16157], "size": [1, 3, 1], "pivot": [3.5, 23.53494, -13.66157], "rotation": [-105.2614, 14.8687, -2.00307], "uv": [5, 121]},
						{"origin": [3, 24.03494, -13.16157], "size": [1, 3, 1], "pivot": [3.5, 23.53494, -13.66157], "rotation": [-105.2614, 14.8687, -2.00307], "uv": [5, 121]},
						{"origin": [3, 23.53494, -12.16157], "size": [1, 3, 1], "pivot": [3.5, 23.53494, -13.66157], "rotation": [-105.2614, 14.8687, -2.00307], "uv": [5, 121]},
						{"origin": [3, 23.03494, -11.16157], "size": [1, 3, 1], "pivot": [3.5, 23.53494, -13.66157], "rotation": [-105.2614, 14.8687, -2.00307], "uv": [5, 121]},
						{"origin": [2.75, 25.78494, -11.16157], "size": [1, 3, 1], "pivot": [3.5, 23.53494, -13.66157], "rotation": [-105.2614, 14.8687, -2.00307], "uv": [5, 121]},
						{"origin": [-3.75, 25.78494, -11.16157], "size": [1, 3, 1], "pivot": [-3.5, 23.53494, -13.66157], "rotation": [-105.2614, -14.8687, 2.00307], "uv": [5, 121], "mirror": true},
						{"origin": [-4, 23.03494, -11.16157], "size": [1, 3, 1], "pivot": [-3.5, 23.53494, -13.66157], "rotation": [-105.2614, -14.8687, 2.00307], "uv": [5, 121], "mirror": true},
						{"origin": [2.75, 26.03494, -12.16157], "size": [1, 3, 1], "pivot": [3.5, 23.53494, -13.66157], "rotation": [-105.2614, 14.8687, -2.00307], "uv": [5, 121]},
						{"origin": [-3.75, 26.03494, -12.16157], "size": [1, 3, 1], "pivot": [-3.5, 23.53494, -13.66157], "rotation": [-105.2614, -14.8687, 2.00307], "uv": [5, 121], "mirror": true},
						{"origin": [-4, 23.53494, -12.16157], "size": [1, 3, 1], "pivot": [-3.5, 23.53494, -13.66157], "rotation": [-105.2614, -14.8687, 2.00307], "uv": [5, 121], "mirror": true},
						{"origin": [2.5, 26.03494, -13.16157], "size": [1, 3, 1], "pivot": [3.5, 23.53494, -13.66157], "rotation": [-105.2614, 14.8687, -2.00307], "uv": [5, 121]},
						{"origin": [-3.5, 26.03494, -13.16157], "size": [1, 3, 1], "pivot": [-3.5, 23.53494, -13.66157], "rotation": [-105.2614, -14.8687, 2.00307], "uv": [5, 121], "mirror": true},
						{"origin": [-4, 24.03494, -13.16157], "size": [1, 3, 1], "pivot": [-3.5, 23.53494, -13.66157], "rotation": [-105.2614, -14.8687, 2.00307], "uv": [5, 121], "mirror": true},
						{"origin": [2.25, 26.03494, -14.16157], "size": [1, 3, 1], "pivot": [3.5, 23.53494, -13.66157], "rotation": [-105.2614, 14.8687, -2.00307], "uv": [5, 121]},
						{"origin": [-3.25, 26.03494, -14.16157], "size": [1, 3, 1], "pivot": [-3.5, 23.53494, -13.66157], "rotation": [-105.2614, -14.8687, 2.00307], "uv": [5, 121], "mirror": true},
						{"origin": [-4.25, 23.03494, -14.16157], "size": [1, 3, 1], "pivot": [-3.5, 23.53494, -13.66157], "rotation": [-105.2614, -14.8687, 2.00307], "uv": [5, 121], "mirror": true},
						{"origin": [3, 22, -8.75], "size": [1, 3, 1], "pivot": [0.5, 24.5, -9.5], "rotation": [-97.5, 0, 0], "uv": [5, 121]},
						{"origin": [-4, 22, -8.75], "size": [1, 3, 1], "pivot": [-0.5, 24.5, -9.5], "rotation": [-97.5, 0, 0], "uv": [5, 121], "mirror": true},
						{"origin": [-4, 19, -9.5], "size": [1, 3, 1], "pivot": [-0.5, 24.5, -9.5], "rotation": [-97.5, 0, 0], "uv": [5, 121], "mirror": true},
						{"origin": [-3, 18.75, -9.5], "size": [1, 3, 1], "pivot": [-0.5, 24.5, -9.5], "rotation": [-97.5, 0, 0], "uv": [5, 121], "mirror": true},
						{"origin": [-2, 19.5, -9.5], "size": [1, 3, 1], "pivot": [-0.5, 24.5, -9.5], "rotation": [-97.5, 0, 0], "uv": [5, 121], "mirror": true},
						{"origin": [0, 23, -8.75], "size": [1, 3, 1], "pivot": [0.5, 24.5, -9.5], "rotation": [-97.5, 0, 0], "uv": [5, 121]},
						{"origin": [-1, 23, -8.75], "size": [1, 3, 1], "pivot": [-0.5, 24.5, -9.5], "rotation": [-97.5, 0, 0], "uv": [5, 121], "mirror": true}
					]
				},
				{
					"name": "Headrot",
					"parent": "Neck",
					"pivot": [0, 22.60207, -15.23827]
				},
				{
					"name": "head",
					"parent": "Headrot",
					"pivot": [0, 22.60207, -15.23827],
					"rotation": [10, 0, 0],
					"cubes": [
						{"origin": [-5, 20.10207, -22.98827], "size": [10, 5, 9], "uv": [0, 29]},
						{"origin": [0, 24.45207, -22.98827], "size": [0, 1, 9], "pivot": [0, 25.45207, -22.98827], "rotation": [2.5, 0, 0], "uv": [90, 27]},
						{"origin": [-6.75, 19.05207, -27.48827], "size": [7, 1, 7], "pivot": [0, 19.95207, -27.23827], "rotation": [14.00194, 44.13603, 9.85108], "uv": [83, 39]},
						{"origin": [-0.5, 22.77592, -27.23121], "size": [1, 3, 1], "pivot": [0, 24.27592, -26.73121], "rotation": [-25, 0, 0], "uv": [5, 121]},
						{"origin": [-1.5, 24, -26], "size": [1, 3, 1], "pivot": [0, 26.5, -26.5], "rotation": [-32.5, 0, 0], "uv": [5, 121]},
						{"origin": [-1.5, 24.76879, -23.77592], "size": [1, 3, 1], "pivot": [-1, 26.26879, -24.27592], "rotation": [-72.5, 0, 0], "uv": [5, 121]},
						{"origin": [-1.5, 27.76879, -22.77592], "size": [1, 3, 1], "pivot": [-1, 26.26879, -24.27592], "rotation": [-72.5, 0, 0], "uv": [5, 121]},
						{"origin": [-1.5, 30.76879, -21.77592], "size": [1, 3, 1], "pivot": [-1, 26.26879, -24.27592], "rotation": [-72.5, 0, 0], "uv": [5, 121]},
						{"origin": [-1.5, 33.76879, -20.77592], "size": [1, 3, 1], "pivot": [-1, 26.26879, -24.27592], "rotation": [-72.5, 0, 0], "uv": [5, 121]},
						{"origin": [0.5, 24.76879, -23.77592], "size": [1, 3, 1], "pivot": [1, 26.26879, -24.27592], "rotation": [-72.5, 0, 0], "uv": [5, 121], "mirror": true},
						{"origin": [1.5, 24.26879, -23.77592], "size": [1, 3, 1], "pivot": [1, 26.26879, -24.27592], "rotation": [-72.5, 0, 0], "uv": [5, 121], "mirror": true},
						{"origin": [2.99273, 23.3955, -24.14319], "size": [1, 3, 1], "pivot": [3.49273, 24.8955, -23.64319], "rotation": [-54.50193, 30.82594, 10.8448], "uv": [5, 121], "mirror": true},
						{"origin": [3.99273, 21.3955, -24.14319], "size": [1, 3, 1], "pivot": [3.49273, 24.8955, -23.64319], "rotation": [-85.2699, 55.37356, 2.50691], "uv": [5, 121], "mirror": true},
						{"origin": [3.99273, 21.3955, -20.64319], "size": [1, 3, 1], "pivot": [3.49273, 24.8955, -23.64319], "rotation": [-85.2699, 55.37356, 2.50691], "uv": [5, 121], "mirror": true},
						{"origin": [3.99273, 21.3955, -20.64319], "size": [1, 3, 1], "pivot": [3.49273, 24.8955, -23.64319], "rotation": [-85.2699, 55.37356, 2.50691], "uv": [5, 121], "mirror": true},
						{"origin": [3.24273, 24.3955, -20.64319], "size": [1, 3, 1], "pivot": [3.49273, 24.8955, -23.64319], "rotation": [-85.2699, 55.37356, 2.50691], "uv": [5, 121], "mirror": true},
						{"origin": [3.24273, 23.8955, -21.64319], "size": [1, 3, 1], "pivot": [3.49273, 24.8955, -23.64319], "rotation": [-85.2699, 55.37356, 2.50691], "uv": [5, 121], "mirror": true},
						{"origin": [-4.24273, 23.8955, -21.64319], "size": [1, 3, 1], "pivot": [-3.49273, 24.8955, -23.64319], "rotation": [-85.2699, -55.37356, -2.50691], "uv": [5, 121]},
						{"origin": [3.24273, 23.3955, -22.64319], "size": [1, 3, 1], "pivot": [3.49273, 24.8955, -23.64319], "rotation": [-85.2699, 55.37356, 2.50691], "uv": [5, 121], "mirror": true},
						{"origin": [4.24906, 22.00925, -22.32317], "size": [1, 3, 1], "pivot": [4.74906, 23.50925, -21.82317], "rotation": [-87.17688, 17.9445, -0.51779], "uv": [5, 121], "mirror": true},
						{"origin": [4.21954, 22.15675, -19.16447], "size": [1, 3, 1], "pivot": [4.71954, 23.65675, -18.66447], "rotation": [-87.2882, 7.95609, -1.01259], "uv": [5, 121], "mirror": true},
						{"origin": [3.96954, 25.15675, -19.16447], "size": [1, 3, 1], "pivot": [4.71954, 23.65675, -18.66447], "rotation": [-87.2882, 7.95609, -1.01259], "uv": [5, 121], "mirror": true},
						{"origin": [-4.96954, 25.15675, -19.16447], "size": [1, 3, 1], "pivot": [-4.71954, 23.65675, -18.66447], "rotation": [-87.2882, -7.95609, 1.01259], "uv": [5, 121]},
						{"origin": [3.96954, 25.15675, -17.16447], "size": [1, 3, 1], "pivot": [4.71954, 23.65675, -18.66447], "rotation": [-87.2882, 7.95609, -1.01259], "uv": [5, 121], "mirror": true},
						{"origin": [-4.96954, 25.15675, -17.16447], "size": [1, 3, 1], "pivot": [-4.71954, 23.65675, -18.66447], "rotation": [-87.2882, -7.95609, 1.01259], "uv": [5, 121]},
						{"origin": [4.21954, 22.15675, -17.16447], "size": [1, 3, 1], "pivot": [4.71954, 23.65675, -18.66447], "rotation": [-87.2882, 7.95609, -1.01259], "uv": [5, 121], "mirror": true},
						{"origin": [-5.21954, 22.15675, -17.16447], "size": [1, 3, 1], "pivot": [-4.71954, 23.65675, -18.66447], "rotation": [-87.2882, -7.95609, 1.01259], "uv": [5, 121]},
						{"origin": [-5.21954, 22.15675, -19.16447], "size": [1, 3, 1], "pivot": [-4.71954, 23.65675, -18.66447], "rotation": [-87.2882, -7.95609, 1.01259], "uv": [5, 121]},
						{"origin": [4.24906, 22.00925, -20.32317], "size": [1, 3, 1], "pivot": [4.74906, 23.50925, -21.82317], "rotation": [-87.17688, 17.9445, -0.51779], "uv": [5, 121], "mirror": true},
						{"origin": [-5.24906, 22.00925, -20.32317], "size": [1, 3, 1], "pivot": [-4.74906, 23.50925, -21.82317], "rotation": [-87.17688, -17.9445, 0.51779], "uv": [5, 121]},
						{"origin": [4.49906, 23.00925, -21.32317], "size": [1, 3, 1], "pivot": [4.74906, 23.50925, -21.82317], "rotation": [-87.17688, 17.9445, -0.51779], "uv": [5, 121], "mirror": true},
						{"origin": [3.49906, 25.00925, -21.32317], "size": [1, 3, 1], "pivot": [4.74906, 23.50925, -21.82317], "rotation": [-87.17688, 17.9445, -0.51779], "uv": [5, 121], "mirror": true},
						{"origin": [2.49906, 28.00925, -21.32317], "size": [1, 3, 1], "pivot": [4.74906, 23.50925, -21.82317], "rotation": [-87.17688, 17.9445, -0.51779], "uv": [5, 121], "mirror": true},
						{"origin": [-3.49906, 28.00925, -21.32317], "size": [1, 3, 1], "pivot": [-4.74906, 23.50925, -21.82317], "rotation": [-87.17688, -17.9445, 0.51779], "uv": [5, 121]},
						{"origin": [-4.49906, 25.00925, -21.32317], "size": [1, 3, 1], "pivot": [-4.74906, 23.50925, -21.82317], "rotation": [-87.17688, -17.9445, 0.51779], "uv": [5, 121]},
						{"origin": [-5.49906, 23.00925, -21.32317], "size": [1, 3, 1], "pivot": [-4.74906, 23.50925, -21.82317], "rotation": [-87.17688, -17.9445, 0.51779], "uv": [5, 121]},
						{"origin": [-5.24906, 22.00925, -22.32317], "size": [1, 3, 1], "pivot": [-4.74906, 23.50925, -21.82317], "rotation": [-87.17688, -17.9445, 0.51779], "uv": [5, 121]},
						{"origin": [-4.24273, 23.3955, -22.64319], "size": [1, 3, 1], "pivot": [-3.49273, 24.8955, -23.64319], "rotation": [-85.2699, -55.37356, -2.50691], "uv": [5, 121]},
						{"origin": [-4.24273, 24.3955, -20.64319], "size": [1, 3, 1], "pivot": [-3.49273, 24.8955, -23.64319], "rotation": [-85.2699, -55.37356, -2.50691], "uv": [5, 121]},
						{"origin": [-4.99273, 21.3955, -20.64319], "size": [1, 3, 1], "pivot": [-3.49273, 24.8955, -23.64319], "rotation": [-85.2699, -55.37356, -2.50691], "uv": [5, 121]},
						{"origin": [3.24273, 24.3955, -24.14319], "size": [1, 3, 1], "pivot": [3.49273, 24.8955, -23.64319], "rotation": [-85.2699, 55.37356, 2.50691], "uv": [5, 121], "mirror": true},
						{"origin": [4.42623, 22.57534, -22.08375], "size": [1, 3, 1], "pivot": [6.92623, 25.07534, -21.58375], "rotation": [-86.95989, 27.93149, 0.03686], "uv": [5, 121], "mirror": true},
						{"origin": [3.42623, 24.57534, -22.08375], "size": [1, 3, 1], "pivot": [6.92623, 25.07534, -21.58375], "rotation": [-86.95989, 27.93149, 0.03686], "uv": [5, 121], "mirror": true},
						{"origin": [2.42623, 27.57534, -22.08375], "size": [1, 3, 1], "pivot": [6.92623, 25.07534, -21.58375], "rotation": [-86.95989, 27.93149, 0.03686], "uv": [5, 121], "mirror": true},
						{"origin": [-3.42623, 27.57534, -22.08375], "size": [1, 3, 1], "pivot": [-6.92623, 25.07534, -21.58375], "rotation": [-86.95989, -27.93149, -0.03686], "uv": [5, 121]},
						{"origin": [-4.42623, 24.57534, -22.08375], "size": [1, 3, 1], "pivot": [-6.92623, 25.07534, -21.58375], "rotation": [-86.95989, -27.93149, -0.03686], "uv": [5, 121]},
						{"origin": [-5.42623, 22.57534, -22.08375], "size": [1, 3, 1], "pivot": [-6.92623, 25.07534, -21.58375], "rotation": [-86.95989, -27.93149, -0.03686], "uv": [5, 121]},
						{"origin": [-4.24273, 24.3955, -24.14319], "size": [1, 3, 1], "pivot": [-3.49273, 24.8955, -23.64319], "rotation": [-85.2699, -55.37356, -2.50691], "uv": [5, 121]},
						{"origin": [-4.99273, 21.3955, -24.14319], "size": [1, 3, 1], "pivot": [-3.49273, 24.8955, -23.64319], "rotation": [-85.2699, -55.37356, -2.50691], "uv": [5, 121]},
						{"origin": [1.99273, 22.8955, -24.14319], "size": [1, 3, 1], "pivot": [3.49273, 24.8955, -23.64319], "rotation": [-54.50193, 30.82594, 10.8448], "uv": [5, 121], "mirror": true},
						{"origin": [0.99273, 24.8955, -23.14319], "size": [1, 3, 1], "pivot": [3.49273, 24.8955, -23.64319], "rotation": [-54.50193, 30.82594, 10.8448], "uv": [5, 121], "mirror": true},
						{"origin": [-1.00727, 27.8955, -21.14319], "size": [1, 3, 1], "pivot": [3.49273, 24.8955, -23.64319], "rotation": [-54.50193, 30.82594, 10.8448], "uv": [5, 121], "mirror": true},
						{"origin": [-2.00727, 28.8955, -20.14319], "size": [1, 3, 1], "pivot": [3.49273, 24.8955, -23.64319], "rotation": [-54.50193, 30.82594, 10.8448], "uv": [5, 121], "mirror": true},
						{"origin": [1.00727, 28.8955, -20.14319], "size": [1, 3, 1], "pivot": [-3.49273, 24.8955, -23.64319], "rotation": [-54.50193, -30.82594, -10.8448], "uv": [5, 121]},
						{"origin": [0.00727, 27.8955, -21.14319], "size": [1, 3, 1], "pivot": [-3.49273, 24.8955, -23.64319], "rotation": [-54.50193, -30.82594, -10.8448], "uv": [5, 121]},
						{"origin": [-0.00727, 26.8955, -22.14319], "size": [1, 3, 1], "pivot": [3.49273, 24.8955, -23.64319], "rotation": [-54.50193, 30.82594, 10.8448], "uv": [5, 121], "mirror": true},
						{"origin": [-0.99273, 26.8955, -22.14319], "size": [1, 3, 1], "pivot": [-3.49273, 24.8955, -23.64319], "rotation": [-54.50193, -30.82594, -10.8448], "uv": [5, 121]},
						{"origin": [-1.99273, 24.8955, -23.14319], "size": [1, 3, 1], "pivot": [-3.49273, 24.8955, -23.64319], "rotation": [-54.50193, -30.82594, -10.8448], "uv": [5, 121]},
						{"origin": [-2.99273, 22.8955, -24.14319], "size": [1, 3, 1], "pivot": [-3.49273, 24.8955, -23.64319], "rotation": [-54.50193, -30.82594, -10.8448], "uv": [5, 121]},
						{"origin": [-3.99273, 23.3955, -24.14319], "size": [1, 3, 1], "pivot": [-3.49273, 24.8955, -23.64319], "rotation": [-54.50193, -30.82594, -10.8448], "uv": [5, 121]},
						{"origin": [1.99273, 25.3955, -23.14319], "size": [1, 3, 1], "pivot": [3.49273, 24.8955, -23.64319], "rotation": [-54.50193, 30.82594, 10.8448], "uv": [5, 121], "mirror": true},
						{"origin": [-2.99273, 25.3955, -23.14319], "size": [1, 3, 1], "pivot": [-3.49273, 24.8955, -23.64319], "rotation": [-54.50193, -30.82594, -10.8448], "uv": [5, 121]},
						{"origin": [-0.00727, 28.3955, -21.14319], "size": [1, 3, 1], "pivot": [3.49273, 24.8955, -23.64319], "rotation": [-54.50193, 30.82594, 10.8448], "uv": [5, 121], "mirror": true},
						{"origin": [-0.99273, 28.3955, -21.14319], "size": [1, 3, 1], "pivot": [-3.49273, 24.8955, -23.64319], "rotation": [-54.50193, -30.82594, -10.8448], "uv": [5, 121]},
						{"origin": [-1.00727, 29.3955, -20.14319], "size": [1, 3, 1], "pivot": [3.49273, 24.8955, -23.64319], "rotation": [-54.50193, 30.82594, 10.8448], "uv": [5, 121], "mirror": true},
						{"origin": [0.00727, 29.3955, -20.14319], "size": [1, 3, 1], "pivot": [-3.49273, 24.8955, -23.64319], "rotation": [-54.50193, -30.82594, -10.8448], "uv": [5, 121]},
						{"origin": [0.99273, 27.3955, -22.14319], "size": [1, 3, 1], "pivot": [3.49273, 24.8955, -23.64319], "rotation": [-54.50193, 30.82594, 10.8448], "uv": [5, 121], "mirror": true},
						{"origin": [-1.99273, 27.3955, -22.14319], "size": [1, 3, 1], "pivot": [-3.49273, 24.8955, -23.64319], "rotation": [-54.50193, -30.82594, -10.8448], "uv": [5, 121]},
						{"origin": [-1.99273, 27.3955, -22.14319], "size": [1, 3, 1], "pivot": [-3.49273, 24.8955, -23.64319], "rotation": [-54.50193, -30.82594, -10.8448], "uv": [5, 121]},
						{"origin": [-2.5, 24.26879, -23.77592], "size": [1, 3, 1], "pivot": [-1, 26.26879, -24.27592], "rotation": [-72.5, 0, 0], "uv": [5, 121]},
						{"origin": [1.5, 27.26879, -22.77592], "size": [1, 3, 1], "pivot": [1, 26.26879, -24.27592], "rotation": [-72.5, 0, 0], "uv": [5, 121], "mirror": true},
						{"origin": [-2.5, 27.26879, -22.77592], "size": [1, 3, 1], "pivot": [-1, 26.26879, -24.27592], "rotation": [-72.5, 0, 0], "uv": [5, 121]},
						{"origin": [1.5, 30.26879, -21.77592], "size": [1, 3, 1], "pivot": [1, 26.26879, -24.27592], "rotation": [-72.5, 0, 0], "uv": [5, 121], "mirror": true},
						{"origin": [-2.5, 30.26879, -21.77592], "size": [1, 3, 1], "pivot": [-1, 26.26879, -24.27592], "rotation": [-72.5, 0, 0], "uv": [5, 121]},
						{"origin": [1.5, 33.26879, -20.77592], "size": [1, 3, 1], "pivot": [1, 26.26879, -24.27592], "rotation": [-72.5, 0, 0], "uv": [5, 121], "mirror": true},
						{"origin": [-2.5, 33.26879, -20.77592], "size": [1, 3, 1], "pivot": [-1, 26.26879, -24.27592], "rotation": [-72.5, 0, 0], "uv": [5, 121]},
						{"origin": [-0.5, 23.51437, -25.42893], "size": [1, 3, 1], "pivot": [0, 25.01437, -24.92893], "rotation": [-60, 0, 0], "uv": [5, 121], "mirror": true},
						{"origin": [-0.5, 26.51437, -24.42893], "size": [1, 3, 1], "pivot": [0, 25.01437, -24.92893], "rotation": [-60, 0, 0], "uv": [5, 121], "mirror": true},
						{"origin": [-0.5, 28.51437, -23.42893], "size": [1, 3, 1], "pivot": [0, 25.01437, -24.92893], "rotation": [-60, 0, 0], "uv": [5, 121], "mirror": true},
						{"origin": [-0.5, 30.51437, -22.42893], "size": [1, 3, 1], "pivot": [0, 25.01437, -24.92893], "rotation": [-60, 0, 0], "uv": [5, 121], "mirror": true},
						{"origin": [-0.5, 31.51437, -21.42893], "size": [1, 3, 1], "pivot": [0, 25.01437, -24.92893], "rotation": [-60, 0, 0], "uv": [5, 121], "mirror": true},
						{"origin": [-0.5, 32.51437, -20.42893], "size": [1, 3, 1], "pivot": [0, 25.01437, -24.92893], "rotation": [-60, 0, 0], "uv": [5, 121], "mirror": true},
						{"origin": [0.5, 27.76879, -22.77592], "size": [1, 3, 1], "pivot": [1, 26.26879, -24.27592], "rotation": [-72.5, 0, 0], "uv": [5, 121], "mirror": true},
						{"origin": [0.5, 30.76879, -21.77592], "size": [1, 3, 1], "pivot": [1, 26.26879, -24.27592], "rotation": [-72.5, 0, 0], "uv": [5, 121], "mirror": true},
						{"origin": [0.5, 33.76879, -20.77592], "size": [1, 3, 1], "pivot": [1, 26.26879, -24.27592], "rotation": [-72.5, 0, 0], "uv": [5, 121], "mirror": true},
						{"origin": [0.5, 24, -26], "size": [1, 3, 1], "pivot": [0, 26.5, -26.5], "rotation": [-32.5, 0, 0], "uv": [5, 121], "mirror": true}
					]
				},
				{
					"name": "leftHorn3",
					"parent": "head",
					"pivot": [5.025, 20.60207, -14.98827],
					"rotation": [-28, 23, 0]
				},
				{
					"name": "rightHorn3",
					"parent": "head",
					"pivot": [-5.025, 20.60207, -14.98827],
					"rotation": [-28, -23, 0]
				},
				{
					"name": "leftHorn2",
					"parent": "head",
					"pivot": [5, 23.85207, -14.48827],
					"rotation": [8, 29, 0],
					"cubes": [
						{"origin": [4, 22.85207, -14.48827], "size": [1, 1, 7], "uv": [5, 151]},
						{"origin": [4, 22.85207, -8.48827], "size": [1, 1, 7], "pivot": [4.5, 23.35207, -7.98827], "rotation": [0, -45, 0], "uv": [2, 136]}
					]
				},
				{
					"name": "rightHorn2",
					"parent": "head",
					"pivot": [-5, 22.85207, -14.48827],
					"rotation": [8, -29, 0],
					"cubes": [
						{"origin": [-5, 22.85207, -8.48827], "size": [1, 1, 7], "pivot": [-4.5, 23.35207, -7.98827], "rotation": [0, 45, 0], "uv": [2, 136], "mirror": true},
						{"origin": [-5, 22.85207, -14.48827], "size": [1, 1, 7], "uv": [5, 151], "mirror": true}
					]
				},
				{
					"name": "leftHorn1",
					"parent": "head",
					"pivot": [1, 25.10207, -14.48827],
					"rotation": [11, 5, 0]
				},
				{
					"name": "rightHorn1",
					"parent": "head",
					"pivot": [-1, 25.10207, -14.48827],
					"rotation": [11, -5, 0]
				},
				{
					"name": "HeadMuzzle",
					"parent": "head",
					"pivot": [0, 20.07707, -23.51327],
					"cubes": [
						{"origin": [-1.5, 20.07707, -26.51327], "size": [3, 5, 4], "uv": [58, 36]}
					]
				},
				{
					"name": "Nose1",
					"parent": "HeadMuzzle",
					"pivot": [0.5, 20.07707, -27.51327],
					"cubes": [
						{"origin": [-1.5, 19.65207, -28.56327], "size": [3, 2, 3], "pivot": [0.5, 21.65207, -28.56327], "rotation": [7.5, 0, 0], "uv": [33, 30]}
					]
				},
				{
					"name": "Nose2",
					"parent": "HeadMuzzle",
					"pivot": [0.5, 23.07707, -28.51327],
					"cubes": [
						{"origin": [-1.5, 21.07707, -26.51327], "size": [3, 4, 2], "inflate": -0.01, "pivot": [0.5, 25.07707, -26.51327], "rotation": [-31.25, 0, 0], "uv": [72, 36]}
					]
				},
				{
					"name": "leftEyeC",
					"parent": "head",
					"pivot": [5, 20.07707, -22.98827],
					"rotation": [0, 45, 0],
					"cubes": [
						{"origin": [2, 20.05207, -27.98827], "size": [3, 5, 5], "uv": [41, 31]}
					]
				},
				{
					"name": "leftEye",
					"parent": "leftEyeC",
					"pivot": [4.75, 22.82707, -26.23827],
					"cubes": [
						{"origin": [3.75, 21.37707, -28.23827], "size": [2, 3, 4], "inflate": -0.45, "uv": [84, 26]}
					]
				},
				{
					"name": "leftPupil",
					"parent": "leftEye",
					"pivot": [5.5, 22.75, -26.5],
					"cubes": [
						{"origin": [5.325, 20.4, -27.5], "size": [0, 5, 2], "uv": [89, 149]}
					]
				},
				{
					"name": "leftUpperEyelid",
					"parent": "leftEye",
					"pivot": [4.3, 23.92707, -26.23827],
					"cubes": [
						{"origin": [3.3, 21.92707, -27.73827], "size": [1, 2, 3], "uv": [178, 56], "mirror": true}
					]
				},
				{
					"name": "leftLowerEyelid",
					"parent": "leftEye",
					"pivot": [4.3, 21.92707, -26.23827],
					"cubes": [
						{"origin": [3.3, 21.92707, -27.73827], "size": [1, 2, 3], "uv": [178, 56], "mirror": true}
					]
				},
				{
					"name": "rightEyeC",
					"parent": "head",
					"pivot": [-5, 20.07707, -22.98827],
					"rotation": [0, -45, 0],
					"cubes": [
						{"origin": [-5, 20.05207, -27.98827], "size": [3, 5, 5], "uv": [41, 31], "mirror": true}
					]
				},
				{
					"name": "rightEye",
					"parent": "rightEyeC",
					"pivot": [-4.75, 22.82707, -26.23827],
					"cubes": [
						{"origin": [-5.75, 21.37707, -28.23827], "size": [2, 3, 4], "inflate": -0.45, "uv": [84, 26], "mirror": true}
					]
				},
				{
					"name": "rightPupil",
					"parent": "rightEye",
					"pivot": [-5.5, 22.75, -26.5],
					"cubes": [
						{"origin": [-5.3, 20.4, -27.5], "size": [0, 5, 2], "uv": [89, 149], "mirror": true}
					]
				},
				{
					"name": "rightUpperEyelid",
					"parent": "rightEye",
					"pivot": [-4.3, 23.92707, -26.23827],
					"cubes": [
						{"origin": [-4.3, 21.92707, -27.73827], "size": [1, 2, 3], "uv": [178, 56]}
					]
				},
				{
					"name": "rightLowerEyelid",
					"parent": "rightEye",
					"pivot": [-4.3, 21.92707, -26.23827],
					"cubes": [
						{"origin": [-4.3, 21.92707, -27.73827], "size": [1, 2, 3], "uv": [178, 56]}
					]
				},
				{
					"name": "Jaw",
					"parent": "head",
					"pivot": [0, 20.10207, -17.98827],
					"cubes": [
						{"origin": [-2.05, 19.10207, -22.98827], "size": [7, 1, 7], "pivot": [4.95, 19.10207, -22.98827], "rotation": [0, -45, 0], "uv": [130, 17]},
						{"origin": [-0.18604, 19.75207, -27.69538], "size": [7, 1, 7], "pivot": [-0.05, 20.80207, -27.48827], "rotation": [-7.05323, -44.78238, 4.98107], "uv": [128, 30]},
						{"origin": [-5, 19.10207, -22.98827], "size": [10, 1, 8], "inflate": -0.01, "uv": [100, 30]},
						{"origin": [-5, 20.10207, -21.98827], "size": [10, 4, 6], "inflate": -0.01, "uv": [52, 26]},
						{"origin": [-0.5, 17.75, -27.5], "size": [1, 3, 1], "pivot": [0.5, 18.5, -26.5], "rotation": [-125, 0, 0], "uv": [5, 121]},
						{"origin": [-1.5, 18.25, -28], "size": [1, 3, 1], "pivot": [0.5, 18.5, -26.5], "rotation": [-112.5, 0, 0], "uv": [5, 121]},
						{"origin": [0.5, 18.25, -28], "size": [1, 3, 1], "pivot": [-0.5, 18.5, -26.5], "rotation": [-112.5, 0, 0], "uv": [5, 121], "mirror": true}
					]
				},
				{
					"name": "leftEar",
					"parent": "head",
					"pivot": [3.55, 27.10207, -14.98827],
					"rotation": [12, 35, 0],
					"cubes": [
						{"origin": [4, 24.85207, -16.48827], "size": [1, 1, 11], "uv": [15, 137]},
						{"origin": [4, 24.85207, -5.48827], "size": [1, 1, 11], "pivot": [4.5, 25.35207, -4.98827], "rotation": [0, -70, 0], "uv": [16, 152]}
					]
				},
				{
					"name": "rightEar",
					"parent": "head",
					"pivot": [-3.55, 27.10207, -14.98827],
					"rotation": [12, -35, 0],
					"cubes": [
						{"origin": [-5, 24.85207, -16.48827], "size": [1, 1, 11], "uv": [15, 137], "mirror": true},
						{"origin": [-5, 24.85207, -5.48827], "size": [1, 1, 11], "pivot": [-4.5, 25.35207, -4.98827], "rotation": [0, 70, 0], "uv": [16, 152], "mirror": true}
					]
				}
			]
		}
	]
}